ID,부모ID,작성일자,작성시각,작성자ID,닉네임,제목,내용,조회수
1,0,2023-02-28,17:53:23,callor@callor.com,내멋으로,"김정헌, 예술","김정헌, 예술가가 사는 마을을 가다 검둥소",0
2,0,2023-05-23,12:07:53,callor@callor.com,내멋으로,내게 금지된 ,내게 금지된 공간 내가 소망한 공간 궁리,0
3,0,2023-04-28,10:33:12,callor@callor.com,내멋으로,천재 이야기꾼,천재 이야기꾼 로알드 달 다산기획,0
4,0,2023-05-24,17:45:32,callor@callor.com,내멋으로,내 삶에 들어,내 삶에 들어온 권정생 - 동화로 만나는 삶 속의 인문학 단비,0
5,0,2023-11-03,9:30:03,callor@callor.com,내멋으로,도서관 산책자,"도서관 산책자 - 두 책벌레 건축가가 함께 걷고 기록한, 책의 집 이야기 반비",0
6,2,2023-07-24,15:56:53,callor@callor.com,내멋으로,제가 살고 싶,"제가 살고 싶은 집은 - 건축가 이일훈과 국어선생 송승훈이 e메일로 지은 집, 잔서완석루 서해문집",0
7,3,2023-02-18,10:34:21,callor@callor.com,내멋으로,살아있는 도서,살아있는 도서관 - 책과 공부를 탐한 한국의 지성 23인 현암사,0
8,3,2023-06-29,17:35:24,callor@callor.com,내멋으로,도시엄마를 위,도시엄마를 위한 시골교육법 글담,0
9,3,2023-05-21,12:03:43,callor@callor.com,내멋으로,한 영혼이 자,한 영혼이 자라면 온 세계가 성장한다 낮은산,0
10,4,2023-11-19,12:17:18,callor@callor.com,내멋으로,니 부모 얼굴,니 부모 얼굴이 보고 싶다 다른,0
11,5,2023-08-24,10:43:42,callor@callor.com,내멋으로,우리교육 10,우리교육 100문 100답 다산북스,0
12,5,2023-03-30,15:09:51,callor@callor.com,내멋으로,나는 대한민국,나는 대한민국의 행복한 교사다 도토리창고,0
13,5,2017-12-30,9:53:14,callor@callor.com,내멋으로,부모가 비우면,부모가 비우면 아이는 채워진다 - 굴절된 세상에서 아이를 바르게 키우는 연습 뜨인돌,0
14,6,2023-02-28,9:52:02,callor@callor.com,내멋으로,맘에드림 혁,[맘에드림 혁신학교 이야기 4]덕양중학교 혁신학교 도전기 맘에드림,0
15,6,2023-08-29,10:18:57,callor@callor.com,내멋으로,맘에드림 혁,[맘에드림 혁신학교 이야기 5]학교 바꾸기 그후 12년 맘에드림,0
16,6,2023-06-07,14:43:37,callor@callor.com,내멋으로,EBS가 선택,EBS가 선택한 최고의 교사 문학동네,0
17,7,2023-09-07,17:14:58,callor@callor.com,내멋으로,교사를 춤추게,교사를 춤추게 하라 민들레,0
18,9,2023-05-09,11:46:07,callor@callor.com,내멋으로,바깥바람 6,[바깥바람 6]뭐가 되려고 그러니? 바람의아이들,0
19,11,2023-08-24,11:16:54,callor@callor.com,내멋으로,살아 있는 ,[살아 있는 교육 30]엄마 아빠랑 함께 쓴 일기 - 주순영 선생님 반 학부모 모둠일기 보리,0
20,11,2023-05-24,14:07:19,callor@callor.com,내멋으로,살림터 참교,[살림터 참교육문예 3]아이들에게 세상을 배웠네 살림터,0
21,12,2023-06-19,12:24:47,callor@callor.com,내멋으로,살림터 참교,"[살림터 참교육문예 4]서울여자, 시골 선생님 되다 살림터",0
22,13,2023-03-08,14:34:13,callor@callor.com,내멋으로,평화샘 프로,[평화샘 프로젝트 1]학교폭력 어떻게 만들어 지는가? 살림터,0
23,13,2023-03-22,15:54:25,callor@callor.com,내멋으로,평화샘 프로,[평화샘 프로젝트 2]학교폭력 멈춰! - 보살핌.우정.배움의 공동체 살림터,0
24,13,2023-09-29,10:43:01,callor@callor.com,내멋으로,아이들은 놀이,아이들은 놀이가 밥이다 소나무,0
25,14,2023-10-04,12:33:10,callor@callor.com,내멋으로,가르친다는 것,가르친다는 것 - 교실을 살리기 위해 애쓰는 모든 교사들에게 양철북,0
26,14,2023-01-19,16:20:49,callor@callor.com,내멋으로,어른들은 잘 ,어른들은 잘 모르는 아이들의 숨겨진 삶 - 당신 아이를 움직이는 또래 집단의 힘 양철북,0
27,14,2023-01-26,17:54:39,callor@callor.com,내멋으로,우리반 일용이,우리반 일용이 양철북,0
28,14,2023-12-09,16:13:13,callor@callor.com,내멋으로,나쁜 대학 -,나쁜 대학 - 우리 아들 대학 보내기 사생결단 프로젝트 윌북,0
29,16,2023-12-23,9:18:21,callor@callor.com,내멋으로,교육의 배신 ,교육의 배신 내몰리는 아이들 - 현장에서 쓴 교육개혁 블루프린트 지호,0
30,16,2023-08-08,13:31:09,callor@callor.com,내멋으로,아름다운 나눔,아름다운 나눔수업 - 자아존중감과 소통의 리더십을 키워주는 나눔교육 이야기 착한책가게,0
31,16,2023-06-24,14:22:08,callor@callor.com,내멋으로,초등 역사 수,초등 역사 수업의 길잡이 책과함께,0
32,16,2023-08-29,17:35:02,callor@callor.com,내멋으로,대한민국 초등,대한민국 초등학생 - 행복하게 사는 법을 배우지 못한 아이들 청어람미디어,0
33,17,2023-06-24,13:38:59,callor@callor.com,내멋으로,아하! 통합학,아하! 통합학급 - 모든 이를 위한 통합교육의 실제 학지사,0
34,17,2023-06-24,17:38:34,callor@callor.com,내멋으로,"푸른 눈, 갈","푸른 눈, 갈색 눈 - 세상을 놀라게 한 차별수업 이야기 한겨레출판",0
35,17,2023-09-14,17:36:52,callor@callor.com,내멋으로,선생이란 무엇,선생이란 무엇인가 - 루소.퇴계.공자.융에게 교육의 길을 묻다 한언 ,0
36,17,2023-08-24,10:19:42,callor@callor.com,내멋으로,배움의 공동체,배움의 공동체 - 손우정 교수가 전하는 희망의 교실 혁명 해냄,0
37,18,2023-01-23,11:14:23,callor@callor.com,내멋으로,너는 늦게 피,너는 늦게 피는 꽃이다 - 우리 교육의 마지막 비상구 '돈보스코 예방교육' 휴,0
38,18,2023-05-19,16:01:00,callor@callor.com,내멋으로,글쓰기 교육 ,글쓰기 교육 이론과 방법 : 이오덕 글쓰기 교육  고인돌,0
39,19,2023-07-19,11:15:43,callor@callor.com,내멋으로,초등 독서의 ,초등 독서의 모든 것 꿈결,0
40,19,2023-10-21,17:49:56,callor@callor.com,내멋으로,문지푸른책 ,[문지푸른책 밝은눈 8]허병두의 즐거운 글쓰기 교실 3 : 나만의 책쓰기 문학과지성사,0
41,19,2023-10-28,16:52:15,callor@callor.com,내멋으로,문지푸른책 ,[문지푸른책 밝은눈 9]책쓰기 꿈꾸다 문학과지성사,0
42,19,2023-07-08,15:57:00,callor@callor.com,내멋으로,리딩 프라미스,리딩 프라미스 - 아빠와 함께 한 3218일간의 독서 마라톤 문학동네,0
43,20,2023-05-27,13:56:16,callor@callor.com,내멋으로,과학이 열리는,과학이 열리는 책읽기 우리교육,0
44,22,2023-08-19,13:16:25,callor@callor.com,내멋으로,북미 도서관에,북미 도서관에 끌리다 - 선생님들의 이유 있는 도서관 여행 우리교육,0
45,22,2023-04-14,16:56:24,callor@callor.com,내멋으로,북미 학교도서,북미 학교도서관을 가다 - 선생님들의 이유 있는 도서관 여행 우리교육,0
46,23,2023-09-14,12:09:05,callor@callor.com,내멋으로,아이의 미래,(아이의 미래를 바꾸는)슬로리딩 조선북스,0
47,23,2023-01-24,14:10:09,callor@callor.com,내멋으로,엄마표 도서관,엄마표 도서관여행 - 하루 동안의 행복! 도서관에서 꿈꾸는 아이 주니어김영사,0
48,23,2023-10-24,15:11:49,callor@callor.com,내멋으로,매일매일 일어,매일매일 일어나는 독서의 기적 - 어린이 독서교육 혁명 The Daily 5 파라주니어,0
49,24,2023-11-10,13:04:48,callor@callor.com,내멋으로,책으로 노는 ,책으로 노는 집 - 책으로 대화하고 소통하는 독서가족 탐방기 푸른지식,0
50,24,2023-03-04,14:33:44,callor@callor.com,내멋으로,마음으로 떠나,마음으로 떠나는 그림책 여행 학지사,0
51,24,2023-03-04,11:22:48,callor@callor.com,내멋으로,선생님과 함께,선생님과 함께하는 우리 반 독서치료 학지사,0
52,25,2023-07-04,15:52:02,callor@callor.com,내멋으로,앎과삶 시리,[앎과삶 시리즈 4]17세 : 누구나 겪지만 아무도 모르는 나이 한국출판마케팅연구소,0
53,25,2023-04-08,12:13:51,callor@callor.com,내멋으로,토론의 전사 ,토론의 전사 1. 디베이트의 길을 열다 해냄에듀,0
54,26,2023-04-08,17:53:28,callor@callor.com,내멋으로,토론의 전사 ,토론의 전사 2. 디베이트의 방법을 찾다 해냄에듀,0
55,27,2023-01-18,14:06:52,callor@callor.com,내멋으로,아침독서 총,[아침독서 총서 3]교실을 바꾼 아침독서 10분 행복한아침독서,0
56,27,2023-02-24,17:25:26,callor@callor.com,내멋으로,아침독서 총,[아침독서 총서 5]아침독서 핸드북 - 미국 사례로 본 8가지 성공 요소 행복한아침독서,0
57,28,2023-10-09,13:53:21,callor@callor.com,내멋으로,희망을 만드,[희망을 만드는 법 6]마르타와 사라진 물 고래이야기,0
58,28,2023-10-29,10:34:21,callor@callor.com,내멋으로,세계로 떠나,[세계로 떠나는 체험 학습 2]화산원정대 - 어린이 원정대의 이탈리아 화산 특별 체험기 과학동아북스,0
59,28,2023-02-18,15:05:43,callor@callor.com,내멋으로,사랑하면 보이,사랑하면 보이는 나무 - 아버지와 아들이 함께 쓰고 그린 나무 관찰 기록 52편 궁리,0
60,29,2023-02-23,14:40:20,callor@callor.com,내멋으로,수냐의 수학카,"수냐의 수학카페 2 - 계산 낙오자 3인방, 수학카페를 점령하다 궁리",0
61,29,2023-08-09,15:18:58,callor@callor.com,내멋으로,1013 생,[1013 생각하는 지식 1]우주날씨를 말씀드리겠습니다 - 우주 과학자가 들려주는 우주 환경 이야기 꼬마이실,0
62,31,2023-11-14,15:55:18,callor@callor.com,내멋으로,현장에서 배,[현장에서 배우는 어린이 건축 교실 1]우리 집을 지어요 꿈교출판사,0
63,32,2023-06-20,12:12:58,callor@callor.com,내멋으로,지구가 멈추는,지구가 멈추는 날 - 지구를 위협하는 재해와 대처 방법 꿈꾸는사람들,0
64,32,2023-05-05,16:56:10,callor@callor.com,내멋으로,"암탉, 엄마가","암탉, 엄마가 되다 - 개성 강한 닭들의 좌충우돌 생태 다큐멘터리 낮은산",0
65,33,2023-08-29,16:53:12,callor@callor.com,내멋으로,"종의 기원, ","종의 기원, 모든 생명의 자유를 선언하다 너머학교",0
66,33,2023-03-29,9:41:13,callor@callor.com,내멋으로,노란돼지 창,"[노란돼지 창작그림책 15 환경이야기(물)]맑은 하늘, 이제 그만 노란돼지",0
67,33,2023-01-19,17:12:25,callor@callor.com,내멋으로,노란상상 그,[노란상상 그림책 10]나무는 숲을 기억해요 노란상상,0
68,33,2023-03-14,14:59:28,callor@callor.com,내멋으로,지식은 내 ,[지식은 내 친구 2]신기한 동물에게 배우는 생태계 논장,0
69,33,2023-04-14,17:12:21,callor@callor.com,내멋으로,지식은 내 ,[지식은 내 친구 3]뼈-뼈의 생김새와 하는 일 논장,0
70,33,2023-11-14,17:32:29,callor@callor.com,내멋으로,지식은 내 ,"[지식은 내 친구 4]놀라운 생태계, 거꾸로 살아가는 동물들 논장",0
71,34,2023-06-24,9:48:22,callor@callor.com,내멋으로,세계사 가로,[세계사 가로지르기 5]세상을 바꾼 동물 - 동물은 기록하지 못하는 동물들의 세계사 다른,0
72,34,2023-08-15,10:59:22,callor@callor.com,내멋으로,다산지식그림,[다산지식그림책 2]나의 첫 식물책 다산기획,0
73,34,2023-03-30,13:10:53,callor@callor.com,내멋으로,자연의 친구,[자연의 친구들 1]우리 마을 자연의 친구들 다산기획,0
74,34,2023-07-12,13:48:12,callor@callor.com,내멋으로,자연의 친구,[자연의 친구들 2]참나무와 자연의 친구들 다산기획,0
75,34,2023-05-31,10:55:22,callor@callor.com,내멋으로,생명의 지혜 ,생명의 지혜 - 옛이야기가 품은 열두 가지 자연법칙 다산기획,0
76,35,2023-01-19,9:25:31,callor@callor.com,내멋으로,"십대, 별과 ","십대, 별과 우주를 사색해야 하는 이유 더숲",0
77,35,2023-10-31,17:47:48,callor@callor.com,내멋으로,누나는 수다쟁,누나는 수다쟁이 수학자 : 수와 도형 - 개미 도형 왕국의 비밀을 풀어라 뜨인돌어린이,0
78,35,2023-04-01,17:58:05,callor@callor.com,내멋으로,생활에서 발견,생활에서 발견한 재미 있는 수학 55 뜨인돌어린이,0
79,35,2023-04-04,12:42:08,callor@callor.com,내멋으로,출동 지구 ,[출동 지구 구조대 3](장순근 박사가 들려주는)바다 쓰레기의 비밀 리젬,0
80,37,2023-12-19,16:40:20,callor@callor.com,내멋으로,출동 지구 ,[출동 지구 구조대 5]자연의 색이 품은 비밀 리젬,0
81,37,2023-09-19,16:21:50,callor@callor.com,내멋으로,수학식당 1,수학식당 1 명왕성은자유다,0
82,37,2023-02-07,15:17:16,callor@callor.com,내멋으로,전통문화즐기,[전통문화즐기기 12](해·달·별 하늘의 무늬를 읽은) 우리 천문학 이야기 문학동네,0
83,38,2017-11-25,14:22:47,callor@callor.com,내멋으로,재미있고 똑,(재미있고 똑똑한 세상을 만드는)미래 아이디어 80 미래의창,0
84,38,2023-07-26,11:10:28,callor@callor.com,내멋으로,황제처럼 - ,황제처럼 - 남극에 사는 황제펭귄이 우리에게 가르쳐준 것 미래의창,0
85,38,2023-08-19,17:11:46,callor@callor.com,내멋으로,MBC 창사,(MBC 창사 50주년 특집 다큐멘터리 남극의 눈물)황제펭귄 펭이와 솜이 밝은미래,0
86,38,2023-05-09,11:34:50,callor@callor.com,내멋으로,밝은미래 지,[밝은미래 지식 그림책 11]보인다! 우리 몸 - 요리조리 들춰 보는 인체 플랩 그림책 밝은미래,0
87,39,2023-06-10,12:21:34,callor@callor.com,내멋으로,개똥이네 책,[개똥이네 책방 13]호미 아줌마랑 텃밭에 가요 - 우리가 즐겨 먹는 스물두 가지 작물의 한살이 보리,0
88,39,2023-02-08,17:37:03,callor@callor.com,내멋으로,세밀화로 그,[세밀화로 그린 우리 바닷물고기2]둥실둥실 동해바다 물고기 보리,0
89,40,2023-02-08,16:13:10,callor@callor.com,내멋으로,세밀화로 그,[세밀화로 그린 우리 바닷물고기3]남실남실 남해바다 물고기 보리,0
90,40,2023-02-08,16:26:46,callor@callor.com,내멋으로,세밀화로 그,[세밀화로 그린 우리 바닷물고기4]잘방잘방 제주바다 물고기 보리,0
91,41,2023-02-08,10:58:15,callor@callor.com,내멋으로,세밀화로 그,[세밀화로 그린 우리 바닷물고기5]팔딱팔딱 바닷물고기 이야기 보리,0
92,43,2023-08-01,10:16:08,callor@callor.com,내멋으로,우리 새 생,[우리 새 생태 동화 3]백로 마을이 사라졌어 - DVD 1장 보리,0
93,43,2023-05-13,17:43:33,callor@callor.com,내멋으로,킁킁이가 간다,킁킁이가 간다! 2 - 고기를 좋아하는 동물 보리,0
94,43,2023-12-29,10:24:07,callor@callor.com,내멋으로,봄나무 과학,[봄나무 과학교실 20]속담속에 숨은 수학 - 단위와 측정 봄나무,0
95,43,2023-04-19,14:05:14,callor@callor.com,내멋으로,나의 아름다운,나의 아름다운 바다 - 바다의 비밀을 밝힌 여성 해양학자 실비아 얼 이야기 봄나무,0
96,44,2023-03-05,9:03:38,callor@callor.com,내멋으로,북극곰The,북극곰(The World of the Polar Bear ) 북극곰,0
97,44,2023-06-19,14:08:33,callor@callor.com,내멋으로,수학선생님도 ,수학선생님도 궁금한 101가지 수학질문 사전 북멘토,0
98,44,2017-12-22,12:27:22,callor@callor.com,내멋으로,강력추천 세,[강력추천 세계 교양 지도 5]세상에서 가장 재미있는 남극지도 북스토리,0
99,44,2023-10-07,17:06:41,callor@callor.com,내멋으로,물들숲 그림,[물들숲 그림책 2]호박이 넝쿨째 비룡소,0
100,44,2023-08-10,16:08:18,callor@callor.com,내멋으로,사이언스 일,[사이언스 일공일삼 28]오줌을 연구하자 비룡소,0
101,45,2023-03-16,17:04:38,callor@callor.com,내멋으로,하리하라의 과,하리하라의 과학 24시 - 청소년이 알아야 할 현대 과학의 24가지 이슈 비룡소,0
102,45,2023-09-02,9:00:59,callor@callor.com,내멋으로,우리 역사 속,우리 역사 속 수학이야기 - 흥미로운 조상들의 수학을 찾아서 사람의무늬,0
103,45,2017-12-18,14:18:18,callor@callor.com,내멋으로,나는 알아요,[나는 알아요 2 즐거운 과학]별과 행성 사파리,0
104,47,2017-12-18,13:55:06,callor@callor.com,내멋으로,나는 알아요,[나는 알아요 3 즐거운 과학]남극과 북극 사파리,0
105,47,2023-01-11,10:25:10,callor@callor.com,내멋으로,날씨 전쟁 -,날씨 전쟁 - 기후변화로 고통 받는 지구 이야기 사파리,0
106,48,2023-03-24,17:51:16,callor@callor.com,내멋으로,우주를 누벼라,우주를 누벼라 사파리,0
107,48,2023-03-31,16:28:55,callor@callor.com,내멋으로,자연과 함께,[자연과 함께 하는 살림 생태 학습 4]우리 교실에 벼가 자라요  살림어린이,0
108,48,2023-08-23,15:31:26,callor@callor.com,내멋으로,예술을 꿀꺽 ,예술을 꿀꺽 삼킨 과학 살림Friends,0
109,48,2023-12-24,10:15:54,callor@callor.com,내멋으로,우리들은 갈릴,"우리들은 갈릴레오 - 과학 4총사, 실험실에서 갈릴레오의 두뇌를 훔치다 서해문집",0
110,49,2023-03-07,15:35:03,callor@callor.com,내멋으로,어린이를 위,[어린이를 위한 사진 동화 시리즈]강가에 사는 고라니 소년한길,0
111,49,2023-09-11,11:06:20,callor@callor.com,내멋으로,페렐만의 살아,페렐만의 살아있는 물리학 - 역학 써네스트,0
112,51,2023-06-08,9:28:37,callor@callor.com,내멋으로,아이세움 열,[아이세움 열린꿈터 11]우리학교 환경 지킴이 - 지구를 지키는 생활 실천 동화 아이세움,0
113,52,2023-06-24,11:00:08,callor@callor.com,내멋으로,아이세움 열,[아이세움 열린꿈터 12]우리와 함께 살아가는 작은 생물 이야기 아이세움,0
114,52,2023-07-04,16:28:52,callor@callor.com,내멋으로,아이세움 지,[아이세움 지식그림책 32](달콤달콤 무시무시)설탕을 조심해 아이세움,0
115,52,2023-01-28,12:24:32,callor@callor.com,내멋으로,환경을 지키는,환경을 지키는 영웅들 - 지구를 지킨 사람들의 이야기 아이앤북,0
116,53,2023-03-19,9:23:20,callor@callor.com,내멋으로,알쏭달쏭 과학,알쏭달쏭 과학 아카데미 - 생활 속 마술같은 과학이야기 알라딘북스,0
117,53,2023-06-24,9:52:10,callor@callor.com,내멋으로,오늘의 지구를,오늘의 지구를 말씀드리겠습니다 - 과학으로 읽는 지구 설명서 양철북,0
118,53,2023-04-29,9:30:31,callor@callor.com,내멋으로,분홍공주의 베,분홍공주의 베란다 텃밭 어린이나무생각,0
119,54,2023-05-09,11:21:02,callor@callor.com,내멋으로,어린이가 꼭,[어린이가 꼭 알아야 할 경제.과학.환경 이야기 시리즈 16]물을 물로 볼 수 없는 세상 영교출판,0
120,55,2023-07-14,11:49:47,callor@callor.com,내멋으로,와이즈만 수,[와이즈만 수학동화 - 초등 1.2학년 대상]수학 도깨비 와이즈만북스,0
121,56,2023-05-01,12:08:54,callor@callor.com,내멋으로,녹색연합과 ,"[녹색연합과 함께하는 대한민국 깃대종 - 봄]점박이물범, 내년에도 꼭 만나! 웃는돌고래",0
122,56,2023-03-31,12:50:31,callor@callor.com,내멋으로,웃는돌고래 ,[웃는돌고래 그림책 1]나무 심으러 몽골에 간다고요? 웃는돌고래,0
123,56,2023-07-29,10:55:11,callor@callor.com,내멋으로,꽃섬 - 죽음,꽃섬 - 죽음을 이겨낸 생명의 땅 웅진주니어,0
124,57,2023-12-09,10:05:59,callor@callor.com,내멋으로,보통날의 물리,보통날의 물리학 - 일상이 즐거워지는 물리 이야기 이미디어그룹,0
125,59,2023-04-14,10:27:11,callor@callor.com,내멋으로,장수하늘소가,(장수하늘소가 펼치는 교양의 세계)도시 소년이 사랑한 우리 새 이야기 장수하늘소,0
126,59,2023-10-06,14:31:04,callor@callor.com,내멋으로,공책으로 원숭,공책으로 원숭이를 구하자 - 날마다 세상을 바꾸는 500가지 아이디어 주니어김영사,0
127,60,2017-12-09,13:15:09,callor@callor.com,내멋으로,미래를 꿈꾸,"[미래를 꿈꾸는 해양문고 18]자연속 야누스, 하구 - 강과 바다가 만나는 곳 지성사",0
128,60,2023-01-12,9:15:27,callor@callor.com,내멋으로,미래를 꿈꾸,[미래를 꿈꾸는 해양문고 20]바다 위 인공섬 시토피아 - 사람이 만드는 미래의 해양도시 지성사,0
129,60,2023-08-03,12:53:01,callor@callor.com,내멋으로,미래를 꿈꾸,"[미래를 꿈꾸는 해양문고 21]배는 어디에서 자나요? - 항구, 그리고 항구를 지키는 방파제 지성사",0
130,61,2023-10-17,14:58:14,callor@callor.com,내멋으로,니코의 양자 ,니코의 양자 세계 어드벤처 - 청소년을 위한 양자 물리학 이야기 찰리북,0
131,61,2023-03-14,16:42:20,callor@callor.com,내멋으로,태양계 여행 ,태양계 여행 안내서 - 찰리와 써니와 함께 떠나는 신나는 우주여행 찰리북,0
132,63,2023-03-14,13:27:33,callor@callor.com,내멋으로,왜 안 되나,[왜 안 되나요? 시리즈 6]왜 물이 사라지면 안 되나요? 참돌어린이,0
133,64,2023-03-24,11:02:52,callor@callor.com,내멋으로,왜 안 되나,[왜 안 되나요? 시리즈 7]왜 탄소발자국이 뚱뚱해지면 안 되나요? 참돌어린이,0
134,64,2023-08-05,12:16:41,callor@callor.com,내멋으로,과학과 친해,"[과학과 친해지는 책 11]대이동, 동물들의 위대한 도전 창비",0
135,64,2023-03-19,14:26:23,callor@callor.com,내멋으로,창비 호기심,[창비 호기심 그림책 3]째깍째깍 시간 박물관 - 신기하고 재미있는 시간과 시계 이야기 창비,0
136,64,2023-05-27,11:58:46,callor@callor.com,내멋으로,동물권리선언,[동물권리선언 시리즈 1]동물원 동물은 행복할까? - 전 세계 동물원을 1000번 이상 탐방한 슬픈 기록 책공장더불어,0
137,64,2023-10-24,14:09:49,callor@callor.com,내멋으로,곰곰어린이 ,"[곰곰어린이 18]지구야, 우리 말 좀 들어줘 책속물고기",0
138,65,2023-02-27,10:29:30,callor@callor.com,내멋으로,철수와영희 ,[철수와영희 그림책 4]겨울눈이 들려주는 학교 숲 이야기 - 겨울철 학교에서 만난 나무의 한살이와 생태 철수와영희,0
139,65,2023-10-09,14:28:19,callor@callor.com,내멋으로,철수와영희 ,[철수와영희 그림책 5]우리 학교 텃밭 - 초등학교에서 많이 심는 채소 9종과 곡식 3종 가꾸기 철수와영희,0
140,66,2023-04-14,9:31:57,callor@callor.com,내멋으로,쪽빛문고 1,[쪽빛문고 15]우리 학교 뜰에는 무엇이 살까? - 학교에서 살고 있는 풀.꽃.나무 이야기 청어람미디어,0
141,66,2023-04-08,10:18:07,callor@callor.com,내멋으로,쪽빛문고 1,[쪽빛문고 16]우주가 내게로 왔어요 - 난쟁이별 교수님이 들려주는 재미있고 놀라운 지구와 우주 이야기 청어람미디어,0
142,66,2023-10-11,11:10:18,callor@callor.com,내멋으로,"과학, 10월","과학, 10월의 하늘을 날다 - 청소년을 위한 아름다운 나눔 강연 청어람미디어",0
143,66,2023-06-27,13:13:09,callor@callor.com,내멋으로,공룡은 어떻게,공룡은 어떻게 박물관에 갔을까? 키즈엠,0
144,67,2017-11-15,17:52:01,callor@callor.com,내멋으로,내가 꿈꾸는,"[내가 꿈꾸는 사람 과학자 2]파인만, 과학을 웃겨 주세요 탐",0
145,67,2023-05-11,16:44:24,callor@callor.com,내멋으로,토토 생각날,[토토 생각날개 20]어린이를 위한 유쾌한 세계 건축 여행 - 역사.문화.인물.과학 모든것이 담긴 대표 건축물 토토북,0
146,68,2023-09-23,14:02:16,callor@callor.com,내멋으로,공부는 왜 ,[공부는 왜 해? 4]엄마 과학 공부는 왜 해? 팜파스,0
147,68,2023-05-14,11:39:34,callor@callor.com,내멋으로,보건 선생님,(보건 선생님들의 상담 사례로 생각하는)초딩들의 사춘기 푸른날개,0
148,68,2023-11-29,15:26:40,callor@callor.com,내멋으로,앵그리버드 스,앵그리버드 스페이스 - 앵그리버드와 함께 떠나는 우주여행 푸른날개,0
149,68,2023-10-19,14:17:57,callor@callor.com,내멋으로,역지사지 생,[역지사지 생생 토론 대회 2]환경 논쟁 풀빛,0
150,68,2023-08-19,13:37:09,callor@callor.com,내멋으로,학고재 환경,[학고재 환경책 초록이 3 세계의 멸종 위기 동물]명품 가방 속으로 악어들이 사라졌어요 학고재,0
151,69,2023-03-16,16:43:56,callor@callor.com,내멋으로,내가 키운 채,내가 키운 채소는 맛있어! - 재활용품으로 만든 우리 집 텃밭 한림출판사,0
152,69,2023-02-25,17:52:25,callor@callor.com,내멋으로,피지카 시리,[피지카 시리즈 1]피지카와 신비한 돌 해나무,0
153,69,2023-05-13,13:06:22,callor@callor.com,내멋으로,나무 중의 ,(나무 중의 으뜸)늘 푸른 우리 소나무 해와나무,0
154,69,2023-07-15,9:17:54,callor@callor.com,내멋으로,과학 시간이,[과학 시간이 즐거워요 1]과학왕 실종 사건 - 과학 교과서 따라잡는 추리동화 행성:B아이들,0
155,70,2023-05-29,16:50:37,callor@callor.com,내멋으로,위풍당당 우리,위풍당당 우리 삽사리  현암사,0
156,70,2023-01-28,14:58:20,callor@callor.com,내멋으로,공룡과 나 -,공룡과 나 - 흥미롭고 놀라운 비교 효리원,0
157,70,2023-09-19,11:43:20,callor@callor.com,내멋으로,처음 읽는 우,"처음 읽는 우주의 역사 - 별똥별 아줌마, 최초의 우주를 만나다 휴머니스트",0
158,70,2023-03-14,9:23:14,callor@callor.com,내멋으로,개암청소년문,[개암청소년문학 14]내 인생의 양탄자 개암나무,0
159,71,2023-06-24,14:58:33,callor@callor.com,내멋으로,개암청소년문,[개암청소년문학 15]고흐와 함께한 마지막 여름 개암나무,0
160,71,2023-05-09,13:45:19,callor@callor.com,내멋으로,문학의 즐거,[문학의 즐거움 37]우물 파는 아이들 개암나무,0
161,72,2023-07-29,16:58:53,callor@callor.com,내멋으로,문학의 즐거,[문학의 즐거움 38]뚱보의 겁쟁이 탈출기 개암나무,0
162,72,2023-10-19,11:24:21,callor@callor.com,내멋으로,문학의 즐거,[문학의 즐거움 39]우리들의 교실 개암나무,0
163,72,2023-04-08,11:08:04,callor@callor.com,내멋으로,읽기의 즐거,[읽기의 즐거움 7]내 동생은 렌탈 로봇 개암나무,0
164,72,2023-09-19,13:13:37,callor@callor.com,내멋으로,지그재그 2,[지그재그 24]미술관에서 생긴 일 개암나무,0
165,72,2023-04-04,15:43:49,callor@callor.com,내멋으로,오렌지 말,오렌지 말 계수나무,0
166,72,2023-03-19,16:30:52,callor@callor.com,내멋으로,모두가 친구,[모두가 친구 20]곰이 된 아빠와 스트레스 선생 고래이야기,0
167,73,2023-12-09,16:13:41,callor@callor.com,내멋으로,살아있는 글,[살아있는 글읽기 - 김우경 판타지 동화]검정소금 붉은도깨비 세트 - 전3권 고인돌,0
168,73,2023-05-09,10:54:24,callor@callor.com,내멋으로,살아있는 글,[살아있는 글읽기 5 이호철 사계절 동화 : 봄]온산에 참꽃이다 고인돌,0
169,73,2023-07-04,9:46:06,callor@callor.com,내멋으로,살아있는 글,[살아있는 글읽기 6](윤태규 창작동화)초대받은 마술사 고인돌,0
170,74,2023-09-24,16:26:04,callor@callor.com,내멋으로,살아있는 글,[살아있는 글읽기 8]삐삐야 미안해 고인돌,0
171,75,2023-02-02,15:36:12,callor@callor.com,내멋으로,작은걸음 큰,[작은걸음 큰걸음 14]아빠는 나의 영웅 교학사,0
172,75,2023-10-19,10:58:50,callor@callor.com,내멋으로,작은걸음 큰,[작은걸음 큰걸음 16]오두방정 콩새의 작두콩 대작전 교학사,0
173,75,2023-10-14,9:24:43,callor@callor.com,내멋으로,국민서관 그,[국민서관 그림동화 141]행복한 책 국민서관,0
174,76,2023-01-24,12:32:00,callor@callor.com,내멋으로,내친구 작은,[내친구 작은거인 35]떴다! 꼼지락 공주네 반 아이들 국민서관,0
175,76,2023-05-20,10:55:22,callor@callor.com,내멋으로,1318그림,[1318그림책 1]별소년 쌍식이 글로연,0
176,77,2023-07-12,16:33:18,callor@callor.com,내멋으로,나무 친구 이,나무 친구 이야기 길벗어린이,0
177,77,2023-10-24,14:53:36,callor@callor.com,내멋으로,휠체어를 탄 ,휠체어를 탄 사서 길벗어린이,0
178,78,2023-08-08,14:03:07,callor@callor.com,내멋으로,아이 어른 ,[아이 어른 함께읽는 가족동화 1]쌍둥이와 호빵씨 꿈꾸는날개,0
179,79,2023-10-29,11:17:40,callor@callor.com,내멋으로,꿈터 어린이,[꿈터 어린이 11]이상한 마을 1 : 사팔뜨기 선장의 저주 꿈터,0
180,79,2023-10-29,12:13:22,callor@callor.com,내멋으로,꿈터 어린이,[꿈터 어린이 12]이상한 마을 2 : 팁 아저씨의 보물집 꿈터,0
181,79,2023-12-09,10:23:56,callor@callor.com,내멋으로,지식 지혜 ,[지식 지혜 시리즈 꿈터 그림책 15]카펫 소년의 선물 꿈터,0
182,80,2023-01-01,16:55:29,callor@callor.com,내멋으로,예술과 심리,[예술과 심리 동화 시리즈 1]말하는 소나무 나한기획,0
183,81,2023-01-10,14:49:05,callor@callor.com,내멋으로,예술과 심리,[예술과 심리 동화 시리즈 10]할머니의 강 나한기획,0
184,81,2017-12-23,11:28:15,callor@callor.com,내멋으로,낮은산 키큰,[낮은산 키큰나무 11]기타 보이 낮은산,0
185,82,2023-01-12,10:23:29,callor@callor.com,내멋으로,나는 책읽기가,나는 책읽기가 정말 싫어 낮은산,0
186,83,2023-04-01,12:36:42,callor@callor.com,내멋으로,우리는 학교에,우리는 학교에 가요 낮은산,0
187,83,2023-07-22,11:17:18,callor@callor.com,내멋으로,우리 집 정원,우리 집 정원에는 코끼리가 산다 내인생의책,0
188,83,2023-07-27,15:11:51,callor@callor.com,내멋으로,노란우산 읽,[노란우산 읽기책 1]꼬리 두 개 달린 인어이야기 노란우산,0
189,84,2023-10-21,15:48:27,callor@callor.com,내멋으로,동화는 내친,[동화는 내친구 70]파블로와 두 할아버지 논장,0
190,84,2017-12-04,10:49:34,callor@callor.com,내멋으로,놀 청소년문,[놀 청소년문학 11]우리 둘뿐이다 놀,0
191,84,2023-10-03,13:15:46,callor@callor.com,내멋으로,놀 청소년문,[놀 청소년문학 24]오월의 충치 놀,0
192,84,2023-05-30,11:44:52,callor@callor.com,내멋으로,첫 키스는 사,첫 키스는 사과 맛이야 1 - 사춘기를 위한 우리나라 대표 성장시 놀,0
193,85,2023-05-30,17:07:14,callor@callor.com,내멋으로,첫 키스는 사,첫 키스는 사과 맛이야 2 - 사춘기를 위한 아름다운 영미 성장시 놀,0
194,85,2023-11-25,16:36:55,callor@callor.com,내멋으로,불꽃놀이와 유,불꽃놀이와 유리구슬 느낌이있는책,0
195,85,2023-01-26,13:32:43,callor@callor.com,내멋으로,느림보 그림,[느림보 그림책 37]작은 상자 말 느림보,0
196,86,2023-02-25,11:10:36,callor@callor.com,내멋으로,느림보 그림,[느림보 그림책 38]찬다 삼촌 느림보,0
197,86,2023-07-09,16:36:10,callor@callor.com,내멋으로,오늘의 청소,"[오늘의 청소년 문학 2]뛰어, 뛰어! 다른",0
198,86,2023-06-20,14:12:44,callor@callor.com,내멋으로,상상도서관 ,[상상도서관 2]연두와 푸른결계 다림,0
199,86,2023-11-14,11:24:32,callor@callor.com,내멋으로,지구촌 아이들,지구촌 아이들 - 세상을 바꾸는 작은 이야기 담푸스,0
200,87,2023-03-14,10:05:43,callor@callor.com,내멋으로,꿈꾸는돌 3,[꿈꾸는돌 3]그해 봄은 더디게 왔다 돌베개,0
201,89,2023-11-14,17:19:10,callor@callor.com,내멋으로,꿈꾸는돌 6,[꿈꾸는돌 6]블루베리 잼을 만드는 계절 돌베개,0
202,89,2023-04-19,17:43:33,callor@callor.com,내멋으로,우리 고전 ,[우리 고전 100선 17]허균 선집 - 나는 나의 법을 따르겠다 돌베개,0
203,90,2023-01-06,11:01:03,callor@callor.com,내멋으로,나는 개다,나는 개다 동산사,0
204,90,2023-07-23,11:33:01,callor@callor.com,내멋으로,문 뒤에서,문 뒤에서 동산사,0
205,90,2023-10-29,15:21:37,callor@callor.com,내멋으로,"괜찮아, 괜","[괜찮아, 괜찮아 3]누구나 공주님 두레아이들",0
206,91,2023-03-14,13:38:07,callor@callor.com,내멋으로,잠재력 향상,[잠재력 향상 프로젝트 3]마리아의 새친구 드림피그,0
207,91,2023-03-23,13:27:58,callor@callor.com,내멋으로,VivaVi,[VivaVivo 15]메모리 보이 - 한 소년의 기억이 모험이 되었다 뜨인돌,0
208,92,2023-07-08,10:02:16,callor@callor.com,내멋으로,VivaVi,"[VivaVivo 16]모든 일의 발단은, 고양이 뜨인돌",0
209,92,2023-06-19,9:52:04,callor@callor.com,내멋으로,넝쿨동화 2,[넝쿨동화 2]명랑한 씨와 유쾌한 씨 뜨인돌어린이,0
210,92,2023-02-14,11:38:18,callor@callor.com,내멋으로,동시는 똑똑해,동시는 똑똑해 뜨인돌어린이,0
211,92,2023-08-19,9:02:00,callor@callor.com,내멋으로,사진아 시가 ,사진아 시가 되라 - 닭털주 샘과 아이들이 만들어가는 시(詩) 수업 이야기 리더스가이드,0
212,92,2023-10-28,14:47:23,callor@callor.com,내멋으로,꼬리가 보이,[꼬리가 보이는 그림책 7]양철곰 리젬,0
213,92,2017-12-24,16:05:28,callor@callor.com,내멋으로,리틀씨앤톡 ,[리틀씨앤톡 그림책 1]100개의 눈사람 리틀씨앤톡,0
214,93,2023-12-30,17:26:43,callor@callor.com,내멋으로,맹&앵 동화,[맹&앵 동화책 10]채소학교의 괴짜 친구들 맹앤앵,0
215,94,2017-12-08,16:18:26,callor@callor.com,내멋으로,문지 푸른 ,[문지 푸른 문학]십자매 기르기 문학과지성사,0
216,94,2023-04-07,14:01:33,callor@callor.com,내멋으로,문지 푸른 ,[문지 푸른 문학]우리들의 자취 공화국 문학과지성사,0
217,94,2023-05-24,17:42:56,callor@callor.com,내멋으로,문지아이들 ,[문지아이들 119]황금 깃털 문학과지성사,0
218,94,2023-09-29,10:05:35,callor@callor.com,내멋으로,문지아이들 ,[문지아이들 123]내일을 향해 깡통을 차라! 문학과지성사,0
219,94,2023-02-09,12:24:47,callor@callor.com,내멋으로,문지아이들,[문지아이들]맨홀장군 한새 1 문학과지성사,0
220,95,2023-02-09,17:13:41,callor@callor.com,내멋으로,문지아이들,[문지아이들]맨홀장군 한새 2 문학과지성사,0
221,95,2023-05-30,13:20:40,callor@callor.com,내멋으로,문학동네 동,[문학동네 동시집 22]나만 알래 문학동네,0
222,96,2023-01-10,11:56:29,callor@callor.com,내멋으로,문학동네청소,[문학동네청소년 12]검은개들의 왕 문학동네,0
223,96,2017-12-06,15:51:53,callor@callor.com,내멋으로,마이볼,마이볼 문학동네,0
224,97,2023-10-04,9:14:57,callor@callor.com,내멋으로,청소년걸작선,[청소년걸작선 26]남쪽 섬 티오 미래인,0
225,97,2023-09-23,15:00:02,callor@callor.com,내멋으로,미세기 고학,[미세기 고학년 도서관 7]할아버지의 방 미세기,0
226,98,2023-04-07,10:43:06,callor@callor.com,내멋으로,미세기 저학,[미세기 저학년 도서관 3]멍청한 두덕 씨와 왕도둑 미세기,0
227,98,2017-12-21,14:21:23,callor@callor.com,내멋으로,별다섯 인생,별다섯 인생 바다출판사,0
228,99,2023-08-12,12:29:41,callor@callor.com,내멋으로,쓰나미의 아이,쓰나미의 아이들 - 재난이 휩쓸고 갈 수 없는 것들에 관한 이야기 바다출판사,0
229,99,2023-09-29,15:20:14,callor@callor.com,내멋으로,높새바람 2,[높새바람 28]도대체 공부가 뭐야? 바람의아이들,0
230,100,2023-05-24,12:05:37,callor@callor.com,내멋으로,돌개바람 3,[돌개바람 30]명탐견 오드리 바람의아이들,0
231,100,2023-02-18,14:50:08,callor@callor.com,내멋으로,반올림 29,[반올림 29]나는 사고 싶지 않을 권리가 있다 바람의아이들,0
232,100,2023-05-04,16:05:13,callor@callor.com,내멋으로,알맹이 그림,[알맹이 그림책 27]행복한 학교 바람의아이들,0
233,101,2023-04-08,9:54:45,callor@callor.com,내멋으로,바우솔 작은,[바우솔 작은 어린이 15]수요일의 눈물 바우솔,0
234,101,2023-06-14,14:31:43,callor@callor.com,내멋으로,아이스토리빌,[아이스토리빌 12]공을차라 공찬희! 밝은미래,0
235,103,2023-10-24,11:52:14,callor@callor.com,내멋으로,아이스토리빌,[아이스토리빌 13]가가의 아주 특별한 집 밝은미래,0
236,104,2023-08-03,17:42:20,callor@callor.com,내멋으로,베틀북 철학,[베틀북 철학 동화 15]나는 어린이입니다  베틀북,0
237,104,2023-03-25,15:31:09,callor@callor.com,내멋으로,달마중 1,[달마중 1]뽀스락 왕자 별숲,0
238,105,2023-09-14,17:26:52,callor@callor.com,내멋으로,별숲 동화 ,[별숲 동화 마을 2]치우 탐정단이 달려간다 별숲,0
239,106,2023-02-15,9:02:14,callor@callor.com,내멋으로,아름다운 청,[아름다운 청소년 5]난 잡히지 않겠다 별숲,0
240,106,2023-06-22,17:52:00,callor@callor.com,내멋으로,아름다운 청,[아름다운 청소년 7]자유를 향한 머나먼 질주 42.195km 별숲,0
241,106,2023-10-17,16:18:49,callor@callor.com,내멋으로,보리 어린이,[보리 어린이 25]내가 미운 날 보리,0
242,106,2023-05-10,14:46:12,callor@callor.com,내멋으로,살아 있는 ,[살아 있는 교육 28]꽁당 보리밥 - 가난한 삶에서 피어난 어머니들의 이야기꽃 보리,0
243,106,2023-05-10,17:48:19,callor@callor.com,내멋으로,살아 있는 ,[살아 있는 교육 29]찔레꽃  보리,0
244,107,2023-07-04,11:33:38,callor@callor.com,내멋으로,보림문학선 ,[보림문학선 9]파란 수염 생쥐 미라이 보림,0
245,107,2023-02-23,17:21:29,callor@callor.com,내멋으로,진경문고신,[진경문고]신라인의 마음 신라인의 노래 - 이야기와 함께 만나는 향가의 세계  보림출판사,0
246,107,2023-03-19,10:24:28,callor@callor.com,내멋으로,청소년문학 ,[청소년문학 보물창고 22 ]두근두근 첫사랑 보물창고,0
247,108,2023-03-29,16:49:23,callor@callor.com,내멋으로,봄나무 문학,[봄나무 문학선 15]그림자 아이들 5. 두려움과 싸우는 아이들 봄나무,0
248,108,2023-07-29,12:33:12,callor@callor.com,내멋으로,봄나무 문학,[봄나무 문학선 16]그림자 아이들 6. 인구 경찰이 된 아이들 봄나무,0
249,108,2023-10-24,13:11:13,callor@callor.com,내멋으로,봄나무 문학,[봄나무 문학선 18]그림자 아이들 7. 자유를 찾은 아이들 봄나무,0
250,108,2023-02-02,10:50:52,callor@callor.com,내멋으로,봄나무 문학,[봄나무 문학선]나쁜 초콜릿 - 누가 이 아이들의 행복을 빼앗아 갔을까? 봄나무,0
251,109,2023-09-08,12:58:54,callor@callor.com,내멋으로,봄나무 문학,"[봄나무 문학선]한 손의 투수 - 왼손이 없는 게 아니야, 조금 특별한 오른손이 있을 뿐 봄나무",0
252,109,2023-01-12,9:56:52,callor@callor.com,내멋으로,봄봄 어린이,[봄봄 어린이 7]제비야 날아라 봄봄,0
253,109,2023-08-10,17:44:47,callor@callor.com,내멋으로,우리나라 그,[우리나라 그림책 10]울산에 없는 울산바위 봄봄,0
254,110,2023-06-29,10:53:59,callor@callor.com,내멋으로,우리나라 그,[우리나라 그림책 9]감은장아기 봄봄,0
255,110,2023-11-04,13:52:06,callor@callor.com,내멋으로,고래바위 - ,고래바위 - 꿈은 어떻게 이루어지는가 북극곰,0
256,111,2023-08-30,11:25:40,callor@callor.com,내멋으로,나비가 되고 ,나비가 되고 싶어 북극곰,0
257,111,2023-08-18,14:01:54,callor@callor.com,내멋으로,스토리 콜렉,[스토리 콜렉터 11]반짝반짝 추억전당포 북로드,0
258,111,2023-04-08,9:08:14,callor@callor.com,내멋으로,바다로 간 ,[바다로 간 달팽이 1]난 아프지 않아 - 청소년 테마 소설집 북멘토,0
259,111,2023-06-07,14:47:17,callor@callor.com,내멋으로,바다로 간 ,[바다로 간 달팽이 1]비보이 스캔들 북멘토,0
260,112,2023-03-15,14:23:48,callor@callor.com,내멋으로,북멘토 가치,[북멘토 가치 동화 3]여우의 화원 북멘토,0
261,113,2023-11-29,17:11:53,callor@callor.com,내멋으로,나의 특별한 ,나의 특별한 장소 북뱅크,0
262,113,2023-05-24,15:56:03,callor@callor.com,내멋으로,야누슈 코르착,야누슈 코르착 - 어린이 권리 조약의 아버지 북뱅크,0
263,113,2023-03-29,16:09:36,callor@callor.com,내멋으로,북비다문화 ,[북비다문화 2]아라비안 나이트 북비,0
264,113,2023-07-29,14:06:24,callor@callor.com,내멋으로,자연과 친구되,자연과 친구되는 시쓰기 - 자연과 생명을 있는 그대로 보고 느끼면서 시로 표현하는 16가지 방법 북센스,0
265,114,2023-03-19,12:39:05,callor@callor.com,내멋으로,소중한 가치,[소중한 가치 학교 4]경민이의 아주 특별한 친구 북스토리아이,0
266,114,2023-06-30,15:29:36,callor@callor.com,내멋으로,우리 아이 ,[우리 아이 인성교육 시리즈 5]마법의 가면 불광출판사,0
267,114,2023-03-04,11:25:45,callor@callor.com,내멋으로,난 책읽기가,"[난 책읽기가 좋아-2단계(초등1,2학년) 47]캡슐 마녀의 수리수리 약국 비룡소",0
268,116,2023-04-29,16:22:31,callor@callor.com,내멋으로,블루픽션 6,[블루픽션 61]개 같은 날은 없다 비룡소,0
269,116,2023-06-10,13:02:37,callor@callor.com,내멋으로,블루픽션 6,[블루픽션 63]명탐정의 아들 비룡소,0
270,116,2023-02-25,17:12:26,callor@callor.com,내멋으로,비룡소 걸작,[비룡소 걸작선 19]별이 된 소년 비룡소,0
271,116,2023-02-07,14:44:08,callor@callor.com,내멋으로,비룡소의 그,[비룡소의 그림동화 219]빕스의 엉뚱한 소원 비룡소,0
272,117,2017-11-13,14:01:43,callor@callor.com,내멋으로,일공일삼 7,[일공일삼 75]그 애가 나를 보고 웃다 비룡소,0
273,118,2023-01-28,17:38:56,callor@callor.com,내멋으로,일공일삼 7,[일공일삼 77]말하는 까만 돌 비룡소,0
274,118,2023-07-19,17:24:23,callor@callor.com,내멋으로,일공일삼 8,"[일공일삼 80]맹꽁이 원정대, 몽골로 가다 비룡소",0
275,120,2023-02-13,11:16:04,callor@callor.com,내멋으로,가시고백,가시고백 비룡소,0
276,121,2023-05-30,14:48:34,callor@callor.com,내멋으로,사계절 13,[사계절 1318문고 77]유랑극단 사계절출판사,0
277,121,2023-09-02,16:09:02,callor@callor.com,내멋으로,사계절 13,[사계절 1318문고 79]우주 비행 사계절출판사,0
278,122,2023-12-29,10:59:18,callor@callor.com,내멋으로,사계절 13,[사계절 1318문고 81]진실 게임 사계절출판사,0
279,122,2023-05-11,15:48:40,callor@callor.com,내멋으로,초등학생이 ,[초등학생이 보는 그림책 26]꿈꾸는 징검돌 - 화가 박수근 이야기 사계절출판사,0
280,122,2023-11-08,15:59:08,callor@callor.com,내멋으로,초등학생이 ,[초등학생이 보는 그림책 27]블룸카의 일기 사계절출판사,0
281,123,2023-09-29,13:17:54,callor@callor.com,내멋으로,평화그림책 ,[평화그림책 5]내 목소리가 들리나요  사계절출판사,0
282,123,2023-07-28,15:05:57,callor@callor.com,내멋으로,사파리 마스,[사파리 마스터피스 1]빈센트의 비밀 노트 사파리,0
283,123,2023-11-08,15:03:48,callor@callor.com,내멋으로,비밀의 숲 테,비밀의 숲 테라비시아 사파리,0
284,123,2023-02-28,13:38:24,callor@callor.com,내멋으로,산하세계문학,[산하세계문학 1]아르베 - 나는 어떻게 투명인간이 되었나? 산하,0
285,124,2023-05-04,14:08:43,callor@callor.com,내멋으로,살림 3.4,[살림 3.4학년 창작동화 4]난 너무 잘났어! 살림어린이,0
286,124,2023-04-10,14:42:09,callor@callor.com,내멋으로,딩크던컨과 ,[딩크던컨과 미스터리 수사대1]사라진 미라 삼성출판사,0
287,125,2023-05-10,13:10:37,callor@callor.com,내멋으로,딩크던컨과 ,[딩크던컨과 미스터리 수사대2]드라큘라의 휴가 삼성출판사,0
288,125,2023-12-23,14:05:07,callor@callor.com,내멋으로,마음속 그림,[마음속 그림책 4]크리스마스 선인장 상상의힘,0
289,125,2023-09-16,12:42:24,callor@callor.com,내멋으로,상상의힘 청,[상상의힘 청소년문고 1]무옥이 상상의힘,0
290,126,2023-10-05,11:16:37,callor@callor.com,내멋으로,샘터어린이문,"[샘터어린이문고 29]그 고래, 번개 샘터",0
291,126,2023-11-28,14:45:01,callor@callor.com,내멋으로,샘터어린이문,[샘터어린이문고 31]길을 찾는 아이들 - 초등학생들이 만든 제주 곽금올레 샘터,0
292,126,2023-03-11,14:59:56,callor@callor.com,내멋으로,세용그림동화,[세용그림동화 8]치즈를 찾아서 세용,0
293,126,2023-05-14,17:57:55,callor@callor.com,내멋으로,아빠랑 은별,(아빠랑 은별이랑)섬진강 그림여행 소년한길,0
294,127,2023-05-25,13:30:13,callor@callor.com,내멋으로,저학년 어린,[저학년 어린이를 위한 인성동화 16 정직]꼬리 달린 거짓말 소담주니어,0
295,128,2023-10-24,12:16:02,callor@callor.com,내멋으로,깨강정 문고,[깨강정 문고 1]부엉이 아파트 스푼북,0
296,128,2023-07-04,13:28:16,callor@callor.com,내멋으로,시공 청소년,[시공 청소년 문학 49]너를 위한 50마일 시공사,0
297,128,2023-05-29,13:46:30,callor@callor.com,내멋으로,시공 청소년,[시공 청소년 문학 50]개님전 시공사,0
298,128,2023-04-14,12:04:27,callor@callor.com,내멋으로,시공주니어 ,[시공주니어 문고 2단계 70]꿈을 향해 스타 오디션 시공주니어,0
299,129,2023-11-01,12:20:55,callor@callor.com,내멋으로,수납장 속의 ,수납장 속의 인디언 아롬주니어,0
300,129,2023-05-19,12:04:27,callor@callor.com,내멋으로,쏙쏙 뽑은 ,[쏙쏙 뽑은 교과서 옛이야기 3]거울 소동 아이세움,0
301,129,2023-04-08,9:14:28,callor@callor.com,내멋으로,익사이팅 북,[익사이팅 북스 47]열두 살의 나이테 아이세움,0
302,129,2023-01-23,9:49:26,callor@callor.com,내멋으로,아이앤북 문,[아이앤북 문학나눔 1]하이퐁 세탁소 아이앤북,0
303,129,2023-05-10,15:49:33,callor@callor.com,내멋으로,아이앤북 창,[아이앤북 창작동화 33]우리 동네 나쁜 놈 아이앤북,0
304,130,2023-04-04,13:26:30,callor@callor.com,내멋으로,카르페디엠 ,[카르페디엠 29]원예반 소년들 양철북,0
305,130,2023-08-01,17:34:16,callor@callor.com,내멋으로,카르페디엠 ,[카르페디엠 31]첫사랑 양철북,0
306,130,2023-03-16,13:52:03,callor@callor.com,내멋으로,오래된 약속,오래된 약속 양철북,0
307,130,2023-02-09,15:02:40,callor@callor.com,내멋으로,톨스토이와 행,톨스토이와 행복한 하루 에디터,0
308,131,2023-02-14,17:26:26,callor@callor.com,내멋으로,엘빅미디어 ,[엘빅미디어 저학년 문고 1]아홉 살 엄마 - 거꾸로 가는 시계 엘빅미디어,0
309,132,2023-07-19,9:34:00,callor@callor.com,내멋으로,날개달린 그,[날개달린 그림책방 10]세쿼이아 여유당,0
310,132,2023-12-24,11:59:52,callor@callor.com,내멋으로,날개달린 그,"[날개달린 그림책방 12]날아라, 연아 여유당",0
311,132,2023-04-29,14:29:14,callor@callor.com,내멋으로,우리 집 가훈,우리 집 가훈은 잘먹고 잘살기 예림당,0
312,132,2017-12-09,11:02:11,callor@callor.com,내멋으로,우리같이 청,[우리같이 청소년문고 8]거짓말쟁이 호머피그의 진짜 남북전쟁모험 우리같이,0
313,133,2023-06-10,12:17:48,callor@callor.com,내멋으로,우리같이 청,[우리같이 청소년문고 8]이제 다시 시작이야 우리같이,0
314,133,2023-04-11,11:03:23,callor@callor.com,내멋으로,청소년을 위,[청소년을 위한 소설심리클럽 테마1. 자아정체성]울고 있니 너? 우리학교,0
315,133,2023-04-11,16:04:40,callor@callor.com,내멋으로,청소년을 위,"[청소년을 위한 소설심리클럽 테마2. 성과 사랑]성, 스러운 그녀 우리학교",0
316,133,2023-08-02,17:40:48,callor@callor.com,내멋으로,청소년을 위,[청소년을 위한 소설심리클럽 테마3. 관계와 소통]어쩌다 보니 왕따 우리학교,0
317,136,2023-07-04,11:09:58,callor@callor.com,내멋으로,우리 땅 우,[우리 땅 우리 아이 3]날아라 현수야 웅진주니어,0
318,136,2023-05-31,13:04:53,callor@callor.com,내멋으로,작은 책마을,[작은 책마을 33]내 이름은 모험을 끝내는 법 웅진주니어,0
319,137,2023-02-07,10:41:50,callor@callor.com,내멋으로,도서관 고양이,도서관 고양이 듀이 웅진주니어,0
320,137,2023-03-14,12:01:41,callor@callor.com,내멋으로,몬스터 콜스,몬스터 콜스 웅진주니어,0
321,138,2023-05-13,11:54:15,callor@callor.com,내멋으로,굿바이 안네 ,굿바이 안네 - 60년 만에 발견한 안네 프랑크에 관한 새로운 이야기 이덴슬리벨,0
322,138,2023-11-14,9:28:17,callor@callor.com,내멋으로,레터북 23,[레터북 23]독일인의 사랑 인디북,0
323,138,2023-07-14,13:21:26,callor@callor.com,내멋으로,톨스토이의 이,톨스토이의 이솝우화 - 톨스토이가 다시 쓴 세계 최초의 고대우화 인디북,0
324,140,2023-01-04,13:49:14,callor@callor.com,내멋으로,자음과모음 ,[자음과모음 청소년문학 10]정의의 이름으로 자음과모음,0
325,141,2023-02-16,12:52:00,callor@callor.com,내멋으로,자음과모음 ,[자음과모음 청소년문학 12]다이어트 학교 자음과모음,0
326,141,2023-04-19,12:49:34,callor@callor.com,내멋으로,자음과모음 ,[자음과모음 청소년문학 15]시간을 파는 상점 자음과모음,0
327,142,2023-03-07,10:01:44,callor@callor.com,내멋으로,작은숲 청소,[작은숲 청소년 1]36.4℃ - 중고등학생이 직접 쓰고 뽑은 학생시 123 작은숲,0
328,142,2023-07-04,9:30:56,callor@callor.com,내멋으로,작은숲 청소,[작은숲 청소년 2]싸움닭 샤모 작은숲,0
329,142,2023-06-14,11:20:09,callor@callor.com,내멋으로,100km,100km 작은씨앗,0
330,142,2023-05-19,12:31:09,callor@callor.com,내멋으로,빛나는 우리,[빛나는 우리 고전 그림책 시리즈 2]전우치전 장영(황제펭귄),0
331,142,2023-08-25,13:29:17,callor@callor.com,내멋으로,달팽이의 숲 ,달팽이의 숲 속 놀이터 점자,0
332,143,2023-10-09,15:41:34,callor@callor.com,내멋으로,정글짐 그림,[정글짐 그림책 2]별명 그리는 아이 정글짐북스,0
333,144,2023-10-11,10:42:42,callor@callor.com,내멋으로,주니어김영사,[주니어김영사 청소년 문학 1]죽음과 소녀 주니어김영사,0
334,144,2023-08-29,17:44:20,callor@callor.com,내멋으로,중학년을 위,[중학년을 위한 한뼘도서관 23]말할까? 말까? 주니어김영사,0
335,144,2023-01-13,12:02:44,callor@callor.com,내멋으로,노엄의 세상 ,"노엄의 세상 - 포복절도, 이사 증후군 주니어북스",0
336,144,2023-03-29,16:25:26,callor@callor.com,내멋으로,우수문학상 ,[우수문학상 수상 작가선 6]할아버지 말고 할머니 이야기 주니어중앙,0
337,145,2023-11-29,17:53:37,callor@callor.com,내멋으로,지혜가 자라,[지혜가 자라는 그림책 3]선생님을 기억하는 나무 지혜정원,0
338,145,2023-04-08,17:39:56,callor@callor.com,내멋으로,신나는 책읽,[신나는 책읽기 33]엄마 사용법 창비,0
339,146,2023-11-08,9:49:00,callor@callor.com,내멋으로,신나는 책읽,[신나는 책읽기 35]개조심 창비,0
340,146,2023-07-22,16:17:41,callor@callor.com,내멋으로,창비 청소년,[창비 청소년 문고 6]세상에서 가장 아름다워질 너에게 창비,0
341,146,2023-02-04,15:34:50,callor@callor.com,내멋으로,창비 청소년,[창비 청소년 문학 41]남학생 자리 1 창비,0
342,146,2023-02-04,17:11:27,callor@callor.com,내멋으로,창비 청소년,[창비 청소년 문학 42]남학생 자리 2 창비,0
343,147,2023-04-01,16:04:44,callor@callor.com,내멋으로,창비 청소년,[창비 청소년 문학 43]두려움에게 인사하는 법 창비,0
344,148,2023-06-17,16:50:41,callor@callor.com,내멋으로,창비 청소년,"[창비 청소년 문학 44]1945, 철원 창비",0
345,148,2023-09-08,11:26:50,callor@callor.com,내멋으로,창비아동문고,[창비아동문고 268]우리 동네 전설은 창비,0
346,149,2023-10-14,11:02:40,callor@callor.com,내멋으로,창비아동문고,[창비아동문고 269]복수의 여신 창비,0
347,149,2023-07-04,12:17:36,callor@callor.com,내멋으로,채우리 저학,[채우리 저학년 문고 52]기똥찬 사우루스가 나타났다 채우리,0
348,149,2023-04-29,15:47:26,callor@callor.com,내멋으로,책콩 그림책,[책콩 그림책 17]왜 띄어 써야 돼? 책과콩나무,0
349,149,2023-06-08,12:18:49,callor@callor.com,내멋으로,책콩 그림책,[책콩 그림책 19]친구를 사귀는 아주 특별한 방법 책과콩나무,0
350,150,2017-12-28,15:43:30,callor@callor.com,내멋으로,책콩 어린이,[책콩 어린이 17]내일이면 아빠가 떠나 책과콩나무,0
351,150,2023-10-19,12:24:47,callor@callor.com,내멋으로,책콩 어린이,[책콩 어린이 22]아름다운 아이 책과콩나무,0
352,150,2023-02-28,9:59:00,callor@callor.com,내멋으로,책콩 청소년,[책콩 청소년 12]고양이가 내 체육복을 먹어 버렸어요 책과콩나무,0
353,151,2023-08-19,17:46:32,callor@callor.com,내멋으로,책콩 청소년,[책콩 청소년 13]나는 앞으로도 살아간다 책과콩나무,0
354,151,2023-02-02,10:08:35,callor@callor.com,내멋으로,곰곰어린이 ,[곰곰어린이 14]바이올리니스트가 되고 싶은 용 책속물고기,0
355,151,2023-08-03,15:05:25,callor@callor.com,내멋으로,곰곰어린이 ,[곰곰어린이 17]시간을 만드는 방법 책속물고기,0
356,152,2023-04-05,13:45:14,callor@callor.com,내멋으로,그림책이 참,[그림책이 참 좋아 6]놀자! 책읽는곰,0
357,152,2023-07-29,9:41:46,callor@callor.com,내멋으로,큰곰자리 5,[큰곰자리 5]책 좀 빌려 줘유  책읽는곰,0
358,153,2023-07-08,16:50:03,callor@callor.com,내멋으로,바람 그림책,[바람 그림책 6]천 개의 바람 천 개의 첼로 천개의바람,0
359,155,2023-05-24,9:20:29,callor@callor.com,내멋으로,선생님과 함께,선생님과 함께 일기 쓰기 철수와영희,0
360,155,2023-10-06,16:08:33,callor@callor.com,내멋으로,올챙이문고 ,[올챙이문고 저학년동화 15]쿰바의 꿈 청개구리,0
361,157,2023-09-20,16:59:09,callor@callor.com,내멋으로,가로세로그림,[가로세로그림책 2]나는 빈 라덴이 아니에요! 초록개구리,0
362,157,2023-07-11,15:44:06,callor@callor.com,내멋으로,다릿돌 읽기,[다릿돌 읽기]마법의 글짓기 크레용하우스,0
363,158,2023-06-10,12:48:33,callor@callor.com,내멋으로,청소년 오딧,[청소년 오딧세이]내 인생의 드리블 크레용하우스,0
364,158,2023-05-30,15:54:21,callor@callor.com,내멋으로,다독다독 청,[다독다독 청소년문고]나는 부모와 이혼했다 큰북작은북,0
365,158,2023-03-30,10:37:31,callor@callor.com,내멋으로,다독다독 청,[다독다독 청소년문고]우리들의 선거 큰북작은북,0
366,159,2023-03-28,16:31:03,callor@callor.com,내멋으로,꽃의 요정 ,꽃의 요정  키즈엠,0
367,159,2023-07-25,14:58:11,callor@callor.com,내멋으로,슬픔을 모으는,슬픔을 모으는 셀레스탱  키즈엠,0
368,159,2023-08-29,12:14:42,callor@callor.com,내멋으로,탐 청소년문,"[탐 청소년문학 6]열다섯, 문을 여는 시간  탐",0
369,159,2023-11-10,9:33:09,callor@callor.com,내멋으로,사춘기 예찬 ,사춘기 예찬 - 사춘기의 가치를 일깨우는 문학 멘토링 탐,0
370,160,2023-09-27,15:56:56,callor@callor.com,내멋으로,너른세상 그,[너른세상 그림책]워낭소리 파란자전거,0
371,160,2023-07-14,9:08:24,callor@callor.com,내멋으로,세바퀴 저학,[세바퀴 저학년 책읽기 10]무덤이 들썩들썩 귀신이 곡할 노릇 파란자전거,0
372,161,2023-01-14,17:19:40,callor@callor.com,내멋으로,스스로 읽는,[스스로 읽는 성장 동화 13]스프링 다리 푸른날개,0
373,161,2023-10-28,17:32:51,callor@callor.com,내멋으로,마음이 자라,[마음이 자라는 나무 31]열혈 돼지 전설 푸른숲주니어,0
374,162,2023-11-29,14:45:32,callor@callor.com,내멋으로,마음이 자라,[마음이 자라는 나무 32]세상에서 가장 완벽한 교실 푸른숲주니어,0
375,162,2017-12-20,14:20:56,callor@callor.com,내멋으로,푸른숲 역사,[푸른숲 역사 동화 2]옹주의 결혼식 푸른숲주니어,0
376,162,2023-12-09,16:55:56,callor@callor.com,내멋으로,푸른숲 역사,[푸른숲 역사 동화 6]나는 비단길로 간다 푸른숲주니어,0
377,163,2023-02-07,16:10:07,callor@callor.com,내멋으로,미래의 고전,[미래의 고전 27]사료를 드립니다 푸른책들,0
378,163,2023-06-03,13:57:06,callor@callor.com,내멋으로,미래의 고전,[미래의 고전 28]내 친구는 외계인 푸른책들,0
379,164,2023-06-08,9:54:36,callor@callor.com,내멋으로,푸른도서관 ,[푸른도서관 50]신기루 푸른책들,0
380,164,2023-09-19,9:53:50,callor@callor.com,내멋으로,푸른도서관 ,"[푸른도서관 53]까레이스키, 끝없는 방랑 푸른책들",0
381,164,2023-11-14,10:01:42,callor@callor.com,내멋으로,푸른도서관 ,[푸른도서관 54]나는 랄라랜드로 간다 푸른책들,0
382,165,2023-11-03,12:35:29,callor@callor.com,내멋으로,소녀 성장 ,[소녀 성장 백과 1]꼬마 통역사 풀빛미디어,0
383,166,2023-05-09,14:06:27,callor@callor.com,내멋으로,한겨레 높은,[한겨레 높은학년동화 24]천사를 미워해도 되나요 한겨레아이들,0
384,166,2023-11-18,17:23:16,callor@callor.com,내멋으로,한겨레 높은,[한겨레 높은학년동화 26]대장간 골목 - 세계의 숨은 걸작 2 : 체코 한겨레아이들,0
385,166,2017-12-17,10:58:57,callor@callor.com,내멋으로,메멘토 노라,메멘토 노라 한겨레틴틴,0
386,167,2023-10-14,9:16:08,callor@callor.com,내멋으로,한림 고학년,[한림 고학년문고 21]밤에 수영하는 아이들 한림출판사,0
387,167,2023-12-15,15:54:05,callor@callor.com,내멋으로,한림 고학년,[한림 고학년문고 23]낙지가 돌아왔다 한림출판사,0
388,168,2023-05-30,11:07:13,callor@callor.com,내멋으로,"이팔청춘, 2","이팔청춘, 2막 23장 - 열여섯 살, 중3들의 책과 영화와 세상 이야기 한티재",0
389,168,2023-10-09,9:39:16,callor@callor.com,내멋으로,걸음동무 그,[걸음동무 그림책 13]탁자는 탁자일 뿐일까? 해솔,0
390,168,2023-02-02,12:21:24,callor@callor.com,내멋으로,2학년 6반 ,2학년 6반 고길희 선생님  현암사,0
391,169,2023-06-03,14:20:22,callor@callor.com,내멋으로,효리원 3.,[효리원 3.4학년 창작 동화 시리즈 7]내가 이상합네까? 효리원,0
392,169,2023-09-23,15:20:59,callor@callor.com,내멋으로,교과서와 함,(교과서와 함께 읽는)한국사 여행기 가문비어린이,0
393,169,2017-12-31,14:04:53,callor@callor.com,내멋으로,꼬마이실의 ,[꼬마이실의 여성 인물 이야기 17](가르침을 통해 희망을 심은)교육자 꼬마이실,0
394,169,2023-05-24,15:51:59,callor@callor.com,내멋으로,이토록 아찔한,이토록 아찔한 경성 - OBS 특별기획 세상을 움직이는 역사 꿈결,0
395,170,2023-11-20,9:15:51,callor@callor.com,내멋으로,세상을 빛낸,[세상을 빛낸 위대한 여성]왕가리 마타이  나무처럼,0
396,170,2023-06-19,10:48:41,callor@callor.com,내멋으로,아마존에서 ,(아마존에서 조선까지)고무 따라 역사 여행 너머학교,0
397,171,2023-06-19,16:10:51,callor@callor.com,내멋으로,재강이의 좌,(재강이의 좌충우돌)한국사 달통기 1 - 선사 시대부터 고려 시대 노란상상,0
398,171,2023-06-19,17:36:22,callor@callor.com,내멋으로,재강이의 좌,(재강이의 좌충우돌)한국사 달통기 2 - 조선 시대부터 현대 노란상상,0
399,172,2017-11-29,10:01:48,callor@callor.com,내멋으로,내셔널지오그,[내셔널지오그래피 청소년 글로벌 교양지리 1]사라진 고대 문명 느낌이있는책,0
400,174,2023-11-08,12:05:03,callor@callor.com,내멋으로,세계사 가로,[세계사 가로지르기 7]세상을 바꾼 길 다른,0
401,175,2023-10-31,15:35:42,callor@callor.com,내멋으로,"16살, 절실","16살, 절실한 꿈이 나를 움직인다 - 절망을 딛고 세계정상에 오른 작은 거인 신지애 이야기 다산에듀(다산북스)",0
402,175,2023-09-14,9:30:00,callor@callor.com,내멋으로,통 한국사 1,통 한국사 1. 구석기에서 고려까지 다산에듀(다산북스),0
403,175,2023-09-14,16:31:36,callor@callor.com,내멋으로,통 한국사 2,통 한국사 2. 조선에서 현대까지 다산에듀(다산북스),0
404,175,2023-10-05,16:34:27,callor@callor.com,내멋으로,도토리숲 그,[도토리숲 그림책 1]평화를 꿈꾸는 도토리나무 도토리숲,0
405,175,2017-12-13,15:45:19,callor@callor.com,내멋으로,세상을 바꾼,[세상을 바꾼 큰 걸음 만화 인물 평전 1]레오나르도 다빈치 : 르네상스를 꽃피운 위대한 상상력 돌베개,0
406,176,2023-04-18,13:01:42,callor@callor.com,내멋으로,세상을 바꾼,[세상을 바꾼 큰 걸음 만화 인물 평전 5]루쉰 : 문학으로 잠자는 중국을 깨우다 돌베개,0
407,176,2023-12-05,14:48:23,callor@callor.com,내멋으로,"장준하, 묻지","장준하, 묻지 못한 진실 - 장준하 의문사 사건 조사관의 대국민 보고서 돌베개",0
408,177,2023-08-03,16:46:33,callor@callor.com,내멋으로,이미지와 스,"(이미지와 스토리텔링의 지리 여행)세계 지리를 보다 1. 세계 자연.인문.환경, 아시아 리베르스쿨",0
409,177,2023-08-08,17:56:44,callor@callor.com,내멋으로,이미지와 스,"(이미지와 스토리텔링의 지리 여행)세계 지리를 보다 2. 유럽, 서남아시아 리베르스쿨",0
410,177,2023-08-08,9:35:43,callor@callor.com,내멋으로,이미지와 스,"(이미지와 스토리텔링의 지리 여행)세계 지리를 보다 3. 아메리카, 아프리카, 오세아니아 리베르스쿨",0
411,177,2023-03-05,9:24:53,callor@callor.com,내멋으로,교과서 쏙 ,[교과서 쏙 한국사 들여다보기 5]우리 조상의 유배 이야기 리젬,0
412,178,2023-08-17,17:55:56,callor@callor.com,내멋으로,자랑스런 우,[자랑스런 우리 문화 7]백발백중 우리 민족 활시위를 당겨라 마루벌,0
413,178,2023-09-16,14:17:10,callor@callor.com,내멋으로,청소년 롤모,[청소년 롤모델 시리즈 14. 정명훈]한국인의 열정으로 세계를 지휘하라  명진출판 ,0
414,178,2023-04-25,16:35:16,callor@callor.com,내멋으로,문학동네 세,[문학동네 세계 인물 그림책 8]왕가리 마타이 - 아프리카에 3천만 그루의 나무를 심은 노벨 평화상 수상자  문학동네,0
415,179,2023-11-21,10:06:30,callor@callor.com,내멋으로,그레이트 피,[그레이트 피플 2]마틴 루서 킹의 마이크 밝은미래,0
416,180,2023-04-11,11:32:36,callor@callor.com,내멋으로,더 나은 세,"[더 나은 세상을 꿈꾸는 보리 한국사 1]선조, 나는 이렇게 본다 보리",0
417,181,2023-10-04,14:59:04,callor@callor.com,내멋으로,더 나은 세,"[더 나은 세상을 꿈꾸는 보리 한국사 2]문체반정, 나는 이렇게 본다 보리",0
418,181,2023-05-19,16:01:54,callor@callor.com,내멋으로,작은 역사 ,[작은 역사 1]한양 1770 보림,0
419,181,2023-07-04,11:16:23,callor@callor.com,내멋으로,고만녜 - 백,고만녜 - 백 년 전 북간도 이야기 보림,0
420,182,2023-12-09,9:28:04,callor@callor.com,내멋으로,누가 티라노사,누가 티라노사우루스를 발견했을까? 봄나무,0
421,182,2023-11-07,16:47:03,callor@callor.com,내멋으로,아홉 살 멘,[아홉 살 멘토 시리즈]아홉 살 진로 멘토 - 초등학생을 위한 직업으로 보는 인물 이야기 북멘토,0
422,182,2023-01-04,9:48:46,callor@callor.com,내멋으로,역사인물도서,[역사인물도서관 1]김근태 이야기 - 당신이 옳았습니다 북멘토,0
423,182,2023-09-29,12:35:04,callor@callor.com,내멋으로,"작은 용기, ","작은 용기, 세상을 바꾸다 - 불평등, 불의, 폭력에 맞선 사람들 북스코프",0
424,182,2023-08-24,12:11:56,callor@callor.com,내멋으로,나의 소원 -,"나의 소원 - 마음 좋은 사람, 백범 김구 비움과채움",0
425,184,2023-01-28,14:10:16,callor@callor.com,내멋으로,1318교양,[1318교양문고]동에 번쩍 서에 번쩍 세계 지리 이야기 사계절출판사,0
426,185,2023-02-05,10:46:35,callor@callor.com,내멋으로,역사일기 7,"[역사일기 7 조선 전기]백발백중 명중이, 무관을 꿈꾸다 사계절출판사",0
427,185,2023-07-07,15:29:10,callor@callor.com,내멋으로,역사일기 8,"[역사일기 8 조선 후기]얼음 장수 엄기둥, 한양을 누비다 사계절출판사",0
428,186,2023-12-09,17:48:38,callor@callor.com,내멋으로,역사일기 9,"[역사일기 9 일제 강점기]부산 소학생 영희, 경성행 기차를 타다 사계절출판사",0
429,186,2023-12-29,11:34:52,callor@callor.com,내멋으로,징검다리 역,[징검다리 역사책 2]기이한 책장수 조신선 사계절출판사,0
430,187,2023-05-11,14:27:38,callor@callor.com,내멋으로,용선생의 시끌,용선생의 시끌벅적 한국사 세트 - 전8권 사회평론,0
431,187,2023-03-07,17:35:57,callor@callor.com,내멋으로,"얘들아, 백제","얘들아, 백제 여행 떠나 볼래? - 서울.공주.부여를 지나 일본까지 살림어린이",0
432,187,2023-01-19,9:36:37,callor@callor.com,내멋으로,남도의 기억을,"남도의 기억을 걷다 - 노성태의 ""시대와 소통하는 인물역사기행"" 살림터",0
433,187,2023-09-16,13:24:46,callor@callor.com,내멋으로,답사 바로하,[답사 바로하기 역사 바로보기 11]우리 아이 첫 남한강 여행 - 검룡소에서 두물머리까지 삼성당,0
434,187,2023-11-09,10:44:40,callor@callor.com,내멋으로,샘터 솔방울,[샘터 솔방울 인물 10]고고학자 손보기 - 우리 역사를 손보기 해 드립니다 샘터,0
435,188,2023-06-23,16:04:11,callor@callor.com,내멋으로,샘터 솔방울,[샘터 솔방울 인물 9]실패의 전문가들 - 우리 시대의 멘토들이 들려 주는 위대한 실패 이야기 샘터,0
436,188,2023-11-28,17:01:00,callor@callor.com,내멋으로,생각을 담는,[생각을 담는 역사 5]순간포착! 한국사명장면 1 - 삼국과 고려시대 생각을담는어린이,0
437,188,2023-10-19,9:13:19,callor@callor.com,내멋으로,책상위교양 ,[책상위교양 22]어메이징 한국사 서해문집,0
438,189,2023-10-19,14:52:41,callor@callor.com,내멋으로,책상위교양 ,[책상위교양 23]어메이징 세계사 서해문집,0
439,189,2023-06-03,10:44:43,callor@callor.com,내멋으로,14인의 책 ,14인의 책 - 한국 현대사를 말하다 서해문집,0
440,189,2023-08-02,15:09:28,callor@callor.com,내멋으로,신나게 놀고,(신나게 놀고 쉽게 공부하는)교과서 문학기행 소란,0
441,190,2023-08-08,11:37:49,callor@callor.com,내멋으로,스코프 누구,"[스코프 누구누구 시리즈 12]박영석, 세계의 지붕이 된 산사나이 스코프",0
442,190,2017-12-20,11:04:15,callor@callor.com,내멋으로,스코프 누구,"[스코프 누구누구 시리즈 9]창의력 소년 송승환, 세상을 난타하다 스코프",0
443,191,2023-11-14,11:27:52,callor@callor.com,내멋으로,1 대 10,[1 대 100 시리즈 1]1 대 100 : 요리 에드워드 권 - 초등학생 100명이 묻고 최고의 전문가가 답하다 스콜라,0
444,192,2023-05-19,11:06:17,callor@callor.com,내멋으로,시공주니어 ,[시공주니어 어린이 교양서 31]위견전 - 인간을 깨우는 위대한 개들 시공주니어,0
445,192,2023-05-16,16:28:26,callor@callor.com,내멋으로,공부가 되는,[공부가 되는 시리즈 37]공부가 되는 삼국유사 아름다운사람들,0
446,193,2023-05-30,9:29:23,callor@callor.com,내멋으로,공부가 되는,[공부가 되는 시리즈 38]공부가 되는 삼국사기 아름다운사람들,0
447,193,2023-11-28,14:40:19,callor@callor.com,내멋으로,공부가 되는,[공부가 되는 시리즈 41]공부가 되는 세계지리지도 아름다운사람들,0
448,193,2023-01-13,17:49:15,callor@callor.com,내멋으로,피플채널 1,[피플채널 15]주시경 아리샘주니어,0
449,194,2023-08-10,16:37:54,callor@callor.com,내멋으로,아이세움 배,[아이세움 배움터 33]길따라 세계사 아이세움,0
450,194,2023-09-29,10:39:39,callor@callor.com,내멋으로,유물로 보는 ,유물로 보는 새로운 역사 아이앤북,0
451,195,2023-10-06,13:24:27,callor@callor.com,내멋으로,지혜의 보물,(지혜의 보물 창고)도서관의 역사 - 낙타에서 컴퓨터에 이르기까지 한없이 펼쳐지는 도서관 이야기 아카넷주니어,0
452,195,2023-11-08,11:48:01,callor@callor.com,내멋으로,세상을 쓰는 ,세상을 쓰는 아이들 - 위대한 작가가 된 여섯 명의 아이들 아카넷주니어,0
453,195,2017-05-16,15:18:24,callor@callor.com,내멋으로,실크로드로 배,실크로드로 배우는 세계역사 시리즈 세트 - 전10권 아카넷주니어,0
454,195,2023-04-18,14:49:52,callor@callor.com,내멋으로,양철북 인물,[양철북 인물이야기 3 페스탈로치]세상을 바꾼 학교 양철북,0
455,196,2023-09-19,12:20:56,callor@callor.com,내멋으로,우리역사 가,[우리역사 가까이 4]대한제국 가까이 어린른이,0
456,196,2023-07-20,15:54:51,callor@callor.com,내멋으로,재미있는 이,[재미있는 이야기 살아있는 역사 15]우리 역사의 힘이 된 9가지 책 이야기 어린이작가정신,0
457,196,2023-01-16,11:38:39,callor@callor.com,내멋으로,아! 팔레스타,아! 팔레스타인 1 - 만화로 보는 팔레스타인 역사 여우고개,0
458,196,2023-08-08,13:58:32,callor@callor.com,내멋으로,여유당 인물,[여유당 인물산책 1]아스트리드 린드그렌 - 영원한 삐삐 롱스타킹 여유당,0
459,196,2023-04-19,12:56:02,callor@callor.com,내멋으로,아! 그렇구나,아! 그렇구나 우리 역사 12. 근대 편 여유당,0
460,197,2023-12-23,12:57:24,callor@callor.com,내멋으로,조금은 삐딱한,조금은 삐딱한 세계사 : 유럽편 역사의아침,0
461,197,2023-07-24,13:03:01,callor@callor.com,내멋으로,지식교양 모,[지식교양 모든 3 아프리카]처음 만나는 아프리카 - 거꾸로 보는 검은 대륙의 역사 열다,0
462,198,2017-12-31,12:33:23,callor@callor.com,내멋으로,지도 없이 ,[지도 없이 떠나는 101일간의 세계 문화 역사 18]지도 없이 떠나는 101일간의 세계문화유산 영교출판,0
463,198,2023-08-29,14:15:54,callor@callor.com,내멋으로,DK 어린이,[DK 어린이 백과]100 people 세상을 움직이다 예림당,0
464,199,2023-05-31,16:18:32,callor@callor.com,내멋으로,우리 인물 ,[우리 인물 이야기 28](가야금 명인 황병기)딩덩 덩 둥덩 가야금 소리 들어 볼래? 우리교육,0
465,199,2023-07-05,15:30:33,callor@callor.com,내멋으로,어린이를 위,(어린이를 위한)시골의사 박경철의 아름다운 동행 웅진주니어,0
466,199,2023-06-30,17:46:37,callor@callor.com,내멋으로,빛나는 유네,[빛나는 유네스코 우리유산 8]수원 화성 - 정조의 꿈을 품은 성곽 웅진주니어,0
467,200,2023-06-10,16:35:53,callor@callor.com,내멋으로,역사 속 우,[역사 속 우리 이야기 달마루 11]내가 진짜 조선의 멋쟁이 웅진주니어,0
468,200,2023-08-08,11:48:50,callor@callor.com,내멋으로,역사 속 우,"[역사 속 우리 이야기 달마루 12]더위야, 썩 물렀거라! 웅진주니어",0
469,200,2023-09-02,9:50:35,callor@callor.com,내멋으로,어우야담 - ,"어우야담 - 저잣거리에서 왕실까지, 조선 사람들의 생생한 삶 이야기 웅진주니어",0
470,201,2023-03-31,9:54:26,callor@callor.com,내멋으로,청소년평전 ,[청소년평전 40]미디어 아트의 거장 백남준 자음과모음,0
471,202,2023-10-04,10:48:12,callor@callor.com,내멋으로,템플 그랜든 ,템플 그랜든 - 자폐를 딛고 세상의 절반을 바꾼 동물학자 작은길,0
472,202,2023-10-04,10:39:44,callor@callor.com,내멋으로,누구나 알지,[누구나 알지만 아무도 모르는 동서남북 우리 땅 2]일곱 빛깔 독도 이야기 조선북스,0
473,202,2023-09-03,16:34:08,callor@callor.com,내멋으로,저학년 한국,[저학년 한국사 첫발 5]탑이 들려주는 이야기 한국사 조선북스,0
474,202,2023-11-25,12:26:05,callor@callor.com,내멋으로,사회와 친해,[사회와 친해지는 책 : 역사]옛날 사람들은 어떻게 살았을까 2 - 도자기로 보는 조선 시대 삶과 예술 창비,0
475,204,2023-06-07,12:14:28,callor@callor.com,내멋으로,창비청소년문,[창비청소년문고 5]식탁 위의 세계사 창비,0
476,204,2023-09-16,12:46:48,callor@callor.com,내멋으로,창비청소년문,[창비청소년문고 7]살아있는 귀신 - 김시습과 금오신화 창비,0
477,204,2023-12-19,9:57:35,callor@callor.com,내멋으로,창비청소년문,[창비청소년문고 8]한 폭의 한국사 - 우리 그림 보며 한국사 나들이 창비,0
478,204,2023-07-22,11:21:37,callor@callor.com,내멋으로,키스 동양의 ,키스 동양의 창을 열다 - 영국 화가가 그린 아시아 1920~1940 책과함께,0
479,205,2023-08-12,13:09:55,callor@callor.com,내멋으로,고고학 생생,(고고학 생생노트)땅에서 찾고 바다에서 건진 우리 역사 책과함께어린이,0
480,206,2023-01-18,17:47:06,callor@callor.com,내멋으로,남대문의 봄 ,남대문의 봄 - 숭례문 600년 이야기 책과함께어린이,0
481,206,2023-02-23,10:23:11,callor@callor.com,내멋으로,"할머니, 왜 ","할머니, 왜 하필 열두 동물이에요? 책과함께어린이",0
482,207,2023-07-25,13:35:14,callor@callor.com,내멋으로,룰루랄라 우,[룰루랄라 우리고전 우리역사 21](겨레의 문화와 전통을 꽃피운 나라)조선이야기1 청년사,0
483,207,2023-07-19,17:47:53,callor@callor.com,내멋으로,룰루랄라 우,[룰루랄라 우리고전 우리역사 22](겨레의 문화와 전통을 꽃피운 나라)조선이야기2 청년사,0
484,207,2023-10-07,9:46:24,callor@callor.com,내멋으로,세상을 바꾼,[세상을 바꾼 작은 씨앗 11]황혜성 우리의 맛을 세상에 알리다 청어람미디어,0
485,207,2023-05-30,12:09:55,callor@callor.com,내멋으로,세상을 바꾼,[세상을 바꾼 작은 씨앗 9]책바보 한창기 우리 문화의 뿌리 깊은 나무가 되다 청어람미디어,0
486,207,2023-03-24,11:39:06,callor@callor.com,내멋으로,내가 꿈꾸는,"[내가 꿈꾸는 사람 3. 축구선수]메시, 축구는 키로 하는 게 아니야 탐",0
487,207,2023-05-10,16:14:05,callor@callor.com,내멋으로,역사속으로 ,[역사속으로 숑숑 10]정조 임금님의 암살을 막아라 - 조선 후기 편 토토북,0
488,208,2023-03-04,15:58:44,callor@callor.com,내멋으로,역사속으로 ,[역사속으로 숑숑 9]조선왕조실록을 사수하라 - 조선 중기 편 토토북,0
489,208,2023-03-14,16:55:00,callor@callor.com,내멋으로,옛날옛날에,(옛날옛날에)산성 따라 굽이굽이 - 산성이 들려주는 설화 속 우리 역사 파란자전거,0
490,209,2023-01-11,16:58:00,callor@callor.com,내멋으로,가자! 역사,"[가자! 역사 속으로 3]대포가 된 홍길동, 전쟁의 역사를 배우다 파란자전거",0
491,209,2023-08-19,9:00:18,callor@callor.com,내멋으로,나도 조선의 ,나도 조선의 백성이라고! - 조선을 지킨 여덟 천민 이야기 파란자전거,0
492,209,2023-07-11,12:49:49,callor@callor.com,내멋으로,거꾸로 읽는,[거꾸로 읽는 책 35]저항하라! 세상의 벽을 향해 던진 연설 32 푸른나무,0
493,209,2023-09-28,14:13:22,callor@callor.com,내멋으로,배움가득 우,[배움가득 우리 문화역사 7]어린이를 위한 한일 외교사 수업 풀과바람,0
494,211,2023-09-07,9:56:51,callor@callor.com,내멋으로,여행길에서 만,여행길에서 만난 국립 박물관 - 가족과 함께 떠나는 국립박물관 12 풀빛,0
495,212,2023-11-20,10:49:33,callor@callor.com,내멋으로,어린이를 위한,어린이를 위한 지도로 보는 한국사 1 - 구석기시대부터 후삼국시대까지 풀빛미디어,0
496,213,2023-11-20,14:03:58,callor@callor.com,내멋으로,어린이를 위한,어린이를 위한 지도로 보는 한국사 2 - 고려시대부터 조선시대 중기까지 풀빛미디어,0
497,215,2023-11-20,13:39:17,callor@callor.com,내멋으로,어린이를 위한,어린이를 위한 지도로 보는 한국사 3 - 조선시대 후기부터 현대까지 풀빛미디어,0
498,215,2023-03-07,14:12:47,callor@callor.com,내멋으로,한겨레 인물,[한겨레 인물탐구 8]린드그렌 - 삐삐 롱스타킹의 탄생 한겨레아이들,0
499,215,2023-09-05,14:55:59,callor@callor.com,내멋으로,한겨레 인물,[한겨레 인물탐구 9]공병우 - 한글을 사랑한 괴짜 의사 한겨레아이들,0
500,215,2023-07-09,14:32:26,callor@callor.com,내멋으로,왕의 목을 친,"왕의 목을 친 남자 - 프랑스 혁명의 두 얼굴, 사형집행인의 고백 한권의책",0
501,216,2017-11-26,16:02:02,callor@callor.com,내멋으로,교실 밖 엉,[교실 밖 엉뚱 별난 역사]교실 밖 엉뚱 별난 한국사 한림출판사,0
502,216,2023-03-29,15:45:06,callor@callor.com,내멋으로,특종 20세기,특종 20세기 한국사 2 - 일제 강점과 독립운동 한솔수북,0
503,216,2023-06-24,13:30:54,callor@callor.com,내멋으로,특종 20세기,특종 20세기 한국사 3 - 해방과 한국전쟁 한솔수북,0
504,216,2023-10-18,17:41:11,callor@callor.com,내멋으로,특종 20세기,특종 20세기 한국사 4 - 독재와 산업화 한솔수북,0
505,216,2023-01-19,16:42:31,callor@callor.com,내멋으로,특종 20세기,특종 20세기 한국사 5 - 민주화와 통일로 한솔수북,0
506,216,2023-05-02,12:40:44,callor@callor.com,내멋으로,"역사를 읊다,","역사를 읊다, 서사시 대백제 함께읽는책",0
507,216,2023-08-12,11:27:53,callor@callor.com,내멋으로,세계 역사를 ,세계 역사를 바꾼 말 한마디 - 세상을 움직인 인물들에게 듣는다! 해와나무,0
508,216,2023-06-19,13:21:25,callor@callor.com,내멋으로,2등을 기록하,2등을 기록하는 역사책 현암사,0
509,217,2023-09-05,13:44:07,callor@callor.com,내멋으로,처음 읽는 인,"처음 읽는 인도사 - 다양함이 공존하는 매혹의 아대륙, 인도 휴머니스트",0
510,218,2023-09-26,10:18:53,callor@callor.com,내멋으로,귀신도 함께 ,"귀신도 함께 먹자, 고수레! - 내 아이에게 읽히고 싶은 도란도란 풍속 동화 휴먼어린이",0
511,219,2023-05-04,16:36:27,callor@callor.com,내멋으로,대한민국 독도,대한민국 독도 교과서 - 어린이가 처음 만나는 독도 이야기 휴이넘,0
512,220,2023-06-29,14:12:30,callor@callor.com,내멋으로,이야기로 보는,이야기로 보는 탐험 지도책 - 세계를 바꾼 놀라운 발견 휴이넘,0
513,221,2017-12-28,10:12:31,callor@callor.com,내멋으로,모나리자도 반,모나리자도 반한 서양미술관 - 르네상스에서 20세기 미술까지 거인,0
514,221,2017-12-13,17:15:23,callor@callor.com,내멋으로,교과서 속 구,교과서 속 구석구석 세계 명화 - 초등 교과서에서 뽑은 세계 명화 모음 계림북스,0
515,223,2023-02-08,11:46:22,callor@callor.com,내멋으로,걸작의 탄생,[걸작의 탄생 2]세상에서 가장 유명한 해바라기 국민서관,0
516,223,2023-02-14,10:58:49,callor@callor.com,내멋으로,쉽게 따라 ,(쉽게 따라 그리는)명화 그림책 그린북,0
517,223,2023-10-03,10:49:31,callor@callor.com,내멋으로,그림과 친해,[그림과 친해지는 명화 톺아보기 2]역사는 왜 명화 속으로 들어갔을까? 낮은산,0
518,224,2023-03-14,17:06:18,callor@callor.com,내멋으로,청소년 문화,[청소년 문화예술교육 1]학교에서 연극하자 - 우리들끼리 대본 보며 연극 만들기 다른,0
519,224,2023-02-23,11:22:42,callor@callor.com,내멋으로,아름답다! ,"[아름답다! 우리 옛 그림 1. 화훼영모.사군자화]선비의 향기, 그림으로 만나다 다섯수레",0
520,224,2023-11-19,16:18:24,callor@callor.com,내멋으로,아름답다! ,"[아름답다! 우리 옛 그림 2. 산수화]선비의 생각, 산수로 만나다 다섯수레",0
521,224,2023-11-24,11:08:06,callor@callor.com,내멋으로,그리스로마 ,[그리스로마 명화신화 5]오디세우스 두리아이,0
522,226,2023-12-07,14:09:20,callor@callor.com,내멋으로,꿈을 주는 ,[꿈을 주는 현대인물선 11]현대미술의 시작 마르셀 뒤샹 리젬,0
523,226,2023-01-03,11:18:58,callor@callor.com,내멋으로,전통공예그림,[전통공예그림책 나비장석]화각 삼층장 이야기 보림,0
524,227,2023-05-06,13:01:05,callor@callor.com,내멋으로,사계절 지식,[사계절 지식소설 4]수상한 화가들 - 즐거운 서양 미술사 시간 여행 사계절출판사,0
525,227,2023-09-12,12:18:20,callor@callor.com,내멋으로,한눈에 반한,[한눈에 반한 미술관]한눈에 반한 민화 미술관 - 까치 호랑이에서 책거리까지 사계절출판사,0
526,227,2023-12-26,14:30:18,callor@callor.com,내멋으로,명화를 남긴 ,명화를 남긴 최고의 화가들 사파리,0
527,227,2023-05-19,14:18:35,callor@callor.com,내멋으로,상상의집 지,[상상의집 지식마당 6]고양이네 미술관 상상의집,0
528,228,2023-09-05,11:59:41,callor@callor.com,내멋으로,상수리 호기,"[상수리 호기심 도서관 21]영화 아는 만큼 보여요 - 영화의 역사와 제작 과정, 3D영화의 특성까지 상수리",0
529,228,2023-07-14,17:04:18,callor@callor.com,내멋으로,그룬트 할아버,그룬트 할아버지의 7가지 초상화 새터,0
530,229,2023-06-08,15:54:40,callor@callor.com,내멋으로,모차르트 오마,"모차르트 오마주 - 모차르트의 선율, 시와 그림을 만나다 서해문집",0
531,229,2023-05-09,9:53:38,callor@callor.com,내멋으로,미술 속 시간,미술 속 시간여행 소년한길,0
532,230,2017-06-07,11:30:56,callor@callor.com,내멋으로,미대 나와서 ,미대 나와서 무얼 할까 1 - 살아 있는 12가지 직업 이야기 안그라픽스,0
533,231,2023-02-02,12:18:16,callor@callor.com,내멋으로,미대 나와서 ,미대 나와서 무얼 할까 2 - 살아 있는 12가지 직업 이야기 안그라픽스,0
534,232,2023-07-08,9:09:14,callor@callor.com,내멋으로,자화상전展,자화상전(展) - 거장들의 자화상으로 미술사를 산책하다 어바웃어북,0
535,232,2023-11-08,13:49:53,callor@callor.com,내멋으로,나도 바흐를 ,"나도 바흐를 즐길 수 있을까 - 클래식 음악, 천천히 깊이 듣는 즐거움 이랑",0
536,232,2023-05-04,10:31:11,callor@callor.com,내멋으로,주니어 음악,[주니어 음악동화 1]백조의 호수 - 차이콥스키가 작곡한 발레 음악 주니어북스,0
537,232,2023-05-24,17:57:57,callor@callor.com,내멋으로,주니어 음악,[주니어 음악동화 2]아이다 - 베르디가 작곡한 오페라 음악 주니어북스,0
538,233,2023-03-14,10:55:34,callor@callor.com,내멋으로,아무도 못 ,[아무도 못 말리는 책읽기 시리즈 7]베토벤이 들려주는 두근두근 오케스트라 책빛,0
539,234,2023-12-14,13:00:21,callor@callor.com,내멋으로,그림책이 참,[그림책이 참 좋아 9]뒤죽박죽 미술관 책읽는곰,0
540,235,2023-03-21,9:06:08,callor@callor.com,내멋으로,"그림이 톡, ","그림이 톡, 생각이 아하! - 사고력을 키우는 미술 감상 토토북",0
541,236,2023-03-10,15:42:48,callor@callor.com,내멋으로,예술톡피카,"[예술톡]피카소, 게르니카를 그리다 톡",0
542,237,2023-06-08,12:44:29,callor@callor.com,내멋으로,구석구석 우,[구석구석 우리문화 4]낯설고도 친근한 우리 쇳대 - 소망과 지혜를 담은 우리 자물쇠  현암사 ,0
543,237,2023-01-07,13:48:36,callor@callor.com,내멋으로,우리 그림이 ,우리 그림이 들려주는 사람 이야기  현암사 ,0
544,238,2023-03-09,14:07:53,callor@callor.com,내멋으로,우리 그림이 ,우리 그림이 들려주는 자연 이야기  현암사 ,0
545,238,2017-12-07,14:25:27,callor@callor.com,내멋으로,청소년을 위,[청소년을 위한 세상읽기 프로젝트 Why Not? 6] 나를 찾습니다 개마고원,0
546,239,2023-07-14,13:10:46,callor@callor.com,내멋으로,희망을 만드,[희망을 만드는 법 5]나스린의 비밀학교 고래이야기,0
547,239,2023-08-29,9:03:57,callor@callor.com,내멋으로,청소년이 꼭,[청소년이 꼭 알아야 할 글로벌리더 성공스토리 4]픽사 - 상상을 현실로 만들다 과학동아북스,0
548,240,2023-08-10,12:54:17,callor@callor.com,내멋으로,청소년이 꼭,[청소년이 꼭 알아야 할 글로벌리더 성공스토리 3]위키피디아 - 세상의 모든 지식을 담다 과학동아북스,0
549,240,2023-01-06,14:56:49,callor@callor.com,내멋으로,청소년 벗,[청소년 벗]외면하지 않을 권리 - 교과서에는 없는 세상을 만나다 교육공동체벗,0
550,241,2023-07-19,11:28:20,callor@callor.com,내멋으로,세계도시파노,[세계도시파노라마 5]올림픽 국민서관,0
551,241,2017-11-29,12:21:03,callor@callor.com,내멋으로,길담서원 청,"[길담서원 청소년인문학교실-몸]몸, 태곳적부터의 이모티콘 궁리",0
552,241,2017-12-18,13:00:37,callor@callor.com,내멋으로,통 큰 어린,"[통 큰 어린이 인문학 시리즈 3]뭐, 돌멩이가 보물이라고? - 고고학자가 들려주는 어린이 고고학 이야기 그린북",0
553,241,2023-06-08,12:26:59,callor@callor.com,내멋으로,10대 너의 ,10대 너의 배움에 주인이 되어라 글담,0
554,244,2023-01-29,9:50:09,callor@callor.com,내멋으로,착한 생각으로,착한 생각으로 세상을 바꾼 사람들 글담어린이,0
555,244,2023-05-24,12:19:17,callor@callor.com,내멋으로,까짓것! 한번,까짓것! 한번 해보는 거야 - 나만의 방식으로 세상에 출사표를 던진 20대 청년의 50개 직업 도전기 글담출판사,0
556,245,2023-10-14,9:06:59,callor@callor.com,내멋으로,너랑 나랑 ,[너랑 나랑 더불어학교 8]어린이가 어린이를 돕는다 - 세계 어린이상 수상자들이 들려주는 인권 활동 이야기 길벗스쿨,0
557,245,2023-04-08,10:26:45,callor@callor.com,내멋으로,꿈결 청소년,[꿈결 청소년 교양서 시리즈 꿈의비행 1]거북이는 왜 달리기 경주를 했을까? 꿈결,0
558,245,2023-07-01,16:17:49,callor@callor.com,내멋으로,꿈결 청소년,[꿈결 청소년 교양서 시리즈 꿈의비행 2]십대를 위한 직업 콘서트 꿈결,0
559,246,2023-03-21,16:25:25,callor@callor.com,내멋으로,다른 게 나쁜,다른 게 나쁜 건 아니잖아요 - SBS스페셜 아름다운 공존을 위한 다문화 이야기 꿈결,0
560,246,2023-11-07,15:38:45,callor@callor.com,내멋으로,"책, 즐겁게 ","책, 즐겁게 읽는 법 - 어린이에게 들려주는 여덟 가지 책 이야기 꿈꾸는꼬리연",0
561,247,2023-05-12,14:42:37,callor@callor.com,내멋으로,세더잘10,"[세더잘10]성형 수술, 외모지상주의의 끝은? 내인생의책",0
562,247,2023-08-01,17:54:26,callor@callor.com,내멋으로,세더잘11,"[세더잘11]사형제도, 과연 필요한가? 내인생의책",0
563,248,2023-03-18,14:51:15,callor@callor.com,내멋으로,세더잘8미,"[세더잘8]미디어의 힘, 견제해야 할까? 내인생의책",0
564,248,2023-02-23,9:29:50,callor@callor.com,내멋으로,너머학교 열,[너머학교 열린교실 7]논다는 것 - 오늘 놀아야 내일이 열린다! 너머학교,0
565,248,2017-11-23,11:05:00,callor@callor.com,내멋으로,노란돼지 창,[노란돼지 창작그림책 12]도깨비 살려! - 우리문화 이야기 : 마을과 집안을 지키는 신 노란돼지,0
566,248,2017-12-03,14:26:30,callor@callor.com,내멋으로,생각이 자라,[생각이 자라는 말과 글 1]익은 말? 익은 말! 녹색지팡이,0
567,248,2023-03-08,11:46:13,callor@callor.com,내멋으로,너한테도 생길,너한테도 생길 수 있는 일 - 학교폭력에 용기 있게 맞서기 다른,0
568,249,2023-07-22,14:48:58,callor@callor.com,내멋으로,I need,"[I need 시리즈 8](얘들아, 학교 가자!)별별 학교 지구촌 친구들 다림",0
569,249,2017-11-30,11:14:59,callor@callor.com,내멋으로,"십대, 고수답","십대, 고수답게 싸워라 - 내 삶에 태클 거는 분노 해결법 뜨인돌",0
570,250,2023-03-09,14:04:07,callor@callor.com,내멋으로,십대를 위한 ,십대를 위한 재미있는 어휘 교과서 2 뜨인돌,0
571,250,2023-01-16,17:47:50,callor@callor.com,내멋으로,신나게 찍고,(신나게 찍고 재밌게 쓰자!)사진 일기 쓰기 뜨인돌어린이,0
572,251,2023-05-20,10:19:13,callor@callor.com,내멋으로,속담왕 시리,[속담왕 시리즈 4]속담골 받아쓰기 대회 - 속담골 삼총사 드디어 선생님이 되다! 뜨인돌어린이,0
573,252,2023-04-15,13:00:30,callor@callor.com,내멋으로,똑똑한 어린이,똑똑한 어린이 어휘 교과서 뜨인돌어린이,0
574,252,2023-11-18,17:34:10,callor@callor.com,내멋으로,미래생각발전,[미래생각발전소 7]믿음의 불편한 진실 종교 미래아이,0
575,252,2023-08-14,11:17:45,callor@callor.com,내멋으로,청소년을 위,[청소년을 위한 LIVE 경제교실 2]경제기사 X-파일 미래의창,0
576,252,2023-11-07,15:47:19,callor@callor.com,내멋으로,청소년을 위,[청소년을 위한 LIVE 경제교실 3]대한민국 경제사 미래의창,0
577,253,2023-05-04,9:46:27,callor@callor.com,내멋으로,미세기 교실,[미세기 교실 밖 직업 체험 학교]처음 만나는 직업책 1 미세기,0
578,253,2023-04-30,13:34:53,callor@callor.com,내멋으로,평화 발자국,[평화 발자국 10]먼지 없는 방 - 삼성반도체 공장의 비밀 보리,0
579,254,2023-04-30,15:43:14,callor@callor.com,내멋으로,평화 발자국,[평화 발자국 9]사람 냄새 - 삼성에 없는 단 한 가지 보리,0
580,254,2023-02-14,11:12:01,callor@callor.com,내멋으로,전통문화 그,[전통문화 그림책 솔거나라]엄마꼭지연 보림,0
581,255,2023-06-29,14:10:17,callor@callor.com,내멋으로,돈의 비밀 -,돈의 비밀 - 돈으로 읽는 세계 경제 이야기 봄나무,0
582,255,2023-12-29,16:49:29,callor@callor.com,내멋으로,부키 전문직,[부키 전문직 리포트 15]사서가 말하는 사서 - 21명의 사서들이 솔직하게 털어놓은 사서의 세계 부키,0
583,255,2023-12-05,14:33:49,callor@callor.com,내멋으로,어린이 성경,어린이 성경 북극곰,0
584,255,2023-12-19,9:15:27,callor@callor.com,내멋으로,그들도 나처럼,그들도 나처럼 소중하다 - 대한민국 최초의 인권대사 박경서 그가 들려주는 세계 인권 이야기 북로그컴퍼니,0
585,256,2023-08-29,12:56:33,callor@callor.com,내멋으로,14살 마음의,14살 마음의 지도 - 부모님과 함께 하는 청소년 힐링캠프 북멘토,0
586,256,2023-05-09,15:29:02,callor@callor.com,내멋으로,통하면 아프지,통하면 아프지 않다 - 우리 시대 소통 멘토에게 듣는 고군분투 청춘 고백  북스코프,0
587,257,2023-04-19,15:11:14,callor@callor.com,내멋으로,"십대, 책에서","십대, 책에서 길을 묻다 - 책에서 지혜와 삶, 꿈의 멘토를 만나다 북씽크",0
588,258,2023-12-23,14:22:52,callor@callor.com,내멋으로,주니어대학 ,[주니어대학 3. 신문방송학]스마트폰이 세상을 바꾼다고? 비룡소,0
589,258,2023-08-26,13:15:28,callor@callor.com,내멋으로,사회는 쉽다 ,"사회는 쉽다 1 - 왕, 총리, 대통령 중 누가 가장 높을까? : 우리나라와 세계의 민주정치 비룡소",0
590,258,2023-10-24,14:52:32,callor@callor.com,내멋으로,사계절 지식,[사계절 지식소설 8]뭘 해도 괜찮아 -꿈을 찾는 진로의 심리학 사계절출판사,0
591,259,2023-07-19,12:13:58,callor@callor.com,내멋으로,일과사람 1,[일과사람 10 한의사]맥을 짚어 볼까요?  사계절출판사,0
592,259,2023-05-11,17:40:10,callor@callor.com,내멋으로,일과사람 8,"[일과사람 8 초등학교 선생님]얘들아, 학교 가자! 사계절출판사",0
593,260,2023-10-21,15:49:41,callor@callor.com,내멋으로,"비정규 씨, ","비정규 씨, 출근하세요? 사계절출판사",0
594,260,2023-04-11,17:35:10,callor@callor.com,내멋으로,나는 알아요,[나는 알아요 6 놀라운 문화]박물관 사파리,0
595,261,2023-05-24,11:28:18,callor@callor.com,내멋으로,나는 알아요,[나는 알아요 7 신나는 생활]집짓기 사파리,0
596,261,2023-04-06,17:09:43,callor@callor.com,내멋으로,산하 지식의,"[산하 지식의 숲 10]장애, 너는 누구니? 산하",0
597,262,2023-06-29,16:52:23,callor@callor.com,내멋으로,산하 지식의,[산하 지식의 숲 11]맛있는 짜장면의 역사 산하,0
598,262,2023-12-24,12:30:02,callor@callor.com,내멋으로,산하 지식의,[산하 지식의 숲 13]노벨 평화상 산하,0
599,262,2023-11-25,17:57:42,callor@callor.com,내멋으로,나는 대학에 ,나는 대학에 가지 않았다 - 삶이 길이 되고 꿈이 땀이 된 고졸 청년들의 이유 있는 선택 살림Friends,0
600,263,2017-12-07,12:44:09,callor@callor.com,내멋으로,말이 세상을 ,말이 세상을 아프게 한다 - 차별과 편견을 허무는 평등한 언어사용 설명서 살림Friends,0
601,264,2023-03-07,11:30:38,callor@callor.com,내멋으로,사회적 감수성,사회적 감수성을 키우는 시민 교과서 - 사회 선생님이 들려주는 세금이야기 살림Friends,0
602,265,2023-03-29,16:05:26,callor@callor.com,내멋으로,상상의집 지,[상상의집 지식마당 5]세상을 바꾼 착한 부자들 - 함께 사는 세상을 위한 나눔 상상의집,0
603,265,2023-12-07,10:32:41,callor@callor.com,내멋으로,상수리 호기,[상수리 호기심 도서관 22]나도 저작권이 있어요! - 김기태 선생님의 교과서 속 저작권 이야기 상수리나무,0
604,266,2023-08-01,10:21:37,callor@callor.com,내멋으로,"괜찮아, 이제","괜찮아, 이제 걱정하지마 - 엄마가 쓴 어린이를 위한 심리 치료 편지 생각을담는어린이",0
605,266,2023-01-11,11:02:36,callor@callor.com,내멋으로,너는 커서 뭐,너는 커서 뭐가 될래? - 10년 후 세상을 바꿀 아이들의 꿈 사전 소란,0
606,267,2023-12-02,17:56:19,callor@callor.com,내멋으로,스콜라 꼬마,[스콜라 꼬마지식인 1]이웃집에는 어떤 가족이 살까? 스콜라,0
607,267,2023-10-21,9:42:34,callor@callor.com,내멋으로,십대들을 위,[십대들을 위한 인성교과서]진정한 부 아름다운사람들,0
608,268,2023-08-16,9:03:45,callor@callor.com,내멋으로,십대들을 위,[십대들을 위한 인성교과서]태도 아름다운사람들,0
609,268,2023-02-23,15:52:20,callor@callor.com,내멋으로,나의 고전 ,[나의 고전 읽기 19]살기 좋은 세상을 향한 꿈 - 맹자 아이세움,0
610,268,2023-08-19,10:49:11,callor@callor.com,내멋으로,나의 고전 ,[나의 고전 읽기 20]옛사람들의 세상 읽기 - 그리스 신화 아이세움,0
611,269,2023-04-19,14:14:40,callor@callor.com,내멋으로,아이세움 배,[아이세움 배움터 32]주강현의 제주도 이야기 - 어린이 제주 인문서 아이세움,0
612,270,2023-09-24,9:15:19,callor@callor.com,내멋으로,우리알고 세,[우리알고 세계보고 4]사람과 짐을 실어나르는 탈것 아이세움,0
613,270,2023-01-06,13:30:51,callor@callor.com,내멋으로,처음 만나는 ,처음 만나는 우리 인문학 - 페르소나와 아니마의 갈림길에서 아포리아,0
614,271,2023-08-03,9:08:35,callor@callor.com,내멋으로,열여덟을 위한,열여덟을 위한 철학캠프 알렙,0
615,271,2023-07-07,16:05:37,callor@callor.com,내멋으로,"그대들, 어떻","그대들, 어떻게 살 것인가 양철북",0
616,271,2023-05-24,15:37:37,callor@callor.com,내멋으로,어린이 인문,[어린이 인문 시리즈 6]좋은 정치란 어떤 것일까요? 어린이나무생각,0
617,271,2023-05-18,14:09:54,callor@callor.com,내멋으로,조금 다른 지,조금 다른 지구마을 여행 - 나를 바꾸고 세상을 배우는 청춘 예담,0
618,271,2023-01-13,9:41:44,callor@callor.com,내멋으로,"아빠, 경영학","아빠, 경영학이 뭐예요? - 아빠가 들려주는 10대를 위한 경영 이야기 예문당",0
619,272,2023-09-12,9:13:54,callor@callor.com,내멋으로,우리청소년교,[우리청소년교양 나이태 6]세상을 바꾼 아름다운 용기 - 아이들의 손으로 살 만한 세상 만들기 우리교육,0
620,272,2023-09-15,17:18:21,callor@callor.com,내멋으로,중학생토론학교,중학생토론학교 교육과 청소년 - 학교와 배움에 대한 일곱 가지 물음 우리학교,0
621,273,2023-05-12,10:00:13,callor@callor.com,내멋으로,작은 경제학,(작은 경제학자를 위한)자본주의 교과서 - 강수돌 선생님과 함께 떠나는 자본주의 역사 여행 웃는돌고래,0
622,273,2023-07-24,17:15:20,callor@callor.com,내멋으로,행복한 관찰,[행복한 관찰 그림책 1]어슬렁어슬렁 동네 관찰기 웅진주니어,0
623,274,2023-07-24,16:40:44,callor@callor.com,내멋으로,행복한 관찰,[행복한 관찰 그림책 2]나의 엉뚱한 머리카락 연구 웅진주니어,0
624,274,2023-07-29,17:47:30,callor@callor.com,내멋으로,Mom - 전,Mom - 전 세계 엄마들의 사생활 윌북,0
625,275,2023-03-14,11:05:06,callor@callor.com,내멋으로,이순 청소년,[이순 청소년 문고 2]공자와 제자들의 유쾌한 교실 이순,0
626,275,2023-01-18,17:21:55,callor@callor.com,내멋으로,정여울의 문학,정여울의 문학 멘토링 - 문학의 비밀을 푸는 18개의 놀라운 열쇠 이순,0
627,275,2023-10-24,16:22:55,callor@callor.com,내멋으로,"국어선생님, ","국어선생님, 잠든 우리말을 깨우다 - 국어사전에서 살려낸 우리말 100 작은숲",0
628,276,2023-11-29,15:59:06,callor@callor.com,내멋으로,초등학생이 ,[초등학생이 꼭 만나야 할 민주사회 이야기 8]다양하다는 것 - 우리 엄마의 고향은 필리핀 장수하늘소,0
629,276,2023-04-21,17:27:13,callor@callor.com,내멋으로,다 같이 돌,(다 같이 돌자)직업 한바퀴 주니어김영사,0
630,277,2023-07-13,11:24:48,callor@callor.com,내멋으로,인성의 기초,[인성의 기초를 잡아주는 처음 인문학동화 3]소크라테스 아저씨네 축구단 주니어김영사,0
631,278,2023-03-28,12:57:21,callor@callor.com,내멋으로,한눈에 펼쳐,[한눈에 펼쳐 보는 전통문화 8]자연의 빛깔을 담은 우리 옷과 장신구 주니어RHK,0
632,279,2023-06-08,15:12:07,callor@callor.com,내멋으로,한 권으로 ,(한 권으로 보는)그림 스포츠 백과 진선아이,0
633,281,2023-06-08,10:50:44,callor@callor.com,내멋으로,우리 함께 웃,우리 함께 웃어요! - 아름다운 세상을 위한 행복 나누기 찰리북,0
634,281,2023-02-02,14:55:04,callor@callor.com,내멋으로,사회와 친해,"[사회와 친해지는 책 - 문화]우리 자연유산 이야기 - 소중한 우리나라 천연기념물, 문화 편 창비",0
635,281,2023-07-08,11:14:29,callor@callor.com,내멋으로,사회와 친해,[사회와 친해지는 책 - 자연]아파트 옆 작은 논 창비,0
636,282,2023-02-28,11:59:05,callor@callor.com,내멋으로,뚝딱뚝딱 인,[뚝딱뚝딱 인권 짓기 2]우리가 바꿀 수 있어! 책읽는곰,0
637,282,2017-12-03,16:20:58,callor@callor.com,내멋으로,우리문화그림,[우리문화그림책 온고지신 13]김치 특공대 책읽는곰,0
638,282,2023-07-21,9:59:05,callor@callor.com,내멋으로,10대를 위,[10대를 위한 책도둑 시리즈 7]10대와 통하는 미디어 - 손석춘 선생님이 들려주는 나를 찾는 미디어 여행 철수와영희,0
639,282,2023-12-23,12:03:49,callor@callor.com,내멋으로,10대를 위,[10대를 위한 책도둑 시리즈 8]10대와 통하는 성과 사랑 철수와영희,0
640,283,2023-04-02,13:10:16,callor@callor.com,내멋으로,길담서원 청,[길담서원 청소년인문학교실-돈]나에게 돈이란 무엇일까? 철수와영희,0
641,283,2023-12-19,9:28:26,callor@callor.com,내멋으로,길담서원 청,[길담서원 청소년인문학교실-집]나는 어떤 집에 살아야 행복할까? 철수와영희,0
642,283,2023-10-18,17:30:25,callor@callor.com,내멋으로,사자성어 한국,사자성어 한국말로 번역하기-맑고 쉽게 살려 쓰는 한국말 철수와영희,0
643,284,2023-03-24,17:45:39,callor@callor.com,내멋으로,내일을 부탁해,내일을 부탁해 - 스펙도 빽도 없는 청춘을 위한 일 찾기 프로젝트 청어람미디어,0
644,284,2023-11-03,14:08:00,callor@callor.com,내멋으로,가로세로그림,[가로세로그림책 4]시장에 가면 만날 수 있어요 초록개구리,0
645,284,2023-12-24,9:00:15,callor@callor.com,내멋으로,가로세로그림,[가로세로그림책 5]아지의 머나먼 여행 초록개구리,0
646,285,2023-10-11,12:24:11,callor@callor.com,내멋으로,더불어 사는,[더불어 사는 지구 41](어린이 모금가들)좌충우돌 나눔 도전기 초록개구리,0
647,286,2023-05-14,16:37:28,callor@callor.com,내멋으로,유엔아동권리,(유엔아동권리협약으로 알아보는)세계 어린이를 위한 소중한 약속 키다리,0
648,286,2023-08-22,13:32:39,callor@callor.com,내멋으로,랩으로 인문학,랩으로 인문학 하기 탐,0
649,287,2023-03-30,11:12:25,callor@callor.com,내멋으로,춤추는 평화 ,춤추는 평화  탐,0
650,287,2023-04-22,9:24:38,callor@callor.com,내멋으로,토토 생각날,[토토 생각날개 24]세계문화유산 양동마을 - 우리의 전통이 살아 숨 쉬는 곳 토토북,0
651,287,2023-12-01,15:05:12,callor@callor.com,내멋으로,토토 우리문,"[토토 우리문화 학교 4]놀자, 노세! 전통 놀이 이야기 토토북",0
652,287,2017-11-19,17:06:24,callor@callor.com,내멋으로,세상에서 가장,"세상에서 가장 쉬운 일, 자원봉사 - 봉사하며 꿈을 찾은 하늘이의 나눔 이야기 토토북",0
653,288,2023-01-23,12:30:00,callor@callor.com,내멋으로,톡 꼬마 철,[톡 꼬마 철학자 2]장애란 뭘까? 톡,0
654,288,2023-08-08,12:11:00,callor@callor.com,내멋으로,톡 꼬마 철,[톡 꼬마 철학자 3]삶과 죽음에 대한 커다란 책 톡,0
655,288,2023-06-20,14:15:44,callor@callor.com,내멋으로,어린이를 위,(어린이를 위한)양성평등 이야기 파라주니어,0
656,289,2017-11-13,10:37:27,callor@callor.com,내멋으로,마시얼의 27,마시얼의 27일간 경제탐험 - 소설로 읽는 경제 이야기 파라주니어,0
657,291,2023-01-18,14:28:46,callor@callor.com,내멋으로,나도 잘하고 ,나도 잘하고 싶다구 - 책보다 무거운 어깨를 짊어진 십대들의 진짜 외침 팜파스,0
658,291,2023-01-19,10:07:49,callor@callor.com,내멋으로,"나란 놈, 너","나란 놈, 너란 녀석 - 열일곱 살, 친구 관계를 생각하다 팜파스",0
659,291,2023-01-24,10:27:40,callor@callor.com,내멋으로,내가 먼저 ,[내가 먼저 시리즈 4]내가 먼저 조심하는 안전생활 - Safe 푸른날개,0
660,292,2023-07-29,16:28:14,callor@callor.com,내멋으로,생각이 자라,"[생각이 자라는 나무 23]경제교과서, 세상에 딴지걸다 푸른숲",0
661,292,2023-05-03,10:20:58,callor@callor.com,내멋으로,어린이를 위,"(어린이를 위한)바람의 딸, 우리 땅에 서다 1 푸른숲주니어",0
662,292,2023-05-03,15:04:52,callor@callor.com,내멋으로,어린이를 위,"(어린이를 위한)바람의 딸, 우리 땅에 서다 2 푸른숲주니어",0
663,293,2023-03-03,15:46:17,callor@callor.com,내멋으로,우리 얼 그,"[우리 얼 그림책 2]안녕, 태극기! 푸른숲주니어",0
664,293,2023-04-01,15:46:57,callor@callor.com,내멋으로,장바구니는 왜,장바구니는 왜 엄마를 울렸을까? 풀빛,0
665,293,2023-06-19,17:07:56,callor@callor.com,내멋으로,피노키오에게도,피노키오에게도 인권이 있을까? - 명작 동화와 함께 읽는 세계인권선언 플러스예감,0
666,294,2023-05-24,14:40:28,callor@callor.com,내멋으로,공부하고 놀,[공부하고 놀자 4]착한 설탕 사 오너라 - 공정무역 세계사 여행 학고재,0
667,295,2023-08-03,10:06:44,callor@callor.com,내멋으로,학고재 그림,[학고재 그림책 2]노자 할아버지 같이 놀아요! 학고재,0
668,296,2023-12-22,12:34:15,callor@callor.com,내멋으로,학고재 쇳대,[학고재 쇳대 3]떡볶이 주세요 - 음식 유래담  학고재,0
669,296,2023-02-04,15:29:17,callor@callor.com,내멋으로,열두 살 직,"[열두 살 직업체험 시리즈 ]독수리 오남매, 법률가를 만나다! 한겨레아이들",0
670,296,2023-09-14,14:30:30,callor@callor.com,내멋으로,지구마을 리,[지구마을 리포트 1]아프리카 국경버스 한겨레아이들,0
671,297,2023-11-02,15:27:18,callor@callor.com,내멋으로,한국 속 지구,한국 속 지구마을 리포트 한겨레아이들,0
672,297,2023-11-01,17:20:46,callor@callor.com,내멋으로,다문화 백과사,다문화 백과사전 - 혼자보다 우리가 똑똑하다 한권의책,0
673,297,2023-06-28,10:16:47,callor@callor.com,내멋으로,세계 유명 ,[세계 유명 박물관 여행 시리즈 7]미리 가본 국립민속박물관 한림출판사,0
674,297,2023-09-19,14:16:41,callor@callor.com,내멋으로,좌충우돌 선거,"좌충우돌 선거운동 - 아이들의 선거, 어른들의 선거 한림출판사",0
675,297,2023-09-13,14:02:50,callor@callor.com,내멋으로,열린 마음 ,[열린 마음 다문화 10](단야바드 인도) 가네샤 신의 선물 한솔수북,0
676,297,2023-03-02,10:31:27,callor@callor.com,내멋으로,열린 마음 ,[열린 마음 다문화 8](즈드라스트부이쩨 러시아) 마법 인형 마트료시카 한솔수북,0
677,297,2023-06-09,16:47:05,callor@callor.com,내멋으로,열린 마음 ,[열린 마음 다문화 9](너머스떼 네팔) 히말라야 환상 여행 한솔수북,0
678,298,2023-06-20,16:50:37,callor@callor.com,내멋으로,철학그리다 ,[철학그리다 2. 칸트]칸트 교수의 정신없는 하루 함께읽는책,0
679,298,2023-04-03,14:37:13,callor@callor.com,내멋으로,공부는 왜하나,공부는 왜하나? 해그림,0
680,298,2023-07-09,10:54:10,callor@callor.com,내멋으로,청소년을 위한,청소년을 위한 정신 의학 에세이 해냄출판사,0
681,299,2023-03-19,15:02:03,callor@callor.com,내멋으로,피어라 우리,"[피어라 우리 문화 3]한식, 우주를 담은 밥상 해와나무",0
682,299,2023-08-03,11:15:29,callor@callor.com,내멋으로,세모 지식 ,[세모 지식 박물관 4]종이는 힘이 세다  현암사,0
683,299,2023-03-05,13:03:12,callor@callor.com,내멋으로,인권 지킴이,[인권 지킴이 1]나는 어린이 병사 - 총을 들고 죽어가는 분쟁지역의 아이들 현암사,0
684,299,2023-03-05,12:52:34,callor@callor.com,내멋으로,인권 지킴이,[인권 지킴이 2]나는 어린이 노동자 - 세계 2억 노동하는 아이들의 이야기 현암사,0
685,300,2023-05-02,12:02:47,callor@callor.com,내멋으로,철학에게 미래,철학에게 미래를 묻다 - 미래를 읽는 22가지 생활 속 화두 휴머니스트,0
