이름,전화번호,주소
필영후,090-8403-5218,경남 김해시 어방동 1088-7
복재민,090-3193-6138,강원도 속초시 대포동 956-5
피태영,090-4623-7910,"경북 영천시 문외동 38-3번1,2F"
순대영,090-4684-4286,서울시 구로구 구로동 3-35번지 1F
변재호,090-6626-8662,강원도 동해시 천곡동 1077-3
제갈동연,090-2644-8678,대구 수성구 수성3가 322-1번지
진대윤,090-4551-3117,울산시 울주군 서생면 간절곶해안길 205 울주군특산물판매장 2F
경시현,090-7433-3455,거제시 장승포동 702-4
돈송혁,090-5107-5788,경기도 이천시 창전동 166-13번지
춘대권,090-4202-4177,"경남 밀양시 내일동 649-7다복빌딩 1,2F"
석서훈,090-2781-5176,"경기도 파주시 문산읍 문산리 61-35번지 1,2F"
경시현,090-6597-7981,충북 증평군 증평읍 창동리 65번지
최장현,090-4621-3246,제주시 연동 1482번지 1층
두채훈,090-7269-4407,울산시 남구 옥동 143-12
나한율,090-7252-6109,강원도 속초시 중앙로 150-1
여동은,090-2749-8183,전남 나주시 대호동 1029-2
사성준,090-8045-5512,경북 구미시 옥계동 840번지 경북프라자 1층
삼찬후,090-7129-6224,경기도 이천시 신둔면 용면리
어민기,090-5664-3616,충북 충주시 가금면 용전리
함민서,090-5284-3293,제주특별자치도 서귀포시 대정읍 상모리 133-8 번지외1필지
순대영,090-3415-4086,경기도 파주시 금촌동 987-6번지 혜인빌딩 1층
춘찬영,090-3494-6358,제주 공항로 2가 여객청사 1층 1번 대합실
진승환,090-2256-4644,서울시 강서구 화곡동 1006-9
개원훈,090-6675-3807,서울시 강서구 가양동 1479-9
삼윤후,090-6067-7108,인천시 서구 검암동 606-7
피태영,090-6637-5953,경기도 화성시 능동 445-2외 10필지
진승우,090-2687-4243,"경기도 고양시 일산동구 장항동 868 웨스턴돔 B동 108호, 208호"
두동환,090-5746-4603,"서울시 관악구 신림동 1640-3 2,3,4F"
춘인규,090-5102-6014,경기도 양평군 양평읍 양근리 201-15
명윤일,090-6534-5273,대구시 동구 율하동 1223
필영후,090-7836-7051,전북 부안군 변산면 격포리 290-1 채석강 국립공원 내 바다호텔 1층
변재호,090-5396-8726,강원도 원주시 행구동 1847-3
방채호,090-7863-2342,충남 아산시 배방읍 복수리 1019
진동혜,090-5155-6468,울산시 동구 서부동 113-48
갈한수,090-2599-3713,경기도 화성시 봉담읍 동화리 113-1번지
이윤진,090-5733-3582,경남 창원시 대방동 자양로 136
피태영,090-6878-4442,서울시 도봉구 쌍문동 45-8 1F
초시민,090-8059-5082,경남 창원시 진해구 이동 464-2번지 1층
춘인규,090-3756-2073,인천시 연수구 동춘동 926번지 1층
내세원,090-3750-7888,경북 경주시 성건동 684-9번지 1층
돈재현,090-3414-8089,전남 구례군 산동면 좌사리 110-1
모재원,090-2467-4936,서울시 강북구 미아동 838-4번지
필영후,090-8141-5327,경기도 성남시 분당구 삼평동 741
엄은진,090-7034-8866,경남 김해시 장유면 관동리 1101-1번지
점재민,090-7986-5225,경기도 과천시 막계동 33 서울랜드 정문
개원훈,090-6084-3592,충남 아산시 배방읍 장래리 1760 1층
초원혁,090-3537-5869,광주시 서구 치평동 1223-3.4
여민국,090-8890-7811,경기도 파주시 동패동 56 형성프라자 1층 113호
개원훈,090-4813-5426,경기도 일산시 서구 대화동 2606
학생이름,090-8086-5884,광주시 남구 진월동 259번지
피태영,090-7034-5888,부산시 동래구 명륜동 569-12
은현준,090-7606-8595,전북 김제시 검산동 844
문은진,090-3281-7623,경기도 용인시 처인구 김량장동 23-1번지 용인터미널 내
제동희,090-2654-8866,충남 천안시 석북구 백석동 878번지 1F
돈재현,090-3807-5735,경기도 수원시 권선구 금곡동 572-5
진대윤,090-6202-5453,서울시 영등포구 여의도동 23번지 ifc몰 국제금융센터
이윤진,090-4796-3244,강원도 원주시 문막읍 동화리 113번지
소윤수,090-4785-2000,"서울시 광진구 구의동 611번지 강변상가1,2층"
삼윤후,090-5139-6741,"충남 공주시 중동 67-3번지 1,2F"
진대원,090-5356-5644,인천시 서구 마전동 621-5
배채호,090-6275-7166,울산시 동구 서부동 315-34 2/3층
기은성,090-3408-8514,경기도 수원시 천천동 528-1
빈성희,090-8620-4334,충남 공주시 신관동 191-7번지
방윤후,090-2632-2927,경기도 안산시 상록구 본오동 874-11
진승일,090-6710-2844,충남 아산시 탕정면 명암리 931-1
소대권,090-4031-2429,대전시 서구 도안동 963번지
신찬영,090-2264-8200,전남 여수시 종화동 470
박수혁,090-7025-3153,인천시 송도 커넬워크 3동 1층 156호
문은진,090-5834-6899,울산시 중구 태화동 593-17
방윤후,090-5017-6945,경기도 고양시 일산구 주엽2동 22번지 지하2층
여민국,090-8664-7694,경기도 용인시 기흥구 보라동 579-2
여민국,090-5873-6855,부산시 해운대구 좌동 1270-5 103호
초시민,090-5419-2010,경북 경주시 천군동 206-3
신찬영,090-5003-2788,경기도 남양주시 별내면 화점리 58-65
아동은,090-3929-4379,충남 천안시 불당동 아산신도시 펜타포트점 B2
원성빈,090-5998-2943,"부산시 연제구 연산동728-1번지 1,2,3층"
복준완,090-2034-6002,경기도 가평군 청평면 대성리 399-103
여민국,090-6861-3336,대전시 서구 도마동 29-32번지
초원혁,090-7056-3142,인천시 계양구 임학동 67-9 1F
사성준,090-7471-7839,경기도 수원시 영통구 광교신도시 2-51-1
방윤후,090-7997-5776,인천시 연수구 선학동 406-5번지 1층
제영후,090-4935-3688,서울시 동대문구 전농동 30-3
양동인,090-4780-4492,광주시 북구 운암동1044-2번지
돈재현,090-7720-4112,광주시 서구 금호동 762-5번지
풍동해,090-2808-3376,경북 경주시 북군동 57-24
개원훈,090-7439-2537,충남 부여군 부여읍 구아리 96-4
내세원,090-8464-3171,경남 진주시 상대동 300-59번지 다점빌딩 1F
최장현,090-2464-2459,울산시 중구 옥교동 95
석서훈,090-8292-8943,서울시 종로구 관철동 5-13 1층
춘대권,090-5794-2581,인천시 연수구 동춘동 937-3번지
유민국,090-3499-3002,서울시 중구 신당동 140-10 1층
독고예준,090-8207-5655,경기도 부천 원미구 상동 539-1 4층
돈재현,090-4027-3318,서울시 서대문구 성산로 250번지
유준호,090-3569-4127,대구시 달서구 감삼동 452-3.월드마크 상가 106동 105호
기은성,090-7823-3033,경기도 수원시 영통구 광교신도시 13BL
뇌성수,090-8441-5738,전남 목포시 용당동 1088-8
돈재현,090-3983-8102,경남 거창군 거창읍 상림리 825번지
돈재현,090-7470-5073,울산시 남구 달동 130-3번지
유민국,090-7264-8239,서울시 양천구 신정동 1183-9
허시후,090-2177-4823,경북 구미시 봉곡동 204-1
돈송혁,090-7767-7904,충남 천안시 서북구 성정동 648-1
비현호,090-5340-7112,충남 서산시 잠홍동 463번지
초원혁,090-3326-6883,부산시 해운대구 중동 1776-1번지
심장호,090-6807-8837,서울시 은평구 갈현동 396-11
은현준,090-8288-4281,부산시 진구 부암동 69-5
평윤섭,090-5325-4169,"서울시 종로구 적선동 107-1 1,2,3층"
빈성희,090-2641-4947,"경기도 고양시 덕양구 화정동 972 영프라자 102호,201호"
명윤일,090-8222-8480,서울시 동작구 사당동 130-25번지
사성준,090-7760-3487,광주시 서구 쌍촌동 1271-1
유준호,090-4344-4489,경남 진주시 신안동 447-4번지
피태영,090-6189-8001,울산시 북구 매곡동 542-12
심장호,090-8131-7237,서울시 서초구 반포동 1053
옥원준,090-4981-3922,경기도 양주시 광사동 654
사원혁,090-3219-2440,서울시 강동구 명일동 353-1번지
여민국,090-4542-8924,서울시 송파구 문정동 107-2
하재찬,090-4031-6582,경기도 광주시 경안동 32-1번지
점재민,090-6592-8104,대구시 서구 평리3동 1093-11
방윤후,090-6474-4191,경남 창녕군 영산면 신제리 1471-1
나한율,090-8578-7870,부산시 부산진구 부전동 573번지
기원호,090-5764-7318,경북 문경시 모전동 883-4
춘찬영,090-3884-7908,경기도 화성시 반송동 42-5번지
복재민,090-7862-8809,경북 구미시 임수동 92-28번지
강이찬,090-2380-7555,충남 서산시 동문동 269-3번지
초원혁,090-2895-6357,경북 경주시 황성동 470번지
제갈동연,090-8078-2318,충북 옥천군 옥천읍 매화리 43-8번지
사원혁,090-3639-5361,경기도 화성시 팔탄면 덕천리 102-1
진승일,090-6704-4259,전남 여수 여서동 497-7
두동환,090-8653-8423,서울시 서초구 서초동 1305-7 번지 2층
두동환,090-7998-6076,서울시 서대문구 홍은동 48-84
뇌성수,090-7805-8266,서울시 마포구 공덕동 423번지 b2호
야유신,090-3201-4728,인천시 남동구 구월동 1474-1번지
유성율,090-8782-4647,서울시 마포구 도화동 179-3번지
복재민,090-3996-8579,인천시 서구 심곡동 247-1
진승환,090-8879-8991,경북 포항시 남구 연일읍 유강리 596-1
황원혁,090-7547-8914,서울시 종로구 평창동 158-1
점재민,090-4135-8764,경남 김해시 내동 1131-4번지
춘인규,090-7117-5175,서울시 강남구 삼성1동 108-4
돈재현,090-2075-6333,서울시 성북구 돈암동 625-2번지
두동환,090-4550-8949,경기도 수원시 장안구 영화동 282-5
공동영,090-8169-6823,대구시 달성군 다사읍 매곡리 1547-12
담원준,090-2767-5276,인천시 계양구 작전동 911-6번지
단수혁,090-4876-7587,강원도 원주시 무실동 1734-4
판한수,090-3845-2868,경기도 용인시 처인구 역북동 436
판한수,090-8990-8060,강원도 춘천시 조양동 144-3
기대연,090-2334-4983,부산시 진구 부전동 537-9번지
변재호,090-6987-4227,"부산시 해운대구 중동 1417-2 1,2층"
방채호,090-6262-6900,경기도 성남시 중원구 성남동 2126
춘인규,090-6423-7121,강원도 강릉시 강문동 304-5번지
양동인,090-2972-8101,서울시 노원구 공릉동 386-1
박수혁,090-3555-8874,경기도 남양주시 와부읍 덕소리 462-9
진승환,090-5541-3702,대전시 동구 용전동 63-3번지
강이찬,090-4332-8300,인천시 중구 인현동 29-28
풍동해,090-6331-3068,서울시 영등포구 당산동 3가 189번지
은현준,090-2383-8050,대전시 동구 소제동 293-74 (대전ktx 3층 맞이방)
단수혁,090-2302-7709,광주시 서구 쌍촌동 964-8
황원혁,090-3963-7698,경북 김천시 신음동 460-10번지
담성민,090-8766-7594,대구시 수성구 두산동 100-2
해송혁,090-6683-6614,"서울시 강남구 청담동 68-16번지, 1층"
뇌성수,090-2596-3400,경기도 용인시 기흥구 중동 848-3
개원훈,090-2221-3740,서울시 광진구 중곡동 164-1
기은성,090-4884-2190,경기도 남양주시 진접읍 금곡리 1083-4
제민기,090-3063-8036,경기도 화성시 향남읍 행정리 474-5
복재민,090-6112-8978,경기도 남양주시 호평동 638-1
황원혁,090-5591-2107,경남 진주시 초전동 1638-8번지
양동인,090-8794-5576,서울시 강남구 역삼동 720-34
초시민,090-7290-4227,서울시 노원구 중계4동 142-3
원성빈,090-8413-3812,대구시 동구 효목동 1060번지
배채호,090-7305-3598,대전시 중구 중촌동 16-10번지
양동인,090-5958-5026,충남 당진군 당진읍 수청리 999번지
배채호,090-2578-5041,부산시 연제구 연산9동 490-15번지
삼찬후,090-6986-8612,대전시 중구 안영동703
경시현,090-3532-6417,경기도 광명시 철산동 367
풍동해,090-2601-8616,대전시 서구 복수동 755번지
소대권,090-5139-5939,서울시 강동구 명일동 48-1
단수혁,090-2202-5768,충남 공주시 정안면 전평리 5-10번지
개원훈,090-8527-5110,대구시 달서구 상인동 1586-1
초재현,090-3404-6778,부산시 부산진구 당감동 282-84
양은성,090-8744-2955,서울시 마포구 상암동 4-4 상암IT타워 1층?
유준호,090-7949-6800,전남 목포시 상동 1160-9
초시민,090-6200-8641,부산시 수영구 남천동 148-48
삼윤후,090-8589-6409,대전시 동구 용전동 복합터미널 서관 63-3 1층
이윤진,090-5713-6661,부산시 사하구 하단동 492-40번지
원성빈,090-7842-2751,강원도 강릉시 옥천동 163-1
춘인규,090-7719-2922,충남 논산시 취암동 849 번지
문은진,090-3644-3185,경기도 고양시 덕양구 행신2동 812번지
하재찬,090-2336-5210,대전시 서구 만년동 356번지
석서훈,090-6832-2563,경북 구미시 남통동 414-97
모재원,090-6191-5256,경북 구미시 인의동 374-6
학생이름,090-8323-7333,전북 익산시 모현동 1가 854 번지
돈송혁,090-8619-6855,경기도 안성시 공도읍 만정리 817-2
사성준,090-2251-7373,서울시 광진구 광장동 530-25
진승우,090-5458-5388,서울시 송파구 방이동 45-2 금복빌딩 1층
어민기,090-7465-5776,충남 천안시 쌍용동 392-1번지
기대연,090-3787-5987,서울시 동작구 사당동 257-27번지
방윤후,090-4948-6036,서울시 중랑구 신내동 565-1
춘찬영,090-8932-2932,인천시 남동구 간석동 413-3 1층
야유신,090-7230-3016,서울시 송파구 신천동 7-20
지승현,090-7504-6837,경기도 포천시 소홀읍 송우리 187?
모재원,090-8485-3988,충북 충주시 칠금동 579
초재현,090-5960-6119,서울시 송파구 잠실동 36-2