"seq";"isbn";"title";"link";"image";"author";"price";"discount";"publisher";"description";"pubdate";"genre";"B_UPDATE"
187;"9780071315869";"Data Communications and Networking, 5/E";"http://book.naver.com/bookdb/book_detail.php?bid=6974404";"https://bookthumb-phinf.pstatic.net/cover/069/744/06974404.jpg?type=m1&udate=20141001";"FOROUZAN";39000;0;"McGraw-Hill";"THE FIFTH EDITION OF BEHROUZ FOROUZAN'S DATA COMMUNICATIONS AND NETWORKING PRESENTS A COMPREHENSIVE AND ACCESSIBLE APPROACH TO DATA COMMUNICATIONS AND NETWORKING THAT HAS MADE THIS BOOK A FAVORITE WITH STUDENTS AND PROFESSIONALS ALIKE. MORE THAN 830 FIGURES AND 150 TABLES... ";"20120701";"";"2022-12-01 13:27:17.052"
254;"9781292405469";"Computer Networking (Global Edition)";"http://book.naver.com/bookdb/book_detail.php?bid=21289534";"https://bookthumb-phinf.pstatic.net/cover/212/895/21289534.jpg?type=m1&udate=20220224";"James Kurose";92020;0;"PearsonEducationLimited";"";"20210610";"";"2022-12-01 13:27:17.052"
137;"9788901057415";"엑셀함수 필살기";"http://book.naver.com/bookdb/book_detail.php?bid=2485319";"https://bookthumb-phinf.pstatic.net/cover/024/853/02485319.jpg?type=m1&udate=20061103";"이동숙";13900;0;"NEWRUN";"&gt;&gt; 초보 사용자 누구라도 쉽게 쓸 수 있는 엑셀 함수 필살기함수는 엑셀 기능의 백미라고 할 수 있다. 엑셀을 사용해본 사람이라면 누구나 한 번쯤은 엑셀 함수를 써보았을 것이다. 그러나  함수는 매우 어려운 것이라고 생각하고 중도에 포기하는 경우가 많다. 왜 그럴까? 많은 엑셀 함수 책들이 업무 상황에... ";"20060607";"";"2022-12-01 13:27:17.052"
60;"9788901230801";"나의 월급 독립 프로젝트 (3년 만에 30억 벌고 퇴사한 슈퍼개미의 실전 주식투자 생중계)";"http://book.naver.com/bookdb/book_detail.php?bid=14742640";"https://bookthumb-phinf.pstatic.net/cover/147/426/14742640.jpg?type=m1&udate=20220430";"유목민";18000;0;"리더스북";"수익에서 멀어지는 주식투자의 고정관념을 깨는 새로운 관점을 전한다!『나의 월급 독립 프로젝트』는 결혼을 앞두고 변변한 전세금도 마련할 수 없었던 직장인인 저자가 축의금을 긁어모은 여윳돈 480만 원으로 본격적인 주식 투자를 시작해 3년 만에 30억 수익을 올리고 월급에서 독립한 과정과 거기서 얻은... ";"20190422";"";"2022-12-01 13:27:17.052"
106;"9788901244839";"솔직한 척 무례했던 너에게 안녕 (칠 건 치고 둘 건 두는 본격 관계 손절 에세이)";"http://book.naver.com/bookdb/book_detail.php?bid=16624538";"https://bookthumb-phinf.pstatic.net/cover/166/245/16624538.jpg?type=m1&udate=20210902";"솜숨씀";14800;0;"웅진지식하우스";"“소확행은 역시 인맥보단 치맥이지!”착하고 쿨한 사람인 척은 그만,
이제 관계에도 편집이 필요합니다
아무렇지도 않은 얼굴로 선을 넘는 사람들이 있다. 상대방에게 중요한 문제는 간단하게 무시해버리고는 “내가 뭐?”를 시전하는, 세상 편한 사람들. 여기서 불편해지는 건 대개 착하고 소심한 사람들이다.... ";"20200901";"";"2022-12-01 13:27:17.052"
108;"9788925566030";"여든아홉이 되어서야 이 이야기를 꺼냅니다";"http://book.naver.com/bookdb/book_detail.php?bid=15000538";"https://bookthumb-phinf.pstatic.net/cover/150/005/15000538.jpg?type=m1&udate=20190603";"한준식";13000;0;"알에이치코리아";"“태어났을 때는 나라가 없었고, 광복의 기쁨을 누린 것도 잠시,
한민족끼리 서로 총부리를 들이댈 수밖에 없었던 서글픈 세대에 대한 회고록”이 책은 한 개인의 기록이 아닌 우리나라를 지켜낸 선배 세대의 기록이자, 아픔의 기록이다. 태어났을 때는 나라가 없었고, 광복의 기쁨을 누린 것도 잠시, 한민족끼리... ";"20190528";"";"2022-12-01 13:27:17.052"
57;"9788925599632";"규칙 없음 (넷플릭스, 지구상 가장 빠르고 유연한 기업의 비밀)";"http://book.naver.com/bookdb/book_detail.php?bid=16628720";"https://bookthumb-phinf.pstatic.net/cover/166/287/16628720.jpg?type=m1&udate=20220203";"리드 헤이스팅스|에린 마이어";25000;0;"알에이치코리아";"“통제와 규정은, 무능력한 직원에게나 필요한 것!”
| 넷플릭스 CEO 리드 헤이스팅스의 첫 책 |넷플릭스 CEO 리드 헤이스팅스의 첫 책『규칙 없음』. 1997년 설립 당시, 넷플릭스는 우편으로 DVD를 대여해 주는 회사에 불과했다. 그러나 2020년 현재는 한국을 포함해 190여 개국 전 세계인에게 즐거움을 선사하며... ";"20200908";"";"2022-12-01 13:27:17.052"
142;"9788931413243";"엑셀 2000 매크로와 VBA 제대로 활용하기";"http://book.naver.com/bookdb/book_detail.php?bid=1236948";"https://bookthumb-phinf.pstatic.net/cover/012/369/01236948.jpg?type=m1&udate=20130125";"유호철";16000;0;"영진닷컴";"프로그램 코드의 늪에서 헤메지 않고 여러가지 실무  예제를 그대로 따라하면서 엑셀2000매크로를 익힐 수 있는 책.";"20000103";"";"2022-12-01 13:27:17.052"
143;"9788931413564";"엑셀2000함수제대로활용하기(엑셀97포함) (초보자를 위한 입문 활용서)";"http://book.naver.com/bookdb/book_detail.php?bid=1614515";"";"유호철";15000;0;"영진.COM";"";"20000111";"";"2022-12-01 13:27:17.052"
194;"9788931430752";"비주얼 베이직 6 기본+활용";"http://book.naver.com/bookdb/book_detail.php?bid=1916455";"https://bookthumb-phinf.pstatic.net/cover/019/164/01916455.jpg?type=m1&udate=20090110";"김대응";17000;0;"영진닷컴";"대학교 및 학원 교재용으로 개발된 비주얼 베이직 6 기본+활용 교재. 이론가 실습이 함께 이루어지며 비주얼 베이직의 기초부터 활용까지 모두 배울 수 있다.
";"20041230";"";"2022-12-01 13:27:17.052"
192;"9788931455007";"이기적 in 직업상담사 2급 1차 필기 기출문제집 (2017,기출문제 29회 수록 2007~2016년)";"http://book.naver.com/bookdb/book_detail.php?bid=11587339";"https://bookthumb-phinf.pstatic.net/cover/115/873/11587339.jpg?type=m1&udate=20170923";"김덕희";25000;0;"영진닷컴";"본 도서는 직업상담사 2급 1차 필기시험을 준비하는 수험생들이 효과적으로 시험에 대비할 수 있도록 구성된 기출문제집입니다. 이 도서에는 김덕희 교수의 수많은 강의 경험을 통해 29회분(2007~2016년)의 기출문제(2007년 2회분은 PDF로 제공)를 철저히 분석하여 가장 최근에 시행됐던 문제부터 과년도... ";"20170201";"";"2022-12-01 13:27:17.052"
212;"9788931463422";"다재다능 코틀린 프로그래밍 (다양한 프로그래밍 패러다임으로 살펴보는 코틀린 기본서)";"http://book.naver.com/bookdb/book_detail.php?bid=18002924";"https://bookthumb-phinf.pstatic.net/cover/180/029/18002924.jpg?type=m1&udate=20210929";"벤컷 수브라마니암";30000;0;"영진닷컴";"다양한 언어들의 장점들을 한데 모은 코틀린 완벽 사용법코틀린은 간단한 스크립트 프로그램부터 안드로이드 앱, 웹 앱을 비롯해 다양한 플랫폼으로 컴파일 되는 다재다능한 언어다. 간결함과 안정성, 상호 운용능력을 장점으로 내세운 코틀린은 2019년 구글에서 안드로이드의 우선 지원 언어로 지정하며 많은... ";"20210215";"";"2022-12-01 13:27:17.052"
134;"9788932110455";"돈 보스코처럼 교육합시다";"http://book.naver.com/bookdb/book_detail.php?bid=3122864";"https://bookthumb-phinf.pstatic.net/cover/031/228/03122864.jpg?type=m1&udate=20130710";"카를로 데 암브로지오";10000;0;"가톨릭출판사";"카를로 데 암브로지오 신부의 청소년교육서, 『돈 보스코처럼 교육합시다』. 살레시오 수도회를 창립하여 청소년들의 교육을 위해 평생을 헌신한 돈 보스코는, 실질적이면서도 활력이 넘치는 사도의 전형이었다.

돈 보스코의 가르침은 청소년들과 함께 생활하면서 얻어지는 신뢰와 사랑에 바탕을 둔 것이었다.... ";"20070928";"";"2022-12-01 13:27:17.052"
4;"9788932474427";"공간의 미래 (코로나가 가속화시킨 공간 변화)";"http://book.naver.com/bookdb/book_detail.php?bid=18900126";"https://bookthumb-phinf.pstatic.net/cover/189/001/18900126.jpg?type=m1&udate=20220514";"유현준";16000;0;"을유문화사";"도시는 과연 해체될까?집, 회사, 학교, 상업 시설, 공원… 우리가 생활하고 있는 공간의 가까운 미래를 엿보다우리가 사는 공간은 그 안에 사는 인간의 변화에 맞춰 함께 변화해 왔다. 그런데 코로나19로 우리의 일상이 바뀌면서 공간의 변화 속도가 빨라졌고, 나아가던 방향도 조금 틀어졌다. 이 책은 집, 회사... ";"20210425";"";"2022-12-01 13:27:17.052"
2;"9788932835129";"가난한 자들의 친구";"http://book.naver.com/bookdb/book_detail.php?bid=205463";"https://bookthumb-phinf.pstatic.net/cover/002/054/00205463.jpg?type=m1&udate=20160927";"비브 그릭";9000;0;"IVP";"선교사 비브 그릭의 『가난한 자들의 친구』. 뉴질랜드 태생의 저자는 자신의 소명을 깨닫고 1979년 10월, 마닐라 타탈론의 빈민가로 들어갔다. 그곳에서 저자는 빈민들의 필요를 보았고, 예수님의 자취를 따라 빈민가 선교의 모범을 보여주었다. 이 책은 '가난'이라는 상황에서 동떨어진 채 빈민들의 영적인... ";"19921201";"";"2022-12-01 13:27:17.052"
3;"9788934949671";"우리는 여전히 삶을 사랑하는가";"http://book.naver.com/bookdb/book_detail.php?bid=21474584";"https://bookthumb-phinf.pstatic.net/cover/214/745/21474584.jpg?type=m1&udate=20220430";"에리히 프롬";15800;0;"김영사";"《사랑의 기술》을 읽기 전에 읽어야 할 책삶을 사랑하는 능력을 회복하기 위한에리히 프롬의 깊은 사유와 예리한 통찰명실상부한 사랑의 철학자인 에리히 프롬이 이제 《사랑의 기술》이 말하는 관계의 사랑을 넘어, 보다 더 근본적이고 모든 사랑의 핵심인 ‘삶에 대한 사랑’을 말한다. 자신을 미워하며... ";"20220211";"";"2022-12-01 13:27:17.052"
239;"9788935212866";"한 장으로 끝내는 비즈니스 모델 100 (끌리는 사업, 남다른 혁신, 지속 가능한 수익을 위한 모든 것)";"http://book.naver.com/bookdb/book_detail.php?bid=15133563";"https://bookthumb-phinf.pstatic.net/cover/151/335/15133563.jpg?type=m1&udate=20220407";"곤도 데쓰로";22000;0;"청림출판";"미래 비즈니스에 필요한 모든 전략을 한 눈에 파악하다!빠른 속도로 혁신을 이루는 스타트업 기업부터 아마존, 구글, 알리바바와 같은 세계적인 초격차 기업까지 100개 기업의 비즈니스 모델을 단 한 장의 그림으로 소개하는 『한 장으로 끝내는 비즈니스 모델 100』. 오늘날 업계에서 새로운 전선을 구축하고... ";"20190729";"";"2022-12-01 13:27:17.052"
103;"9788935213801";"리프레이밍 (계획이 틀어져도 절대 실패하지 않는 문제 해결 방식)";"http://book.naver.com/bookdb/book_detail.php?bid=22452969";"https://bookthumb-phinf.pstatic.net/cover/224/529/22452969.jpg?type=m1&udate=20220526";"토마스 웨델 웨델스보그";17000;0;"청림출판";"“언제까지 똑같은 해결책만 제시할 것인가?”&#x0D;&#x0D;똑같은 해결책은 똑같은 결과만 낳을 뿐. &#x0D;문제를 읽어내는 프레임을 바꾸고 우리 앞에 놓인 문제를 해결하라!&#x0D;&#x0D;“더 나은 문제를 해결하는 막강한 힘을 갖고 싶다면 이 책을 읽어야 한다.”&#x0D;_에릭 슈미트 전 구글 회장&#x0D;&#x0D;... ";"20220601";"";"2022-12-01 13:27:17.052"
206;"9788938100177";"윈도우 그래픽프로그래밍";"http://book.naver.com/bookdb/book_detail.php?bid=1334650";"";"LOREN HEINY";15000;0;"동일출판사";"윈도우즈의 기본적인 그래픽에 대한 설명서.
";"19940101";"";"2022-12-01 13:27:17.052"
188;"9788938610188";"컴퓨터시스템구조";"http://book.naver.com/bookdb/book_detail.php?bid=198734";"https://bookthumb-phinf.pstatic.net/cover/001/987/00198734.jpg?type=m1&udate=20141122";"M. MORRIS MANO";29000;0;"사이텍미디어";"조직, 설계 등의 컴퓨터 시스템 하드웨어를 집중 설명한 컴퓨터 전공교재.";"19940801";"";"2022-12-01 13:27:17.052"
175;"9788939501409";"돌배 만화일기";"http://book.naver.com/bookdb/book_detail.php?bid=173211";"https://bookthumb-phinf.pstatic.net/cover/001/732/00173211.jpg?type=m1&udate=20130629";"신영식";4500;0;"대교출판";"소년동아일보에 연재했던 4쪽짜리 만화 &lt;돌배군&gt;의 만화와 일기 형식의 글을 함께 엮었다.. 개구쟁이 돌배는 몹시 약은 듯이 꾀를 쓰지만, 사실은 착하고 순진무구한 동심을 지닌 아이이다. 만화와 글이 어우러진 짧은 이야기 속에 우리들의 모습이 그대로 드러나 있다.";"19921201";"";"2022-12-01 13:27:17.052"
178;"9788939509887";"재동이 만화일기";"http://book.naver.com/bookdb/book_detail.php?bid=173381";"https://bookthumb-phinf.pstatic.net/cover/001/733/00173381.jpg?type=m1&udate=20130629";"길창덕";5000;0;"대교출판";"소년한국일보에 십오 년 간 연재되었던 &lt;재동이&gt;를 주인공으로 한 만화일기.  까까머리 재동이와 별난  친구 복돌이는 언제나 함께 다니는 단짝친구다. 흘러간 옛노래를 좋아하고 낙서가라는 독특한 꿈을 키워가는 재동이와 친구 복돌이, 그리고 순진한 동생 현이가 벌이는 재미난 이야기가 담겨 있다.";"19941101";"";"2022-12-01 13:27:17.052"
184;"9788939510029";"뚱딴지 만화일기";"http://book.naver.com/bookdb/book_detail.php?bid=161212";"https://bookthumb-phinf.pstatic.net/cover/001/612/00161212.jpg?type=m1&udate=20130629";"김우영";5000;0;"대교출판";"뚱딴지의 가정.학교생활을 만화를 섞어가며 재미있게 엮었다.";"20001110";"";"2022-12-01 13:27:17.052"
183;"9788939510036";"팔방이 만화일기";"http://book.naver.com/bookdb/book_detail.php?bid=182593";"https://bookthumb-phinf.pstatic.net/cover/001/825/00182593.jpg?type=m1&udate=20220225";"임웅순";5000;0;"대교출판";"재주많고 짓궂은 팔방이의 생활을 그린 동화. 만화를 함께 곁들였다.";"20001005";"";"2022-12-01 13:27:17.052"
173;"9788939510043";"꺼벙이 만화일기";"http://book.naver.com/bookdb/book_detail.php?bid=162068";"https://bookthumb-phinf.pstatic.net/cover/001/620/00162068.jpg?type=m1&udate=20130629";"길창덕";5000;0;"대교출판";"";"20001220";"";"2022-12-01 13:27:17.052"
179;"9788939510050";"따옥이 만화일기";"http://book.naver.com/bookdb/book_detail.php?bid=161032";"https://bookthumb-phinf.pstatic.net/cover/001/610/00161032.jpg?type=m1&udate=20130629";"권혁준";5000;0;"대교출판";"";"20001005";"";"2022-12-01 13:27:17.052"
169;"9788939510074";"심술통 만화일기";"http://book.naver.com/bookdb/book_detail.php?bid=173384";"https://bookthumb-phinf.pstatic.net/cover/001/733/00173384.jpg?type=m1&udate=20130629";"이정문";5000;0;"대교출판";"심술대장 심술통은 이곳 저곳 찾아다니며 사람들을 골탕 먹이지만 결코 밉지 않답니다. 건강한 행동으로 오히려 웃음을 주기 때문이랍니다.";"20001005";"";"2022-12-01 13:27:17.052"
174;"9788939510098";"땅콩찐콩 만화일기";"http://book.naver.com/bookdb/book_detail.php?bid=1253843";"https://bookthumb-phinf.pstatic.net/cover/012/538/01253843.jpg?type=m1&udate=20071117";"박수동";5000;0;"대교출판";"고대 원시인 땅콩과 찐콩의 별난 하루하루를 만화로  엮었다.
";"20001115";"";"2022-12-01 13:27:17.052"
171;"9788939510104";"소케트 만화일기";"http://book.naver.com/bookdb/book_detail.php?bid=1261745";"https://bookthumb-phinf.pstatic.net/cover/012/617/01261745.jpg?type=m1&udate=20080628";"김성환";5000;0;"대교출판";"주인공 소케트의 일상사를 네컷 만화와 함께 꾸민 만 화일기. &lt;소년동아일보&gt;에 연재됐던 작품들이다.";"19950209";"";"2022-12-01 13:27:17.052"
176;"9788939510111";"코망쇠 만화일기 (만화일기 16)";"http://book.naver.com/bookdb/book_detail.php?bid=182755";"https://bookthumb-phinf.pstatic.net/cover/001/827/00182755.jpg?type=m1&udate=20130404";"오원석";5000;0;"대교출판";"";"19960401";"";"2022-12-01 13:27:17.052"
185;"9788939510128";"얄숙이 만화일기 (만화일기 17)";"http://book.naver.com/bookdb/book_detail.php?bid=182754";"https://bookthumb-phinf.pstatic.net/cover/001/827/00182754.jpg?type=m1&udate=20130629";"노석규";5000;0;"대교출판";"우리 나라 최초의 여자 대통령을 꿈꾸는 얄숙이와 이마가 무지무지 넓은 얄봉이는 때때로 극성스런 장난을 해서주변 사람들을 놀라게 하지만 언제나 밝은 웃음을 선사하는 어린이들의 친구랍니다.  ";"20000915";"";"2022-12-01 13:27:17.052"
177;"9788939510135";"까불이 만화일기";"http://book.naver.com/bookdb/book_detail.php?bid=173385";"https://bookthumb-phinf.pstatic.net/cover/001/733/00173385.jpg?type=m1&udate=20130629";"지성훈";5000;0;"대교출판";"주인공 까불이의 천방지축 장난기와 따뜻한 마음을   독립된 주제로 엮고 교훈적 내용을 덧붙인 소년 조선 일보 연재 만화.";"20001101";"";"2022-12-01 13:27:17.052"
170;"9788939510142";"따개비 만화일기";"http://book.naver.com/bookdb/book_detail.php?bid=182758";"https://bookthumb-phinf.pstatic.net/cover/001/827/00182758.jpg?type=m1&udate=20130629";"오원석";5000;0;"대교출판";"둥글넓적 커다란 얼굴에 어리지만 속이 꽉 찬        따개비의 일기가 4컷 만화와 함께 그려진다.         36년전 부산 국제신문에서 태어났던 만화.
";"20001220";"";"2022-12-01 13:27:17.052"
180;"9788939510159";"재롱이 만화일기";"http://book.naver.com/bookdb/book_detail.php?bid=6089458";"https://bookthumb-phinf.pstatic.net/cover/060/894/06089458.jpg?type=m1&udate=20170727";"이홍우";5000;0;"대교출판";"";"20000915";"";"2022-12-01 13:27:17.052"
181;"9788939510173";"꾸러기 만화일기";"http://book.naver.com/bookdb/book_detail.php?bid=173387";"https://bookthumb-phinf.pstatic.net/cover/001/733/00173387.jpg?type=m1&udate=20130629";"윤준환";5000;0;"대교출판";"소년조선일보에 연재중인 &lt;말썽 천재 꾸러기&gt;를 주인공으로 한 만화일기이다. 천방지축 말썽을 부리고 실수를 저질러대는 꾸러기와 이에 못지않은 말썽쟁이 여자 친구 맹자가 벌이는 매일매일의 소동이 우리를 즐겁게 해준다.";"19931101";"";"2022-12-01 13:27:17.052"
182;"9788939510197";"또랑이 만화일기 (만화일기 15)";"http://book.naver.com/bookdb/book_detail.php?bid=1334892";"https://bookthumb-phinf.pstatic.net/cover/013/348/01334892.jpg?type=m1&udate=20100111";"윤영옥";5000;0;"대교출판";"1년동안 쓴 시골 국민학생 또랑이의 일기를 만화와   함께 엮었다.";"20000730";"";"2022-12-01 13:27:17.052"
172;"9788939514577";"또복이 만화일기";"http://book.naver.com/bookdb/book_detail.php?bid=183529";"https://bookthumb-phinf.pstatic.net/cover/001/835/00183529.jpg?type=m1&udate=20130629";"정운경";5000;0;"대교출판";"";"20020310";"";"2022-12-01 13:27:17.052"
166;"9788940601013";"매뉴얼 강독 (PC사용자를위한)";"http://book.naver.com/bookdb/book_detail.php?bid=2134659";"";"이강민";10000;0;"크라운출판사";"컴퓨터 사용에 필요한 영문 매뉴얼 해설서.
";"19940201";"";"2022-12-01 13:27:17.052"
54;"9788946417045";"인연 (한국 수필문학의 백미)";"http://book.naver.com/bookdb/book_detail.php?bid=4377966";"https://bookthumb-phinf.pstatic.net/cover/043/779/04377966.jpg?type=m1&udate=20171115";"피천득";9000;0;"샘터";"우리에게 너무도 익숙한 수필문학의 대가 피천득의 수필집. 중고등학교 교과서에서 애틋한 가슴저림으로 만났던 수필 '인연'을 필두로, 작은 것이 아름답다는 일상의 소중함을 다시 한번 일깨우게 하는 '플루트 플레이어' 등 주옥같은 명수필 80여편을 모아 엮었다. 금아 피천득의 수필은 백 마디 천 마디로... ";"20020824";"";"2022-12-01 13:27:17.052"
130;"9788947526753";"회계학 콘서트 1 (스토리텔링으로 누구나 쉽게 배우는)";"http://book.naver.com/bookdb/book_detail.php?bid=4587006";"https://bookthumb-phinf.pstatic.net/cover/045/870/04587006.jpg?type=m1&udate=20100414";"하야시 아츠무";12000;0;"한국경제신문사";"소설로 이해하는 회계, 재미있는 회계의 세계로!회계와 경영에 문외한인 유키. 주주총회에서 새로운 사장으로 선임되며 사장 자리에 앉는다. 그러나 회사는 빚투성이였고, 엎친데 덮친 격으로 회사 빚의 개인보증까지 떠맡게 되었다. 유키는 급하게 회계 전문가에게 컨설팅을 의뢰한다. 회계 전문가 아즈미는... ";"20080605";"";"2022-12-01 13:27:17.052"
131;"9788947528412";"회계학 콘서트 2 (관리회계의 비밀, 왜 내 가게만 장사가 안 될까)";"http://book.naver.com/bookdb/book_detail.php?bid=6844952";"https://bookthumb-phinf.pstatic.net/cover/068/449/06844952.jpg?type=m1&udate=20120302";"하야시 아츠무";13000;0;"한국경제신문사";"출간되자마자 경제경영 분야 베스트셀러에 랭크되며 50만 독자의 회계상식을 바꿔놓은 《회계학 콘서트》의 실전응용편. 1권에서 회계란 막연히 부담스럽고 어려우며 우리 생활과 동떨어진 것이 아님을 배웠다면, 2권에서는 조금 더 본격적으로 현실 생활로 들어온 ‘진짜 회계’를 배울 수 있다. 숫자 알레르기... ";"20120325";"";"2022-12-01 13:27:17.052"
107;"9788947544252";"마흔 공부법 (40대만의 암기법은 따로 있다)";"http://book.naver.com/bookdb/book_detail.php?bid=14253643";"https://bookthumb-phinf.pstatic.net/cover/142/536/14253643.jpg?type=m1&udate=20190117";"우스이 고스케";13000;0;"한국경제신문";"돌아서면 금세 잊어버리는
40대를 위한 맞춤형 공부법
공부의 달인이 가르쳐주는 고효율 암기법, 20대를 뛰어넘는 암기력  집중력의 비밀

 ‘기억력이 떨어졌다, 집중력이 짧아졌다, 공부할 시간이 부족하다….’
 공부하기로 마음먹고도 이런 갑갑한 마음으로 하루하루를 보내는 40대들이 많다. 직장에서도... ";"20181123";"";"2022-12-01 13:27:17.052"
116;"9788949161341";"만복이네 떡집 (난 책읽기가 좋아 3단계 54)";"http://book.naver.com/bookdb/book_detail.php?bid=6289560";"https://bookthumb-phinf.pstatic.net/cover/062/895/06289560.jpg?type=m1&udate=20220203";"김리리";11000;0;"비룡소";"만복이는 부잣집 외동아들로 태어나서 부모님 할아버지, 할머니, 삼촌, 이모들의 사랑을 듬뿍 받으며 컸습니다. 키도 크고 얼굴도 잘 생기고 공부도 잘했습니다. 하지만 왜인지, 만복이는 항상 나쁜 말만 했습니다. 좋아하는 친구에게도 &quot;잘난척쟁이&quot;라고 하고 선생님한테도 화만 냈습니다. 그런 만복이의 눈앞에... ";"20220309";"";"2022-12-01 13:27:17.052"
9;"9788952773326";"위험한 과학책 (지구 생활자들의 엉뚱한 질문에 대한 과학적 답변)";"http://book.naver.com/bookdb/book_detail.php?bid=8994698";"https://bookthumb-phinf.pstatic.net/cover/089/946/08994698.jpg?type=m1&udate=20220329";"랜들 먼로";22000;0;"시공사";"‘스타워즈’, ‘어벤져스’를 보며 상상했던 기상천외한 질문에 과학과 유머로 답하다.과학은 지겹고 어렵다? 하지만 미국의 사이언스 웹툰 XKCD에서는 그러한 편견을 깨준다. 이곳에서 저자 랜들 먼로는 궁금했지만 누구도 대답해 주지 않는 기상천외한 질문들에 답을 해준다. ‘실제로 광속구를 던지면 어떤... ";"20150424";"";"2022-12-01 13:27:17.052"
119;"9788952776075";"부동산 경매 어렵지 않아요 (한 번 읽고 한 채 마련하는)";"http://book.naver.com/bookdb/book_detail.php?bid=10535376";"https://bookthumb-phinf.pstatic.net/cover/105/353/10535376.jpg?type=m1&udate=20210301";"박수진";14800;0;"알키";"“따라 하기만 해도, 집 한 채가 떡!”&#x0D;초보자를 위한 참 쉬운 부동산경매 사용설명서&#x0D;&#x0D; 장기불황과 저금리 시대 속에서 사람들은 두 갈래로 나뉘었다. 평생 모은 적금으로도 집 한 채 마련하기 힘드니 아예 내 집 마련을 포기하거나, 물가상승률을 능가하는 수익률이 보장된 투자처로서 부동산을 사... ";"20160503";"";"2022-12-01 13:27:17.052"
110;"9788954675987";"일인칭 단수";"http://book.naver.com/bookdb/book_detail.php?bid=17467599";"https://bookthumb-phinf.pstatic.net/cover/174/675/17467599.jpg?type=m1&udate=20210504";"무라카미 하루키";14500;0;"문학동네";"『노르웨이의 숲』  『1Q84』 『기사단장 죽이기』 등의 작품으로 세대와 국경을 넘어 독보적인 존재감을 발휘하고 있는 세계적인 작가 무라카미 하루키가 『여자 없는 남자들』 이후 6년 만에 선보이는 소설집. 작가 특유의 미스터리한 세계관과 감성적인 필치, 일인칭 주인공 ‘나’의 시점으로... ";"20201126";"";"2022-12-01 13:27:17.052"
55;"9788954677547";"이과형 두뇌 활용법 (수학 근육을 만드는 10가지 방법)";"http://book.naver.com/bookdb/book_detail.php?bid=18058417";"https://bookthumb-phinf.pstatic.net/cover/180/584/18058417.jpg?type=m1&udate=20220101";"바버라 오클리";17000;0;"문학동네";"수포자를 공대 교수로 이끈 기적의 학습법
320만 명이 수강한 최고의 강의를 책으로 만나다!러시아어 전공자가 공대 교수가 될 수 있을까? 학창 시절 내내 수학 과학 성적은 바닥이었고 이십대 중반까지는 ‘수포자’로 살았던 바버라 오클리는 이런 변신에 성공한다. ‘수학 혐오자’에서 ‘수학 애호자’로... ";"20210302";"";"2022-12-01 13:27:17.052"
111;"9788954678629";"[예스리커버] 필경사 바틀비 (Bartleby, the Scrivener: A Story of Wall-Street)";"http://book.naver.com/bookdb/book_detail.php?bid=19011074";"https://bookthumb-phinf.pstatic.net/cover/190/110/19011074.jpg?type=m1&udate=20210425";"허먼 멜빌 저|공진호";13500;0;"문학동네";"“안 하는 편을 택하겠습니다. I would prefer not to.”&#x0D;허먼 멜빌이 직접 퇴고한 1856년판 오리지널 텍스트를 함께 읽는&#x0D;노동절 기념 영한대역 특별판&#x0D;&#x0D;생전의 불운과 혹평과 생활고를 뒤로하고 1920년대에 이르러서야 재평가되어 에드거 앨런 포, 너새니얼 호손과 함께 대표적인 암흑낭만주의... ";"20210415";"";"2022-12-01 13:27:17.052"
145;"9788955490022";"개인사업자를 위한 회계와 부가가치세";"http://book.naver.com/bookdb/book_detail.php?bid=1248074";"https://bookthumb-phinf.pstatic.net/cover/012/480/01248074.jpg?type=m1&udate=20111013";"홍중선";18000;0;"세경멀티뱅크";"중소상공인에게 필요한 회계처리를 VBA와 엑셀로 자동화 하는 방법과 부가가치세에 관한 실무적인 상식을 일목요연하게 설명했다. CD-ROM으로는 간편장부 부가가치세 신고 실무 예제를 수록하고 있다.";"20011120";"";"2022-12-01 13:27:17.052"
139;"9788956056531";"여덟 단어 (인생을 대하는 우리의 자세)";"http://book.naver.com/bookdb/book_detail.php?bid=7202413";"https://bookthumb-phinf.pstatic.net/cover/072/024/07202413.jpg?type=m1&udate=20200113";"박웅현";15000;0;"북하우스";"당신만의 인생을 또박또박 걸어가시길!  《책은 도끼다》의 저자이자 광고인 박웅현이 말하는 인생을 위해 생각해봐야 할 여덟 가지 단어『여덟 단어』. 우리가 살아가면서 한번쯤 마주쳤을 여덟 가지 가치에 대해 저자 자신의 경험과 다양한 사례를 바탕으로 함께 생각하는 시간을 마련하는 책이다. 왜 삶의... ";"20130520";"";"2022-12-01 13:27:17.052"
222;"9788956593616";"프로 유튜버에 딱 맞는 목소리 만들기 (구독자 100만 유튜버의 남다른 비밀)";"http://book.naver.com/bookdb/book_detail.php?bid=14797146";"https://bookthumb-phinf.pstatic.net/cover/147/971/14797146.jpg?type=m1&udate=20191012";"김나연|선호제";16000;0;"예문";"톱 크리에이터들은 목소리부터 다르다!
- 국내 톱 성우들이 알려주는 방송용 목소리 & 말하기 솔루션
- 누구나 할 수 있는 방송 목소리 찾는 법
- 유튜브 장르별 시놉시스 & 낭독 훈련용 녹음파일 제공

1인 미디어의 성공에는 콘텐츠의 기획력, 차별성, 편집기술 등도 영향을 미치지만 무엇보다도 방송... ";"20190429";"";"2022-12-01 13:27:17.052"
105;"9788957369364";"무례한 사람에게 웃으며 대처하는 법 (인생자체는 긍정적으로, 개소리에는 단호하게)";"http://book.naver.com/bookdb/book_detail.php?bid=13069258";"https://bookthumb-phinf.pstatic.net/cover/130/692/13069258.jpg?type=m1&udate=20220112";"정문정";13800;0;"가나출판사";"158주 연속 전국 서점 ‘에세이’ 베스트셀러
일본, 대만, 베트남, 태국, 인도네시아 판권 수출!갑자기 선을 훅 넘는 사람들에게
감정의 동요 없이 “금 밟으셨어요” 하고
알려줄 방법은 없을까?

출간된 지 3년이 넘는 시간 동안 ‘전국 서점 에세이 베스트셀러’를 기록하며 수많은 독자의 가슴을 시원하게... ";"20180108";"";"2022-12-01 13:27:17.052"
66;"9788958020776";"캔디 캔디 1 (학습만화)";"http://book.naver.com/bookdb/book_detail.php?bid=1222405";"https://bookthumb-phinf.pstatic.net/cover/012/224/01222405.jpg?type=m1&udate=20130703";"이가라시 유미코|나기타 게이코";8500;0;"하이북스";"주근깨투성이의 장난꾸러기인 캔디스 화이트는 '포니의 집'에 살고 있었다. '포니의 집'은 부모님을 잃은 아이들이 다른 가정에 입양 되기를 기다리며 살고 있는 곳이다. 말괄량이 캔디와 가장 친한 친구는 얌전한 애니였다. 하지만 부잣집 양녀로 들어간 애니는 캔디에게 절교를 선언하였다. 슬픔에 잠긴... ";"20040619";"";"2022-12-01 13:27:17.052"
67;"9788958020783";"캔디 캔디 2 (학습만화)";"http://book.naver.com/bookdb/book_detail.php?bid=1223646";"https://bookthumb-phinf.pstatic.net/cover/012/236/01223646.jpg?type=m1&udate=20130703";"이가라시 유미코|나기타 게이코";8500;0;"하이북스";"라건 가의 하녀 견습생이 되어 마굿간에서 일하던 캔디는 이라이자와 닐의 음모로 도둑 누명을 쓰게 된다. 라건 부인의 명령으로 아는 사람도 추억도 없는 멕시코 농장에 가게 된 캔디는 폭포에서 자신을 구해준 알버트 씨에게 도움을 요청하기 위해 찾아가지만, 알버트 씨는 안드레이 가의 토지 관리인에게... ";"20040712";"";"2022-12-01 13:27:17.052"
68;"9788958020844";"캔디 캔디 3 (학습만화)";"http://book.naver.com/bookdb/book_detail.php?bid=1224569";"https://bookthumb-phinf.pstatic.net/cover/012/245/01224569.jpg?type=m1&udate=20100414";"이가라시 유미코|나기타 게이코";8500;0;"하이북스";"안소니의 죽음으로 인해 상심한 캔디는 포니의 집으로 돌아오게 된다. 포니의 집이 카트라이트씨 농장 때문에 헐리게 된다는 것을 알게 된 캔디는 크리스마스가 되자 포니의 집 아이들을 데리고 카트라이트씨의 농장으로 간다. 캔디와 포니의 집 아이들은 카트라이트씨의 농장 사람들에게 노래와 키스를... ";"20040802";"";"2022-12-01 13:27:17.052"
69;"9788958020882";"캔디 캔디 4 (학습만화)";"http://book.naver.com/bookdb/book_detail.php?bid=1454332";"https://bookthumb-phinf.pstatic.net/cover/014/543/01454332.jpg?type=m1&udate=20120413";"이가라시 유미코|나기타 게이코";8500;0;"하이북스";"고아 캔디는 활발하고 명랑한 여자아이, 윌리엄 할아버지 덕분에 아드레이 가문의 양녀가되지만, 그런 그녀를 기다리는건 좋아하는 안소니의 죽음이었다. 그 뒤 영국 런던에 가서 규칙투성이의 기숙사 생활을 시작한 캔디는 언제나 고독한 그늘이있는 불량스러운 소년 테리에게 이끌리기 시작한다. 성바로으... ";"20040826";"";"2022-12-01 13:27:17.052"
71;"9788958020981";"캔디 캔디 6 (학습만화)";"http://book.naver.com/bookdb/book_detail.php?bid=1510122";"https://bookthumb-phinf.pstatic.net/cover/015/101/01510122.jpg?type=m1&udate=20130704";"이가라시 유미코|나기타 게이코";8500;0;"하이북스";"만화의 고전 &lt;캔디&gt;가 전면 컬러로 새롭게 꾸며졌다. 이번 권은 성바오로 학교를 떠나 포니의 집으로 향한 캔디가 슬픔과 고난을 익내고 자신의 꿈을 이루기 위해 간호사의 길을 걷기 시작하는 이야기를 담았다. 자신을 양녀로 삼은 윌리엄 할아버지와 비슷한 외모를 가진 맥래거 할아버지의 병수발을... ";"20050121";"";"2022-12-01 13:27:17.052"
104;"9788958021124";"캔디 캔디 1";"http://book.naver.com/bookdb/book_detail.php?bid=2503104";"https://bookthumb-phinf.pstatic.net/cover/025/031/02503104.jpg?type=m1&udate=20100414";"이가라시 유미코|나기타 게이코";8500;0;"하이북스";"순정만화의 고전 '캔디 캔디'순정만화의 고전「캔디 캔디」를 전면 컬러로 새롭게 꾸몄습니다. 어떠한 상황에서도 꿋꿋이 이겨내는 캔디의 모습이 사랑스럽습니다. [양장본 / 컬러판]";"20051020";"";"2022-12-01 13:27:17.052"
122;"9788958073871";"토스터 프로젝트 (맨손으로 토스터를 만드는 영웅적이면서도 무모한 시도에 관하여)";"http://book.naver.com/bookdb/book_detail.php?bid=6964030";"https://bookthumb-phinf.pstatic.net/cover/069/640/06964030.jpg?type=m1&udate=20171111";"토머스 트웨이츠";13000;0;"뜨인돌출판사";"토스터 제작과정을 통해 현대사회의 소비문화를 엿보다!맨손으로 토스터를 만드는 영웅적이면서도 무모한 시도에 관하여『토스터 프로젝트』. 이 책은 현재 독일 슈투트가르트의 슐로스 솔리튜드 아카데미에서 연구원으로 지내고 있는 디자이너 토머스 트웨이츠가 맨손으로 만든 토스트 얘기를 담은 책이다.... ";"20120711";"";"2022-12-01 13:27:17.052"
133;"9788960302174";"유품정리인은 보았다";"http://book.naver.com/bookdb/book_detail.php?bid=6065397";"https://bookthumb-phinf.pstatic.net/cover/060/653/06065397.jpg?type=m1&udate=20120725";"요시다 타이치";10000;0;"황금부엉이";"일본 최초의 유품정리인 요시다 타이치가 전하는
죽음에 대한 우리의 인식을 180도 바꾸게 될 46편의 에피소드!일본 최초의 유품정리인 요시다 타이치가 전하는 우리시대의 죽음 이야기 『유품정리인은 보았다』. 우리보다 먼저 고령화 사회에 진입한 일본에서는 외롭게 숨진 이들의 유품정리를 대행하는 회사가... ";"20090916";"";"2022-12-01 13:27:17.052"
109;"9788960518445";"나는 생각이 너무 많아 (넘치는 생각 때문에 삶이 피곤한 사람들을 위한 심리 처방)";"http://book.naver.com/bookdb/book_detail.php?bid=17851619";"https://bookthumb-phinf.pstatic.net/cover/178/516/17851619.jpg?type=m1&udate=20210911";"크리스텔 프티콜랭";16800;0;"부키";"매우 예민한 사람들이 ‘성경’처럼 반복해서 읽은 바로 그 책!
《나는 생각이 너무 많아》 20만 부 리커버 개정판 출간

모든 일에 의심 많고 의문 많고 예민한 사람들을 위한 심리 처방“내가 미친 게 아니었구나. 내가 뭘 잘못한 게 아니었구나.  그렇게 말해 주는 책이어서 너무나 고마웠다.”

생각이 너무... ";"20210120";"";"2022-12-01 13:27:17.052"
154;"9788960770706";"드리밍 인 코드 (천국과 지옥을 넘나드는 소프트웨어 개발 이야기)";"http://book.naver.com/bookdb/book_detail.php?bid=5300325";"https://bookthumb-phinf.pstatic.net/cover/053/003/05300325.jpg?type=m1&udate=20200102";"스콧 로젠버그";25000;0;"에이콘출판";"소프트웨어 개발자들의 일상 속으로 초대하다!

살롱닷컴 공동 창업자 스콧 로젠버그의 『드리밍 인 코드』. 천국과 지옥을 넘나드는 소프트웨어 개발 이야기를 담아냈다. 소프트웨어 개발을 둘러싼 은밀힌 진실과 오해를 남김없이 밝힌다. 

이 책은 프로그래밍에 대한 매혹적이면서도 냉철한 탐험서다. 저자가... ";"20090107";"";"2022-12-01 13:27:17.052"
248;"9788960772090";"유니티 3D 게임 프로그래밍 (Beginner s Guide)";"http://book.naver.com/bookdb/book_detail.php?bid=6656859";"https://bookthumb-phinf.pstatic.net/cover/066/568/06656859.jpg?type=m1&udate=20110922";"라이언 헨슨 크레이튼";30000;0;"에이콘출판";"이 책은 모바일용 게임 엔진으로 각광 받고 있는 유니티 3의 입문서다. 상세한 설명과 예제 파일을 통해, 개발 경험과 전문 지식이 없는 초보자도 코딩을 통해 실제로 게임을 만들 수 있도록 친절하게 안내한다. 총 4개의 게임을 만드는 과정에서 유니티 3의 핵심 개념과 기능을 소개하는 이 책으로 게임을... ";"20110630";"";"2022-12-01 13:27:17.052"
249;"9788960772182";"Android User Interface Development 한국어판 (안드로이드 UI 프로그래밍)";"http://book.naver.com/bookdb/book_detail.php?bid=6687697";"https://bookthumb-phinf.pstatic.net/cover/066/876/06687697.jpg?type=m1&udate=20110922";"제이슨 모리스";30000;0;"에이콘출판";"안드로이드의 사용자 인터페이스(UI)는 예쁘지 않다고 생각하는가? 이 책은 그런 편견을 없애 주는 책이다. 안드로이드의 기능을 단순히 나열하는 것이 아니라, 위젯과 레이아웃 등 철저하게 UI 관점에서 각 기능을 설명한다. 각 장을 읽으며 풍부한 실습 예제를 따라하다 보면, 어느새 예쁘고 직관적인... ";"20110805";"";"2022-12-01 13:27:17.052"
135;"9788963050065";"만화로 보는 회계학 콘서트 1";"http://book.naver.com/bookdb/book_detail.php?bid=5412115";"https://bookthumb-phinf.pstatic.net/cover/054/121/05412115.jpg?type=m1&udate=20100414";"하야시 아츠무";12000;0;"멘토르";"초보자를 위한 만화 회계학 입문서!회계와 경영에 대해 아무것도 모르는 유키. 아버지의 사망으로 인해 갑작스럽게 회사 '한나'를 물려받게 되었다. 빚만 잔뜩 있는 회사의 사장 자리는 고달프기만 했다. 유키는 급하게 회계 전문가에게 컨설팅을 의뢰한다. 회계 전문가 아즈미는 유키에게 회계에 대해 하나씩... ";"20090125";"";"2022-12-01 13:27:17.052"
136;"9788963050348";"만화로 보는 회계학 콘서트 2";"http://book.naver.com/bookdb/book_detail.php?bid=6047453";"https://bookthumb-phinf.pstatic.net/cover/060/474/06047453.jpg?type=m1&udate=20100414";"하야시 아츠무";13000;0;"멘토르";"'경영에 필요한 회계의 핵심'을 만화로 쉽게 풀어낸다!
초보자를 위한 만화 회계학 입문서, 만화로 보는 『회계학 콘서트』제2탄
 
회계와 경영에 대해 아무것도 모르는 유키. 아버지의 사망으로 인해 갑작스럽게 회사 '한나'를 물려받게 되고, 어느 정도 기업을 성장시키는 데 성공했다. 그러나 5년 후... ";"20090730";"";"2022-12-01 13:27:17.052"
126;"9788963700908";"회계 천재가 된 홍대리 5/완결 (자금조달과 성장의 비밀)";"http://book.naver.com/bookdb/book_detail.php?bid=6184845";"https://bookthumb-phinf.pstatic.net/cover/061/848/06184845.jpg?type=m1&udate=20091215";"손봉석";12000;0;"다산북스";"직장인들 사이에 ‘회계 바람’을 일으킨 회계 천재 홍 대리! 재무 참모로 변신한 홍 대리의 특급 자금 조달 작전40대의 반란을 일으키며 독립한 김연욱 사장과 그와 함께 새로운 길을 모색하는 홍 대리. 두 사람이 꿈꾸는 '파라다이스' 설립부터 성장까지의 과정이 전편과 다름없이 흥미롭게 펼쳐진다. 하지만... ";"20091120";"";"2022-12-01 13:27:17.052"
127;"9788963709468";"마케팅 천재가 된 홍 대리 (영업부 말단 사원 홍 대리의 마케팅 도전기)";"http://book.naver.com/bookdb/book_detail.php?bid=7153964";"https://bookthumb-phinf.pstatic.net/cover/071/539/07153964.jpg?type=m1&udate=20191228";"권경민";14000;0;"다산라이프";"영업사원 홍 대리는 어떻게 최고 마케터로 성장했나?영업부 말단 사원 홍 대리의 마케팅 도전기 『마케팅 천재가 된 홍 대리』. 이 책은 실적이 안 오르는 건 다 마케팅 탓이라던 영업사원 홍 대리가 마케팅에 직접 도전하면서 온갖 시행착오를 겪고 최고의 현장형 마케터로 변신하는 과정을 담은 경제소설이다.... ";"20130228";"";"2022-12-01 13:27:17.052"
149;"9788965401247";"수학 퍼즐 (프로그래머의 뇌를 단련하는,간단하고 빠른 코드를 작성하도록 돕는 68가지 문제)";"http://book.naver.com/bookdb/book_detail.php?bid=10495174";"https://bookthumb-phinf.pstatic.net/cover/104/951/10495174.jpg?type=m1&udate=20190124";"마스이 토시카츠";25000;0;"프리렉";"[프로그래머의 뇌를 단련하는 수학 퍼즐]은  &quot;동전으로 바꿀 때 가능한 조합은 몇 가지?&quot;, &quot;나라 이름으로 끝말잇기를 할 때 가장 긴 순서는?&quot;, &quot;운명 같은 만남은 몇 가지?&quot; 등 68가지 다양한 문제를 세 사람의 등장인물과 함께 생각하면서 프로그램으로 풀어볼 수 있도록 구성한 책이다. 퍼즐을 풀면서 알고리즘을... ";"20160422";"";"2022-12-01 13:27:17.052"
62;"9788965960126";"마흔에 읽는 손자병법 (내 인생의 전환점)";"http://book.naver.com/bookdb/book_detail.php?bid=6684655";"https://bookthumb-phinf.pstatic.net/cover/066/846/06684655.jpg?type=m1&udate=20190402";"강상구";14000;0;"흐름출판";"손자병법에서 배우는 인생과 경영의 지혜!『마흔에 읽는 손자병법』은 ‘마흔’과 ‘조직생활’을 하는 리더의 시각에서 &lt;손자병법&gt;을 재해석한 책이다. &lt;손자병법&gt;은 싸움의 기술을 가르친다. 그 가르침에는 '싸움의 기본은 속임수'라는 치사한 내용도 있다. 그러나 그 가르침의 밑바닥에는... ";"20110720";"";"2022-12-01 13:27:17.052"
132;"9788965961703";"살면서 한번은 묻게 되는 질문들 (사소한 고민부터 밤잠 못 이루는 진지한 고뇌까지)";"http://book.naver.com/bookdb/book_detail.php?bid=9575861";"https://bookthumb-phinf.pstatic.net/cover/095/758/09575861.jpg?type=m1&udate=20160218";"알렉산더 조지";14000;0;"흐름출판";"ASKPHILOSOPHERS.ORG 최고의 질문과 답변 100!우리는 일상에서 늘 문제와 마주친다. ‘오늘 점심으로 무엇을 먹을까?’ ‘왜 개구리를 밟으면 안 되나?’처럼 바로 판단할 수 있는 사소한 것들도 있지만, 가끔 묵직하고 까다로운 문제도 있다. 옳고 그름, 선과 악, 가능과 불가능을 가르는 이런 질문들은 개인의 가치... ";"20150918";"";"2022-12-01 13:27:17.052"
15;"9788965963370";"샤넬백을 버린 날, 새로운 삶이 시작됐다";"http://book.naver.com/bookdb/book_detail.php?bid=15343103";"https://bookthumb-phinf.pstatic.net/cover/153/431/15343103.jpg?type=m1&udate=20191012";"최유리";13000;0;"흐름출판";"명문대, 브랜드아파트, 박사학위, 번듯한 직업…
껍데기 없이 있는 그대로의 나를 사랑할 수 있는가?
“샤넬백은 값비싼 솜사탕에 불과했다”공허한 마음을 채우기 위해 쇼핑 중독이었던 지난 날, 서울대 루저라는 따가운 시선을 받았던 일, 교무실의 드레스 코드를 맞추지 못했던 경험을 꺼내놓으며 과거 자기... ";"20190820";"";"2022-12-01 13:27:17.052"
240;"9788966189984";"오라클 SQL과 PL/SQL을 다루는 기술 (실무에서 알아야 할 기술은 따로 있다!)";"http://book.naver.com/bookdb/book_detail.php?bid=9102979";"https://bookthumb-phinf.pstatic.net/cover/091/029/09102979.jpg?type=m1&udate=20211016";"홍형경";28000;0;"길벗";"오라클 프로그래밍의 초석인 SQL과 PL/SQL의 기본 문법과 구문을 실습과 함께 설명하기 때문에 쉽게 이해할 수 있다. 그리고 이 책에서 다루는 패키지, 동적 SQL, 임시 테이블, 오라클 잡과 스케줄러의 활용법, 소스 관리와 디버깅, 데이터 암호화 등과 저자의 노하우를 익힌다면 현장에 바로 투입 가능한... ";"20150605";"";"2022-12-01 13:27:17.052"
186;"9788966260522";"리버싱 핵심 원리 (악성 코드 분석가의 리버싱 이야기)";"http://book.naver.com/bookdb/book_detail.php?bid=7009755";"https://bookthumb-phinf.pstatic.net/cover/070/097/07009755.jpg?type=m1&udate=20170205";"이승원";48000;0;"인사이트";"리버싱 기술의 핵심 원리를 한 권에 담았다!악성 코드 분석가의 리버싱 이야기『리버싱 핵심 원리』. 프로그램의 내부를 깊이 들여다보고 조작할 수 있는 기법인 ‘리버싱’에 필요한 핵심 원리를 50여개 장을 통해 꼼꼼하게 설명한 책이다. 리버싱 기술의 단순한 소개에 그치지 않고, 각 기술의 핵심적인 원리를... ";"20120930";"";"2022-12-01 13:27:17.052"
213;"9788966261178";"탐험적 테스팅 (배우고 통찰하며 개선하는 소프트웨어 테스트)";"http://book.naver.com/bookdb/book_detail.php?bid=8272885";"https://bookthumb-phinf.pstatic.net/cover/082/728/08272885.jpg?type=m1&udate=20150717";"엘리자베스 헨드릭슨";22000;0;"인사이트";"『탐험적 테스팅』은 주어진 요건대로 테스트하는 일반적인 테스팅과 달리 탐험적 테스팅은 작은 테스트를 만들어 시행하고 그 테스트에서 얻은 통찰을 바탕으로 다음 테스트를 구상하고 실행하기를 반복하는 방법이다. 이를 통해 미처 예상하지 못한 위험과 오류를 발견하고 수정할 수 있으며 소프트웨어를 좀... ";"20141015";"";"2022-12-01 13:27:17.052"
229;"9788966261871";"빠른 모바일 앱 개발을 위한 React Native 리액트 네이티브 (자바스크립트로 만드는 네이티브 모바일 앱 개발 가이드)";"http://book.naver.com/bookdb/book_detail.php?bid=10948903";"https://bookthumb-phinf.pstatic.net/cover/109/489/10948903.jpg?type=m1&udate=20171016";"바니 아이젠먼";25000;0;"인사이트";"『빠른 모바일 앱 개발을 위한 REACT NATIVE(리액트 네이티브)』는 페이스북이 공개한 모바일 애플리케이션을 만드는 리액트 네이티브를 소개한다. 자바스크립트와 리액트(REACT)에 대한 지식을 활용하여, IOS와 안드로이드에서 동작하고 진짜 네이티브로 렌더링되는 모바일 애플리케이션을 기능적인 제약... ";"20160817";"";"2022-12-01 13:27:17.052"
16;"9788966262281";"이펙티브 자바 (Effective Java)";"http://book.naver.com/bookdb/book_detail.php?bid=14097515";"https://bookthumb-phinf.pstatic.net/cover/140/975/14097515.jpg?type=m1&udate=20181023";"조슈아 블로크";36000;0;"인사이트";"자바 플랫폼 모범 사례 완벽 가이드 - JAVA 7, 8, 9 대응자바 6 출시 직후 출간된 『이펙티브 자바 2판』 이후로 자바는 커다란 변화를 겪었다. 그래서 졸트상에 빛나는 이 책도 자바 언어와 라이브러리의 최신 기능을 십분 활용하도록 내용 전반을 철저히 다시 썼다. 모던 자바가 여러 패러다임을... ";"20181101";"";"2022-12-01 13:27:17.052"
18;"9788966262557";"코틀린으로 배우는 함수형 프로그래밍";"http://book.naver.com/bookdb/book_detail.php?bid=15915360";"https://bookthumb-phinf.pstatic.net/cover/159/153/15915360.jpg?type=m1&udate=20191211";"조재용|우명인";25000;0;"인사이트";"차세대 언어 코틀린을 이용해
실전에서 활용할 수 있는 함수형 코드를 설계한다!어렵게만 느껴지는 함수형 개념을 충실히 설명하여, 실전에서 활용할 수 있는 지식이 될 수 있도록 한 책이다. 다양한 모범 예제를 보여주며, 배운 내용을 바로 활용해 볼 수 있는 실전응용 문제를 제시해 함수형 프로그래밍을 체득할... ";"20191220";"";"2022-12-01 13:27:17.052"
14;"9788966377985";"타인의 시선에서 자유로워지는 법 (관계가 어려운 당신을 위한 자존감 향상 지침서)";"http://book.naver.com/bookdb/book_detail.php?bid=16359733";"https://bookthumb-phinf.pstatic.net/cover/163/597/16359733.jpg?type=m1&udate=20210301";"이은숙";15000;0;"미다스북스";"“관계가 어려운 당신을 위한 자존감 향상 지침서”
당신이 지나치게 남을 의식하는 이유, 행복을 타인에게 맡기기 때문입니다! 
“타인의 시선에서 벗어나 나 자신에게 솔직해지세요!”관계는 모두의 고민이다. 5살 유치원 다니는 어린이도, 80살 먹은 할아버지도 관계에 대한 고민이 있다. 특히 점점 복잡해지고... ";"20200526";"";"2022-12-01 13:27:17.052"
159;"9788968482274";"누워서 읽는 알고리즘 (프로그래밍 상상력을 키워주는 알고리즘 이야기)";"http://book.naver.com/bookdb/book_detail.php?bid=9685856";"https://bookthumb-phinf.pstatic.net/cover/096/858/09685856.jpg?type=m1&udate=20190206";"임백준";15000;0;"한빛미디어";"[누워서 읽는 알고리즘]은 실전 프로그래밍을 업으로 삼고 있는 독자와 함께 가볍게 ‘수다’를 떨면서 우리가 매일 수행하는 ‘일’이 얼마나 재미있는지, 얼마나 아름다운지, 그리고 얼마나 창조적인지를 일깨워주고, 또 문제를 해결해야 하는 상황에 처했을 때 해결 능력을 길러줄 수 있도록 알고리즘을... ";"20151020";"";"2022-12-01 13:27:17.052"
235;"9788968482311";"SQL 첫걸음 (하루 30분 36강으로 배우는 완전 초보의 SQL 따라잡기)";"http://book.naver.com/bookdb/book_detail.php?bid=9738902";"https://bookthumb-phinf.pstatic.net/cover/097/389/09738902.jpg?type=m1&udate=20211016";"아사이 아츠시";22000;0;"한빛미디어";"왕초보를 위한 정말 쉬운 SQL 입문서를 만나보자!본격적인 빅데이터 시대에 접어들면서 기존 대비 더 효율적이고 폭넓은 데이터 분석을 위한 수요가 커질 것으로 기대되는 가운데, SQL 활용 범위 역시 더욱 확대될 전망이다. 그 과정에서 취업 준비생이나 일반 직장인을 중심으로 SQL을 처음 공부하려는 이들... ";"20151101";"";"2022-12-01 13:27:17.052"
245;"9788968487576";"Node.js 6.x 블루프린트 (ES6와 익스프레스로 SNS, 상점 찾기, 실시간 채팅 등 10가지 모던 웹 앱 프로젝트 만들기)";"http://book.naver.com/bookdb/book_detail.php?bid=12181871";"https://bookthumb-phinf.pstatic.net/cover/121/818/12181871.jpg?type=m1&udate=20170911";"페르난두 몬테이루";30000;0;"한빛미디어";"10가지 프로젝트 청사진으로 정복하는 최신 웹 개발노드(NODE.JS)는 서버 사이드 애플리케이션을 만드는 사실상 표준 프레임워크다. 이 책은 최신 LTS 버전인 6.X을 기준으로 각종 프레임워크와 라이브러리를 활용하여 모던 웹 앱 개발 과정을 훑어본다. 간단한 SNS, 상점 찾기, 실시간 채팅 등 10가지... ";"20170703";"";"2022-12-01 13:27:17.052"
56;"9788969522818";"울고 싶을 땐 울어도 돼 (미니북)";"http://book.naver.com/bookdb/book_detail.php?bid=13976563";"https://bookthumb-phinf.pstatic.net/cover/139/765/13976563.jpg?type=m1&udate=20180907";"정다운";4800;0;"경향BP";"마음 여려 눈물 많은 당신이 
찬바람에 혼자 마음 에이지 않도록. 
작가 ‘나다운글’이 가장 ‘나다운’ 방식으로 전하는 위로.

“울고 싶을 땐 울어도 돼.”

울고 싶을 땐 참지 말고 펑펑 울어,
다 울고 나면 그땐 웃을 일만 남아 있을 거야.

내 힘에 부쳐서 도저히 어찌 할 방법이 없을 때, 온몸에 힘이 빠져 눈물... ";"20180905";"";"2022-12-01 13:27:17.052"
244;"9788970596761";"UX 디자인 7가지 비밀 (너무나 잘 알려져 있지만 제대로 활용되지 못하는 UX 디자인의 뻔한 비밀들)";"http://book.naver.com/bookdb/book_detail.php?bid=7170392";"https://bookthumb-phinf.pstatic.net/cover/071/703/07170392.jpg?type=m1&udate=20190203";"박지수|김헌";25000;0;"안그라픽스";"UX 디자이너는, 머리는 치밀한 태스크 분석을 위한 논리적 사고로 무장하고, 귀는 사용자가 말없이 요구하는 요구사항을 잘 들을 수 있도록 항상 열어두고, 눈은 부분이 아닌 전체를 조망하며 일관된 인터랙션을 설계하고, 가슴은 사용자를 위한 따뜻한 배려로 가득 채우고, 손은 프로토타입을 직접 만들어... ";"20130318";"";"2022-12-01 13:27:17.052"
146;"9788970902647";"소설처럼 아름다운 수학이야기 (어느 소설가의 수학 공포 극복기)";"http://book.naver.com/bookdb/book_detail.php?bid=24063";"https://bookthumb-phinf.pstatic.net/cover/000/240/00024063.jpg?type=m1&udate=20220210";"김정희";9000;0;"동아일보사";"시간의 육십진법을 알아듣지 못해 선생님에게 뺨을 맞고 수학이라면 겁에 질려버린 작가 김정희씨의 수학 공포 극복기와 어떻게 수학을 친구로 받아들이게 됐는지를 자신의 경험담과 노하우를 소설가 답게 알아듣기 쉽고 흥미진진하게 기술했다.";"20020330";"";"2022-12-01 13:27:17.052"
50;"9788970909622";"소설처럼 아름다운 수학 이야기 (수포자였던 어느 소설가가 들려주는 소설보다 재미있는 수학의 세계)";"http://book.naver.com/bookdb/book_detail.php?bid=7225957";"https://bookthumb-phinf.pstatic.net/cover/072/259/07225957.jpg?type=m1&udate=20150715";"김정희";12000;0;"동아일보사";"수포자였던 어느 소설가가 들려주는 소설보다 재미있는 수학의 세계『소설처럼 아름다운 수학 이야기』. 시간의 육십진법을 알아듣지 못해 선생님에게 뺨을 맞고 수학이라면 겁에 질려버린 작가 김정희씨의 수학 공포 극복기와 어떻게 수학을 친구로 받아들이게 됐는지를 자신의 경험담과 노하우를 소설가 답게... ";"20130603";"";"2022-12-01 13:27:17.052"
5;"9788971999080";"나의 한국현대사 1959-2020";"http://book.naver.com/bookdb/book_detail.php?bid=17802896";"https://bookthumb-phinf.pstatic.net/cover/178/028/17802896.jpg?type=m1&udate=20210410";"유시민";19000;0;"돌베개";"그때 그 사건은 어떻게 역사가 됐을까?
세월호 참사에서 코로나19까지, 전면 업그레이드한 ‘대한민국 현재사’30만 독자의 마음을 사로잡으며 역사 분야의 스테디셀러로 자리를 지켜온 유시민의『나의 한국현대사』가 6년 만에 개정증보판으로 돌아왔다. ‘객관적 사실’과 ‘주관적 체험’을 넘나들며... ";"20210120";"";"2022-12-01 13:27:17.052"
34;"9788972756194";"히가시노 게이고 장편소설 (전3권, 나미야 잡화점의 기적 외)";"http://book.naver.com/bookdb/book_detail.php?bid=12657286";"https://bookthumb-phinf.pstatic.net/cover/126/572/12657286.jpg?type=m1&udate=20171017";"히가시노 게이고";44400;0;"현대문학";"제목 : 나미야 잡화점의 기적 [양장]            출판사 : 현대문학    가격 : 14,800원    출판년도 : 2012-12-19             저자 : 히가시노 게이고 지음, 양윤옥 옮김    쪽수 : 456쪽                         누군가 자신을 부르는 것 같았다. 하지만 대답할 수 없었다. 손끝 하나 꼼짝할 수 없는 것이다. 아니... ";"20170630";"";"2022-12-01 13:27:17.052"
36;"9788972757573";"라플라스의 마녀 (히가시노 게이고 장편소설)";"http://book.naver.com/bookdb/book_detail.php?bid=10007513";"https://bookthumb-phinf.pstatic.net/cover/100/075/10007513.jpg?type=m1&udate=20210515";"히가시노 게이고";14800;0;"현대문학";"인류의 미지의 영역에 도전한 히가시노 게이고의 80번째 작품!히가시노 게이고 작가 데뷔 30주년 기념작 『라플라스의 마녀』. 그동안 치밀한 트릭과 반전이 빛나는 본격 추리소설부터 우리 시대의 문제점을 파고든 사회파 작품, 서스펜스, 판타지, SF에 이르기까지 다양한 장르를 오가며 미스터리의 경계를... ";"20160111";"";"2022-12-01 13:27:17.052"
38;"9788973303151";"누구를 위하여 종은 울리나 ";"http://book.naver.com/bookdb/book_detail.php?bid=118492";"https://bookthumb-phinf.pstatic.net/cover/001/184/00118492.jpg?type=m1&udate=20111027";"어니스트 헤밍웨이";5000;0;"하서출판사";"";"1993";"";"2022-12-01 13:27:17.052"
51;"9788974250041";"꿈 내비게이션 (말하는 대로 이루어진다)";"http://book.naver.com/bookdb/book_detail.php?bid=1251648";"https://bookthumb-phinf.pstatic.net/cover/012/516/01251648.jpg?type=m1&udate=20211206";"오영근|한금실";15000;0;"국일미디어";"“이룰 수 없을 것 같은 꿈도 결국 이루어진다”  
꿈을 이루는 6가지 황금열쇠(꿈·목표·녹음·행동·성취·나눔)

가장 쉽고 획기적이며 과학적으로 꿈을 이루는 방법! 
녹음만으로 간절한 꿈을 이루는 마법 같은 비밀을 밝힌다

“꿈을 버리지 말자. 꿈이 사라지면 당신은 존재하지만 사는 것은 끝난 것이다”... ";"20211125";"";"2022-12-01 13:27:17.052"
49;"9788974423414";"썩은 사과만 골라내면 (큰돈되는 권리분석)";"http://book.naver.com/bookdb/book_detail.php?bid=1583747";"https://bookthumb-phinf.pstatic.net/cover/015/837/01583747.jpg?type=m1&udate=20160925";"이항용";13000;0;"매일경제신문사";"저자의 처음 경매에 입문할 때 정리해 놓은 내용을 기준으로 하여, 경매의 접근방법, 권리분석, 실전사례 등 경매의 종합적인 내용들에 대해 초보자들이 쉽게 이해하고 접근할 수 있는 내용이 담겨 있다.

초보 입찰자들이 권리분석을 할 때 가장 두려워하는 부분이 바로 낙찰자인 매수인에게 부담으로 남는 권리일... ";"20050704";"";"2022-12-01 13:27:17.052"
121;"9788974429126";"손현덕의 구석구석 산업탐구 (알면 재미있는 생활 속 산업기술 이야기)";"http://book.naver.com/bookdb/book_detail.php?bid=127489";"https://bookthumb-phinf.pstatic.net/cover/001/274/00127489.jpg?type=m1&udate=20130508";"손현덕";15000;0;"매일경제신문사(매경출판주식회사)";"신문에서는 알려주지 않는 생활 속 산업 상식!알면 재미있는 생활 속 산업기술 이야기 『손현덕의 구석구석 산업탐구』. 이 책은 저널리스트 손현덕이 개별 산업의 원리와 상식에 대한 글을 엮은 것이다. 전자, 반도체, 자동차, 에너지, 철강, 섬유 등 한국 경제를 이끌어가는 주요 산업 분야에 대해 다루었다.... ";"20130225";"";"2022-12-01 13:27:17.052"
207;"9788974672058";"VISUAL BASIC 4 NETWORK GAMES";"http://book.naver.com/bookdb/book_detail.php?bid=1393072";"";"David Allen";25000;0;"삼각형";"";"19960501";"";"2022-12-01 13:27:17.052"
205;"9788975400148";"볼랜드 C++ (C언어사용자를위한)";"http://book.naver.com/bookdb/book_detail.php?bid=3666930";"";"최희욱";13000;0;"성원";"";"19931001";"";"2022-12-01 13:27:17.052"
201;"9788975607547";"HTML CSS 자바스크립트 무작정따라하기 (동영상과 280개 예제로 배우는, 무작정 따라하기 183)";"http://book.naver.com/bookdb/book_detail.php?bid=4634010";"https://bookthumb-phinf.pstatic.net/cover/046/340/04634010.jpg?type=m1&udate=20170301";"고경희";23800;0;"길벗";"실무 예제 및 동영상으로 배우는 HTML, CSS, 자바스크립트 입문서!

이 책은 HTML, CSS, 자바스크립트를 컴퓨터 사용자가 혼자서도 학습할 수 있도록 따라하기 형식으로 구성한 안내서이다. HTML로 토대를 만들고 CSS로 디자인을 완성하고 자바스크립트로 동적인 효과를 살리는 과정을 설명한다. 본문은 새로이... ";"20080623";"";"2022-12-01 13:27:17.052"
138;"9788976334473";"빅데이터, 경영을 바꾸다 (데이터는 답을 알고있다!)";"http://book.naver.com/bookdb/book_detail.php?bid=6994710";"https://bookthumb-phinf.pstatic.net/cover/069/947/06994710.jpg?type=m1&udate=20210910";"함유근|채승병";15000;0;"삼성경제연구소";"데이터 속에 답이 있다!『빅데이터 경영을 바꾸다』는 2010년대 들어 최대의 이슈로 부상한 ‘빅데이터’가 과연 무엇인지 빅데이터를 정확하게 이해하기 위한 기본적인 내용들을 알기 쉽게 설명하고, 빅데이터가 기업 경영에 가져오는 변화들을 다양한 관점에서 살펴본다. 빅데이터의 가치를 다양한 기술적... ";"20120830";"";"2022-12-01 13:27:17.052"
144;"9788979142204";"좋은 프로그램을 만드는 핵심원리 25가지";"http://book.naver.com/bookdb/book_detail.php?bid=252834";"https://bookthumb-phinf.pstatic.net/cover/002/528/00252834.jpg?type=m1&udate=20141020";"김종훈";20000;0;"한빛미디어";"프로그래밍에 대한 기초가 전혀 없는 초보자도 쉽게 접근할 수 있으면서, 고급 주제까지 다루고 있는 프로그래밍 책
프로그래밍에 대한 필수적인 주제를 모두 다루고 있으며 주제에 대한 명확한 이해를 위해 동작의 예를 보여준다. 또한, 제시한 이론을 응용한 프로그램 예와 실제 시스템에서 적용해 사용하고... ";"20030106";"";"2022-12-01 13:27:17.052"
165;"9788979142624";"누워서 읽는 알고리즘 (생각하는 방법을 알려주는 알고리즘 이야기)";"http://book.naver.com/bookdb/book_detail.php?bid=138699";"https://bookthumb-phinf.pstatic.net/cover/001/386/00138699.jpg?type=m1&udate=20150529";"임백준";12000;0;"한빛미디어";"이 책은 어렵고 복잡한 알고리즘을 '쉽게 풀어서' 설명한 책이 아니다. 오히려 맛있는 읽을거리를 만들기 위해서 알고리즘과 같은 기술적인 내용을 '동원한' 책이 아니다. 나는 새로운 알고리즘 이론을 소개하는 것도, 독자들에게 알고리즘을 '강의'하는 것도 아니다. 즉 '공부'와 아무런 상관이 없다. 나는 실전... ";"20031207";"";"2022-12-01 13:27:17.052"
160;"9788979142747";"나는 프로그래머다";"http://book.naver.com/bookdb/book_detail.php?bid=146929";"https://bookthumb-phinf.pstatic.net/cover/001/469/00146929.jpg?type=m1&udate=20171003";"김용준|김종호|원은희|유영창|이춘식|임백준|허광남";12800;0;"한빛미디어";"7명의 프로그래머가 모여서 쓴 글을 엮은 책. IT의 각 분야에서 우여곡절을 겪으며 각 분야의 전문가가 되어가는 과정을 생생하게 담아냈다.";"20040326";"";"2022-12-01 13:27:17.052"
164;"9788979143294";"임백준의 소프트웨어 산책";"http://book.naver.com/bookdb/book_detail.php?bid=1558713";"https://bookthumb-phinf.pstatic.net/cover/015/587/01558713.jpg?type=m1&udate=20130508";"임백준";12800;0;"한빛미디어";"재미있게 풀어 쓴 소프트웨어 상식과 프로그래밍을 주제로 쓴 소설 ' 프로그래머 k씨의 하루'가 실려있는 독특한 책. 객체지향, 디자인 패턴, 리팩토링, 소프트웨어 공학, 그리고 XML이라는 주제를 다루는 다섯 개의 장으로 이루어져 있다. 각 장은 해당 주제에 대한 간단한 개념, 역사, 인물, 그리고 그와 관련된... ";"20050530";"";"2022-12-01 13:27:17.052"
195;"9788979143973";"뇌를 자극하는 JAVA 프로그래밍";"http://book.naver.com/bookdb/book_detail.php?bid=2513233";"https://bookthumb-phinf.pstatic.net/cover/025/132/02513233.jpg?type=m1&udate=20150527";"김윤명";27000;0;"한빛미디어";"자바 프로그램 입문서. 이 책에서는 C나 C++을 학습하지 않아도 객체지향 언어인 자바를 쉽게 학습할 수 있도록 자바 프로그래밍 문법을 원리부터 충실하게 설명하고 있다. 자바의 개념에서부터 기초 문법, 객체와 클래스, 기초적인 자바 클래스들, 멀티스레드 프로그래밍과 네트워크 통신 프로그래밍... ";"20060831";"";"2022-12-01 13:27:17.052"
161;"9788979144758";"대한민국 개발자 희망보고서";"http://book.naver.com/bookdb/book_detail.php?bid=2690035";"https://bookthumb-phinf.pstatic.net/cover/026/900/02690035.jpg?type=m1&udate=20141020";"오병곤";16000;0;"한빛미디어";"대한민국 토종 개발자들을 위한 개발 프로그래밍의 내용을 담은『대한민국 개발자 희망보고서』. 이 책은 대한민국 개발자들의 문제점과 현주소를 파악하고 어떻게 풀어나가야 하는지에 대한 비전을 제시한다.

《대한민국 개발자 희망보고서》는 IT 업계에서 살아가는 전략과 소프트웨어 개발하기, 프로젝트... ";"20070224";"";"2022-12-01 13:27:17.052"
162;"9788979145946";"프로그래밍은 상상이다 (뉴욕의 프로그래머가 던지는 상상에 대한 화두)";"http://book.naver.com/bookdb/book_detail.php?bid=4743638";"https://bookthumb-phinf.pstatic.net/cover/047/436/04743638.jpg?type=m1&udate=20210804";"임백준";17800;0;"한빛미디어";"당신에게 프로그래밍이란 무엇인가!

&lt;뉴욕의 프로그래머&gt;의 저자 임백준의 『프로그래밍은 상상이다』. 저자가 미국 월 스트리트에서 금융 소프트웨어를 개발하는 틈틈이 컴퓨터 관련 잡지 '마이크로소프트웨어', '경영과 컴퓨터' 등에 기고한 칼럼 30여 편을 엄선하여 주제와 성격에 따라 총4장으로... ";"20080901";"";"2022-12-01 13:27:17.052"
204;"9788980544059";"알짜 리눅스 6.1 (초보자를위한)";"http://book.naver.com/bookdb/book_detail.php?bid=57623";"https://bookthumb-phinf.pstatic.net/cover/000/576/00057623.jpg?type=m1&udate=20130628";"윤재호";18000;0;"인포북";"주로 PC에 알짜 레드햇 리눅스를 설치하여 인터넷을  사용하려는 사람들을 위한 기초 입문서. 왜 리눅스를 해야 하는가, 인터넷 사용하기, 멀티미디어 즐기기 등을 설명했다. CD-ROM 포함.";"20000125";"";"2022-12-01 13:27:17.052"
193;"9788980781812";"Ajax PROGRAMMING 기초부터 중급까지";"http://book.naver.com/bookdb/book_detail.php?bid=2482348";"https://bookthumb-phinf.pstatic.net/cover/024/823/02482348.jpg?type=m1&udate=20130820";"최범균";18000;0;"가메";"AJAX PROGRAMMIN 입문서. 이 책은 AJAX 기초 프로그래밍과 DOM, XML, 자바스크립트 객체, MVC 패턴 구현, 보안 등으로 구성되었다. 부록CD에는 본문소스가 수록되었다.";"20060530";"";"2022-12-01 13:27:17.052"
253;"9788980782499";"jQuery & jQuery Mobile (이해하기 쉽게 풀어쓴,소스 하나로 데스크탑과 모바일까지 HTML5와 함께하는)";"http://book.naver.com/bookdb/book_detail.php?bid=6935023";"https://bookthumb-phinf.pstatic.net/cover/069/350/06935023.jpg?type=m1&udate=20151015";"성윤정";25000;0;"가메";"『JQUERY JQUERY MOBILE』은 웹 개발자들이 JQUERY에 대한 기본적인 문법을 숙지하고 개발 능력을 향상하도록 이끌어주는 책이다. JQUERY 선택자를 사용하여 원하는 엘리먼트를 추출하는 능력을 향상하고 JQUERY를 이용한 DOM 구조 조작, 이벤트 처리 방식, JQUERY 기반의 AJAX 구현 방법, JQUERY... ";"20120525";"";"2022-12-01 13:27:17.052"
196;"9788980782710";"웹 개발자를 위한 Spring 4.0 프로그래밍";"http://book.naver.com/bookdb/book_detail.php?bid=7918153";"https://bookthumb-phinf.pstatic.net/cover/079/181/07918153.jpg?type=m1&udate=20181006";"최범균";32000;0;"가메";"『웹 개발자를 위한 SPRING 4.0 프로그래밍』는 스프링 4의 새로운 특징 포함하고  스프링 DI, AOP, 스프링 MVC, 스프링 웹소켓, JDB, 하이버네이트, JPA, MYBATIS 연동과 스프링 데이터 JPA,  일반적인 웹 어플리케이션 구조 소개 등의 내용을 포함하고 있다.";"20140805";"";"2022-12-01 13:27:17.052"
197;"9788982417689";"HTML5 & CSS3 (처음 시작하는)";"http://book.naver.com/bookdb/book_detail.php?bid=6968742";"https://bookthumb-phinf.pstatic.net/cover/069/687/06968742.jpg?type=m1&udate=20141122";"김석수";25000;0;"이한미디어";"처음 시작하는『HTML5 & CSS3』. 학생의 입장을 생각해 어떻게 하면 더 쉽고 재미있게 학습할 수 있는지 염두에 두고 구성한 지침서이다. 누구나 쉽게 이해할 수 있도록 다양한 기본적인 예제를 수록하였으며 실무에서도 효율적으로 응용할 수 있도록 다양한 프로젝트를 구성하였다.";"20120405";"";"2022-12-01 13:27:17.052"
203;"9788983540904";"따라해보세요리눅스로서버만들기";"http://book.naver.com/bookdb/book_detail.php?bid=1545272";"";"안경훈";15000;0;"한글과컴퓨터";"";"20000303";"";"2022-12-01 13:27:17.052"
10;"9788983711540";"코스모스 (사이언스 클래식 4)";"http://book.naver.com/bookdb/book_detail.php?bid=1507354";"https://bookthumb-phinf.pstatic.net/cover/015/073/01507354.jpg?type=m1&udate=20220102";"칼 세이건";45000;0;"사이언스북스";"20년전에 출판되어 과학 교양서의 고전이 된 칼 세이건의 &lt;코스모스&gt;. 그동안 절판되어 많은 독자들을 안타깝게 했던 이 책이 새롭게 완역되어 출간되었다. 우주의 탄생, 은하계의 진화, 태양의 삶과 죽음, 우주를 떠돌던 먼지가 의식 있는 생명이 되는 과정, 외계 생명의 존재 문제 등이 250여 컷의 사진과... ";"20041220";"";"2022-12-01 13:27:17.052"
17;"9788983711892";"코스모스";"http://book.naver.com/bookdb/book_detail.php?bid=2623907";"https://bookthumb-phinf.pstatic.net/cover/026/239/02623907.jpg?type=m1&udate=20081210";"칼 세이건";18500;0;"사이언스북스";"칼 세이건의 &lt;코스모스&gt; 특별판이 세이건의 서거 10주기를 기념하여 출간되었다. 이 특별판은 지난 2004년 12월에 출간된 &lt;코스모스&gt;(양장본)의 텍스트 전문과 도판 일부를 사용하고 판형을 휴대하기 쉬운 신국판으로 바꿔 출간한 책으로, 독자들이 좀 더 쉽게 칼 세이건의 메시지를 만날 수... ";"20061220";"";"2022-12-01 13:27:17.052"
241;"9788983798114";"포토샵 + 일러스트레이터 작업의 기술 (프로의 책상에서 벌어지는)";"http://book.naver.com/bookdb/book_detail.php?bid=7454950";"https://bookthumb-phinf.pstatic.net/cover/074/549/07454950.jpg?type=m1&udate=20190205";"정윤선";23000;0;"혜지원";"현직 프리랜서 디자이너에게 직접 배우는 포토샵과 일러스트레이터

[포토샵+일러스트레이터 작업의 기술]은 디자인 입문생이나 현업에 종사하고 있는 디자이너들을 위한 포토샵과 일러스트레이터 실무 가이드북이다. 디자인을 하는 데 있어 필요한 스킬과 테크닉, 포토샵과 일러스트레이터를 적절히 사용하는... ";"20140325";"";"2022-12-01 13:27:17.052"
224;"9788984010666";"코드북";"http://book.naver.com/bookdb/book_detail.php?bid=122348";"https://bookthumb-phinf.pstatic.net/cover/001/223/00122348.jpg?type=m1&udate=20140703";"사이먼 싱";15000;0;"영림카디널";"암호는 인류의 역사와 더불어 특히 정치, 외교, 군사목적으로 국가안보 차원에서 보호를 받으면서 발전해왔다. 암호의 목적은 내용을 완벽하게 숨기는 것이 아니라 내용이 알려질 때까지 시간을 끌기 위한 것이다. 과거에는 이러한 암호해독이 어려운 일이였으나, 금세기 들어 통신과 컴퓨터가 발달하면서 암호... ";"20030410";"";"2022-12-01 13:27:17.052"
7;"9788984011861";"페르마의 마지막 정리";"http://book.naver.com/bookdb/book_detail.php?bid=7768187";"https://bookthumb-phinf.pstatic.net/cover/077/681/07768187.jpg?type=m1&udate=20211217";"사이먼 싱";17000;0;"영림카디널";"'페르마의 마지막 정리'는 언뜻 보기에 초등학생도 풀 수 있을 정도로 간단해 보이지만, 당대 최고의 석학들도 이 '정리' 앞에서는 무릎을 꿇었다. 수학 역사상 최대의 수수께끼였고 난제였다. 그 동안 수많은 사람들이 이것을 증명하기 위해 일생을 바쳤지만 끝내 빗장은 열리지 않을 듯했다.

그러나 영국의... ";"20140701";"";"2022-12-01 13:27:17.052"
72;"9788984012189";"만화로 읽는 페르마의 마지막 정리 1";"http://book.naver.com/bookdb/book_detail.php?bid=12721276";"https://bookthumb-phinf.pstatic.net/cover/127/212/12721276.jpg?type=m1&udate=20181126";"유키 히로시";11500;0;"영림카디널";"천재 수학 소녀 ‘미르카’, 수학에 호기심이 많은 ‘테트라’, 좌충우돌 사촌여동생 ‘유리’. 이들 세 명의 수학 소녀와 수학이 취미인 고등학교 2학년 ‘나’가 ‘페르마의 마지막 정리’의 해법에 한걸음 다가간다. 선생님이 건넨 의문의 수학 퀴즈를 풀면서 수학의 원리와 공식을 하나씩 이해하기 시작한... ";"20171115";"";"2022-12-01 13:27:17.052"
74;"9788984012196";"만화로 읽는 페르마의 마지막 정리 2";"http://book.naver.com/bookdb/book_detail.php?bid=12878535";"https://bookthumb-phinf.pstatic.net/cover/128/785/12878535.jpg?type=m1&udate=20171214";"유키 히로시";11500;0;"영림카디널";"3백년 만에 풀린 수학 역사상 최대의 수수께끼  ‘페르마의 마지막 정리’ xⁿ+yⁿ=zⁿ의 해법에 다가가는 첫 걸음!   《만화로 읽는 페르마의 마지막 정리》 두 번째 이야기! 1권에 이어 수학 천재 ‘미르카’, 수학에 호기심이 많은 ‘테트라’, 좌충우돌 사촌여동생 ‘유리’. 이들 세 명의 수학 소녀와 수학이... ";"20171210";"";"2022-12-01 13:27:17.052"
73;"9788984012202";"만화로 읽는 페르마의 마지막 정리 3";"http://book.naver.com/bookdb/book_detail.php?bid=13779311";"https://bookthumb-phinf.pstatic.net/cover/137/793/13779311.jpg?type=m1&udate=20180719";"유키 히로시";11500;0;"영림카디널";"";"20180715";"";"2022-12-01 13:27:17.052"
120;"9788986277845";"파도가 칠 때는 서핑을";"http://book.naver.com/bookdb/book_detail.php?bid=2691971";"https://bookthumb-phinf.pstatic.net/cover/026/919/02691971.jpg?type=m1&udate=20070325";"이본 취나드";12000;0;"화산문화";"전설적인 록클리이머이자 환경운동가인 이본 취나드. 그는 세계적 아웃도어 의류 메이커인 파타고니아의 설립자이다.『파도가 칠 때는 서핑을』은 이런 이본 취나드의 자서전 겸 경영철학서이다. 개인적인 경영철학과 함께 파타고니아의 역사를 살펴본 다음, 제품 디자인·생산·영업·이미지·재무·인사관리... ";"20070210";"";"2022-12-01 13:27:17.052"
198;"9788988796078";"직업정보론 (직업상담사)";"http://book.naver.com/bookdb/book_detail.php?bid=99125";"https://bookthumb-phinf.pstatic.net/cover/000/991/00099125.jpg?type=m1&udate=20141212";"이상국";20000;0;"현대고시사";"직업상담사 자격시험 대비서. 직업정보의 의의, 직업구조론, 직업분류론, 직업선택론, 직업안정론 등 9개 장으로 설명하고 객관식 문제를 덧붙였다.";"19990805";"";"2022-12-01 13:27:17.052"
208;"9788988886243";"리눅스 공동체 세미나 강의록 (제4회)";"http://book.naver.com/bookdb/book_detail.php?bid=207542";"https://bookthumb-phinf.pstatic.net/cover/002/075/00207542.jpg?type=m1&udate=20080301";"리눅스 공동체";28000;0;"사이버출판사";"리눅스의 올바른 사용을 위한 공동체 세미나에서 발표된 리눅스 사용법을 해설한 책. CD-ROM  6개 포함.
";"20000515";"";"2022-12-01 13:27:17.052"
141;"9788989345305";"EXCEL 2000 POWER PROGRAMMING WITH VBA";"http://book.naver.com/bookdb/book_detail.php?bid=102753";"https://bookthumb-phinf.pstatic.net/cover/001/027/00102753.jpg?type=m1&udate=20130629";"John Walkenbach";25000;0;"이한디지털리";"엑셀 사용자를 위한 VBA 해설서. VBA의 기본이 되는 비주얼 베이직을 소개하고 VBA 프로그래밍 기초와 사용자 정의 폼 기법, 엑셀 유틸리티 개발 그리고 엑셀 프로그래밍에 대한 FAQ에 이르기까지를 다양한 예제와 함께 상세히 설명했다. 부록으로 온라인 무료강의 쿠폰을 첨부했다.";"20010715";"";"2022-12-01 13:27:17.052"
211;"9788989383864";"사물인터넷 개론 (4차 산업혁명 시대와 초연결사회를 여는)";"http://book.naver.com/bookdb/book_detail.php?bid=16687643";"https://bookthumb-phinf.pstatic.net/cover/166/876/16687643.jpg?type=m1&udate=20220701";"서경환|최종철|권명규|장원규";20000;0;"배움터";"우리 사회는 21세기에 진입하여 변화 물결의 중심이 개혁, 혁신에서 혁명(REVOLUTION)이라는 화두로 사회 전반으로 확산 중입니다. 이러한 변화는 세계적으로 유례없는 저성장, 저소비, 고실업률, 고위험, 규제 강화 등 이른바 무하마드 앨 에리언(MOHAMED A. EL-ERIAN)이 2008년 저서 ‘새로운 부의... ";"20200910";"";"2022-12-01 13:27:17.052"
140;"9788989484479";"판매예측과 매출분석";"http://book.naver.com/bookdb/book_detail.php?bid=1528482";"https://bookthumb-phinf.pstatic.net/cover/015/284/01528482.jpg?type=m1&udate=20130704";"이화룡";17000;0;"이비컴";"기업 실무에서 엑셀을 활용하여 손쉽게 판매 데이터를 분석하고, 예측할 수 있는 방법을 소개하고 있는 책. 특히 기업 내의 마케팅 기획자, 영업 관리자, 그리고 상경계열 학생들을 위해 기획되어 상황과 업무에 맞게 활용 가능한 예제와 시뮬레이션 분석을 통해서 매출 및 ?";"20050312";"";"2022-12-01 13:27:17.052"
199;"9788989846802";"TEACH YOURSELF JAVA 2 (PROFESSIONAL REFERENCE)";"http://book.naver.com/bookdb/book_detail.php?bid=109964";"https://bookthumb-phinf.pstatic.net/cover/001/099/00109964.jpg?type=m1&udate=20150604";"로라 르메이";22000;0;"비앤씨";"teach yourself JAVA 2는 자바 최신 기술까지 포함하는 수정 개정판. 이책은 쉽고 포괄적인 지침들을 따라가면서 자바 기초 클래스, 자바빈, 원격 메서드 요구, 자바 서블릿, 자바 서버 페이지, XML과 같은 더 고급 단계로 넘어가기 위한 자바 프로그래밍의 기초를 제시한다. 21일만에 전문가 단계인 자바... ";"20020727";"";"2022-12-01 13:27:17.052"
124;"9788989938354";"논어 30구 (유쾌하게 공자읽기)";"http://book.naver.com/bookdb/book_detail.php?bid=130201";"https://bookthumb-phinf.pstatic.net/cover/001/302/00130201.jpg?type=m1&udate=20130629";"이인호";8000;0;"아이필드";"논어의 내용을 집약하여 표현할 수 있는 30구절을 수록하였다. 원문과 번역을 함께수록하여 비교하여 읽을 수 있도록 하였으며 사이사이에 공자에 대한 이야기를 넣어서 해설을 하고 있다.";"20030830";"";"2022-12-01 13:27:17.052"
163;"9788989982029";"유난히 설명이 잘된 수학 (수의모습:대수편)";"http://book.naver.com/bookdb/book_detail.php?bid=245156";"https://bookthumb-phinf.pstatic.net/cover/002/451/00245156.jpg?type=m1&udate=20130629";"김경환";8500;0;"퍼브릭아이";"방정식, 자연수 등의 수의 기본을 딱딱하고 잡다한 이론의 나열보다 실제 문제를 풀고 생각하는 데 필요한 수에 대한 기본적인 이해, 감각을 키울 수 있도록 상세한 설명과 다양한 응용문제로 종합, 유형별로 정리하였다.";"20020725";"";"2022-12-01 13:27:17.052"
167;"9788991147768";"조선을 뒤흔든 16가지 살인사건 (과학수사와 법의학으로 본 조선시대 이야기)";"http://book.naver.com/bookdb/book_detail.php?bid=2517730";"https://bookthumb-phinf.pstatic.net/cover/025/177/02517730.jpg?type=m1&udate=20201009";"이수광";13000;0;"다산초당";"조선을 뒤흔든 16가지 잔혹한 살인사건을 통해 조선시대를 다시 살펴보는 책. 조선시대 전국을 충격의 도가니에 빠트렸던 16가지 희대의 살인사건을 재구성해, 사건의 발생부터 범인의 검거에 이르는 전 과정을 추적하고 있다. 조선시대 양반이 저지른 살인, 여성이 저지른 살인, 반군들의 살인, 미궁에 빠졌다가... ";"20060920";"";"2022-12-01 13:27:17.052"
129;"9788991147942";"회계 천재가 된 홍대리 1 (회계와 성장의 비밀)";"http://book.naver.com/bookdb/book_detail.php?bid=2625486";"https://bookthumb-phinf.pstatic.net/cover/026/254/02625486.jpg?type=m1&udate=20100414";"손봉석";12000;0;"다산북스";"최고의 공인회계사가 쉽고 재미있게 풀어 쓴 회계책!회계의 '회'자도 모르는 홍 대리. 그가 회계의 정수를 하나씩 깨달아가면서 회계 천재로 거듭난다.『회계 천재가 된 홍대리』는 회계에 대해서는 아무것도 몰랐던 홍 대리가 회계의 기초부터 고급기술까지 단계적으로 밟아가는 과정을 재미있게 그려나가... ";"20070112";"";"2022-12-01 13:27:17.052"
153;"9788991215986";"정완상 선생님이 쓴 조선과학왕조실록 (물리편 1)";"http://book.naver.com/bookdb/book_detail.php?bid=5115781";"https://bookthumb-phinf.pstatic.net/cover/051/157/05115781.jpg?type=m1&udate=20141104";"정완상";8800;0;"이치";"조선 시대 역사 인물들과 함께하는 과학 이야기!&lt;조선과학왕조실록&gt; 시리즈 『물리』편 제1권. 이 시리즈는 조선시대의 역사적 사건을 과학으로 재구성한 책입니다. 역사적 사건에 '과학'을 대입하였으나 상황에 따라 전개되는 사건들은 모두 허구이고 조선왕조를 조선과학왕조로 설정하여 다시 쓴... ";"20081105";"";"2022-12-01 13:27:17.052"
152;"9788991215993";"조선과학왕조실록 (물리편 2, 정완상 선생님이 쓴)";"http://book.naver.com/bookdb/book_detail.php?bid=5115834";"https://bookthumb-phinf.pstatic.net/cover/051/158/05115834.jpg?type=m1&udate=20100414";"정완상";8800;0;"이치";"조선 시대 역사 인물들과 함께하는 과학 이야기!&lt;조선과학왕조실록&gt; 시리즈 『물리』편 제2권. 이 시리즈는 조선시대의 역사적 사건을 과학으로 재구성한 책입니다. 역사적 사건에 '과학'을 대입하였으나 상황에 따라 전개되는 사건들은 모두 허구이고 조선왕조를 조선과학왕조로 설정하여 다시 쓴... ";"20081105";"";"2022-12-01 13:27:17.052"
155;"9788991268395";"소프트웨어, 누가 이렇게 개떡같이 만든 거야 (사용성을 제대로 이해하는 유쾌한 통찰)";"http://book.naver.com/bookdb/book_detail.php?bid=4487377";"https://bookthumb-phinf.pstatic.net/cover/044/873/04487377.jpg?type=m1&udate=20220216";"데이비드 S. 플랫";14000;0;"인사이트";"소프트웨어 사용이 어려운 이유는?『소프트웨어 누가 이렇게 개떡같이 만든 거야』는 왜 사용자가 소프트웨어를 사용하기가 어려운지에 대해 이야기한다. 소프트웨어를 어렵게 느끼는 이유는 무엇인지, 누구 때문에 이러한 일들이 발생하는지, 과연 잘 만들어진 소프트웨어는 어떠한 것인지에 대해 재미있고... ";"20080404";"";"2022-12-01 13:27:17.052"
150;"9788991268586";"겸손한 개발자가 만든 거만한 소프트웨어";"http://book.naver.com/bookdb/book_detail.php?bid=6008133";"https://bookthumb-phinf.pstatic.net/cover/060/081/06008133.jpg?type=m1&udate=20161225";"신승환";16800;0;"인사이트";"거만한 소프트웨어의 탄생을 막아내자!

오토에버시스템즈 소속 신승환의 『겸손한 개발자가 만든 거만한 소프트웨어』. 개발 현장에서 겸손한 태도로 야근도 밥 먹듯 하면서 묵묵히 자신이 맡은 프로젝트를 성실히 해냈더니만, 힘들게 낳은 소프트웨어가 거만해서 고민인 세상 모든 개발자를 위해 저술된... ";"20090413";"";"2022-12-01 13:27:17.052"
128;"9788992555555";"회계 천재가 된 홍대리 2 (이익과 성장의 비밀)";"http://book.naver.com/bookdb/book_detail.php?bid=3349646";"https://bookthumb-phinf.pstatic.net/cover/033/496/03349646.jpg?type=m1&udate=20130130";"손봉석";12000;0;"다산북스";"회계천재가 되어 돌아온 홍대리! 쉽고 재미있게 배우는 회계 안내서재무통으로 불리는 다산타이어 박 사장. 언제나 숫자의 중요성을 강조하지만 임직원과 사원들이 잘 알아듣지 못하자 홍대리를 긴급 섭외한다. 회계의 '회'자도 몰랐지만 회계 천재로 거듭난 홍대리는 '홍대리의 경영 시뮬레이션'을 내 놓으며... ";"20071115";"";"2022-12-01 13:27:17.052"
89;"9788992632126";"이상한 나라의 앨리스 (아름다운 고전 시리즈3)";"http://book.naver.com/bookdb/book_detail.php?bid=4323843";"https://bookthumb-phinf.pstatic.net/cover/043/238/04323843.jpg?type=m1&udate=20210709";"루이스 캐럴";11000;0;"인디고(글담)";"환상적이고 감성적인 일러스트가 더해진 &lt;이상한 나라의 엘리스&gt;전 세계의 독자들에게 사랑받아온 고전 &lt;이상한 나라의 엘리스&gt;에 감성적인 일러스트를 더해 새롭게 펴낸 책. 하드커버 양장 제본에 들고 다니기 쉬운 사이즈로 제작된 작품이다. 싸이월드 스킨 작가 김민지의 환상적이고 감성적인... ";"20071220";"";"2022-12-01 13:27:17.052"
93;"9788992632201";"빨간 머리 앤 (아름다운 고전 시리즈 4)";"http://book.naver.com/bookdb/book_detail.php?bid=4897078";"https://bookthumb-phinf.pstatic.net/cover/048/970/04897078.jpg?type=m1&udate=20211206";"루시 모드 몽고메리";14800;0;"인디고(글담)";"추억의 명작『빨간 머리 앤』을 다시 만나다!

빼빼 마르고, 빨간 머리에, 주근깨투성이 앤의 성장기를 그린 루시 모드 몽고메리의 대표작『빨간 머리 앤』. 1908년에 발표된 작품의 100주년을 기념하여 아름다운 일러스트를 덧붙인 완역본으로 새롭게 펴냈다. 몽고메리의 자전적 소설인 이 작품은 우여곡절 끝에... ";"20150610";"";"2022-12-01 13:27:17.052"
86;"9788992632225";"눈의 여왕 (안데르센 동화집,아름다운 고전 시리즈 5)";"http://book.naver.com/bookdb/book_detail.php?bid=5336001";"https://bookthumb-phinf.pstatic.net/cover/053/360/05336001.jpg?type=m1&udate=20191219";"안데르센";11800;0;"인디고(글담)";"어른이 되어 다시 읽는 안데르센의 동화!

어른들의 눈높이에 맞춘 번역으로 새롭게 태어난 안데르센의 동화집『눈의 여왕』. 덴마크 출신의 세계적인 동화작가 안데르센의 명작들을 일러스트 작가 규하의 그림과 함께 만날 수 있다. &lt;눈의 여왕&gt;, &lt;인어공주&gt;, &lt;나이팅게일&gt;, &lt;백조왕자... ";"20090201";"";"2022-12-01 13:27:17.052"
91;"9788992632232";"피노키오 (아름다운 고전 시리즈 06)";"http://book.naver.com/bookdb/book_detail.php?bid=6013815";"https://bookthumb-phinf.pstatic.net/cover/060/138/06013815.jpg?type=m1&udate=20210709";"카를로 콜로디";12800;0;"인디고";"나무 인형 피노키오의 신비한 모험!어른과 어린이가 함께 읽는 카를로 콜로디의 명작동화『피노키오』. 이탈리아 동화작가 카를로 콜로디의 명작을 일러스트 작가 천은실의 그림과 함께 만날 수 있다. 원작을 그대로 번역하여 감동과 재미를 더욱 살렸고, 환상적이고 세밀한 일러스트로 새로운 피노키오의... ";"20090420";"";"2022-12-01 13:27:17.052"
90;"9788992632263";"오즈의 마법사 (아름다운 고전 시리즈 7)";"http://book.naver.com/bookdb/book_detail.php?bid=6093990";"https://bookthumb-phinf.pstatic.net/cover/060/939/06093990.jpg?type=m1&udate=20210304";"라이먼 프랭크 바움";12800;0;"인디고(글담)";"오즈로 가는 도로시의 신비한 모험 이야기!어른과 어린이가 함께 읽는 환상적인 동화『오즈의 마법사』. 1900년에 첫 출간된 이래 영화와 만화 등으로도 만들어지며 지금까지 많은 사랑을 받고 있는 고전을, 감성적이고 몽환적인 김민지 작가의 일러스트와 함께 만날 수 있다. 환상의 나라 오즈에서 펼쳐지는... ";"20091025";"";"2022-12-01 13:27:17.052"
92;"9788992632287";"아라비안나이트 (세상에서 가장 신비로운 사랑 이야기)";"http://book.naver.com/bookdb/book_detail.php?bid=6286270";"https://bookthumb-phinf.pstatic.net/cover/062/862/06286270.jpg?type=m1&udate=20210709";"리처드 F. 버턴";13800;0;"인디고(글담)";"천 일 동안 이어진 신비로운 사랑 이야기!흥미진진한 모험과 이국적인 정취가 담긴 명작『아라비안 나이트』. 어른이 되어 다시 읽는 명작「아름다운 고전」시리즈의 하나로, 개성 넘치는 일러스트를 담아 소장 가치를 높였으며 보관과 휴대가 간편한 사이즈로 만들었다. 이 책은 특히 '사랑'에 초점을 맞춰... ";"20100620";"";"2022-12-01 13:27:17.052"
95;"9788992632300";"백설공주 (그림 형제의 기묘한 이야기)";"http://book.naver.com/bookdb/book_detail.php?bid=6366939";"https://bookthumb-phinf.pstatic.net/cover/063/669/06366939.jpg?type=m1&udate=20210709";"그림 형제";12800;0;"인디고(글담)";"환상적이고 감성적인 일러스트가 더해진 그림 형제의 아름다운 동화들어른들을 위한 동화『백설공주 : 그림형제의 기묘한 이야기』. 아름다운 열다섯 편의 동화 속에 숨겨진 그림 형제의 서늘하고도 매혹적인 이야기에 감성적인 일러스트를 더한 이 책은 하드커버 양장 제본에 들고 다니기 쉬운 사이즈로... ";"20100925";"";"2022-12-01 13:27:17.052"
87;"9788992632317";"키다리 아저씨 (아름다운 고전 시리즈 10)";"http://book.naver.com/bookdb/book_detail.php?bid=6386358";"https://bookthumb-phinf.pstatic.net/cover/063/863/06386358.jpg?type=m1&udate=20210709";"진 웹스터";12800;0;"인디고(글담)";"두근거리는 첫사랑의 감정, 키다리 아저씨!가슴 떨리는 첫사랑의 기억을 되살려주는 로맨스 소설의 고전『키다리 아저씨』. 어른이 되어 다시 읽는 명작「아름다운 고전」시리즈의 하나로, 개성 넘치는 일러스트를 담아 소장 가치를 높였으며 보관과 휴대가 간편한 사이즈로 만들었다. 뛰어난 글솜씨를 지닌 고아... ";"20101101";"";"2022-12-01 13:27:17.052"
94;"9788992632409";"작은 아씨들 (아름다운 네 자매의 사랑 이야기,아름다운 고전 시리즈 2)";"http://book.naver.com/bookdb/book_detail.php?bid=6755849";"https://bookthumb-phinf.pstatic.net/cover/067/558/06755849.jpg?type=m1&udate=20211007";"루이자 메이 알코트";14800;0;"인디고";"네 자매가 선사하는 따뜻한 이야기!아름다운 네 자매의 사랑 이야기를 담은 명작 『작은 아씨들』. 어른이 되어 다시 읽는 명작 「아름다운 고전」 시리즈의 하나로, 개성 넘치는 일러스트를 담아 소장 가치를 높였으며 보관과 휴대가 간편한 사이즈로 만들었다. 책임감이 강한 첫째 메그, 작가를 꿈꾸는 열정적인... ";"20111031";"";"2022-12-01 13:27:17.052"
85;"9788992632423";"하이디";"http://book.naver.com/bookdb/book_detail.php?bid=6797318";"https://bookthumb-phinf.pstatic.net/cover/067/973/06797318.jpg?type=m1&udate=20210709";"요한나 슈피리";13800;0;"인디고(글담)";"알프스 소녀 하이디가 선사하는 따뜻한 이야기!하이디가 전하는 따뜻한 마음과 사랑 이야기를 담은 명작 『하이디』. 어른이 되어 다시 읽는 명작 「아름다운 고전」 시리즈의 하나로, 개성 넘치는 일러스트를 담아 소장 가치를 높였으며 보관과 휴대가 간편한 사이즈로 만들었다. 어려서 부모를 잃고 이모... ";"20120110";"";"2022-12-01 13:27:17.052"
84;"9788992632485";"오페라의 유령 (Le fantome de l'Opera)";"http://book.naver.com/bookdb/book_detail.php?bid=6830080";"https://bookthumb-phinf.pstatic.net/cover/068/300/06830080.jpg?type=m1&udate=20210709";"가스통 르루";13800;0;"인디고(글담)";"기이한 사건들과 가슴 아픈 사랑 이야기!한 남자의 비극적인 운명과 애절한 사랑 이야기를 그린 가스통 르루의 명작 『오페라의 유령』. 어른이 되어 다시 읽는 명작 「아름다운 고전」 시리즈의 하나로, 개성 넘치는 일러스트를 담아 소장 가치를 높였으며 보관과 휴대가 간편한 사이즈로 만들었다. 추리소설의... ";"20120301";"";"2022-12-01 13:27:17.052"
81;"9788992632508";"인디고 아름다운 고전 세트 (전15권)";"http://book.naver.com/bookdb/book_detail.php?bid=7129583";"https://bookthumb-phinf.pstatic.net/cover/071/295/07129583.jpg?type=m1&udate=20211007";"생텍쥐페리|루시 모드 몽고메리|루이스 캐럴";191200;0;"인디고(글담)";"어른이 되어 다시 읽는 고전 명작!어른들을 위한 동화 「아름다운 고전」 시리즈 세트. 『어린왕자』,『이상한 나라의 앨리스』,『작은 아씨들』 등 시대를 초월해 감동을 선사하는 고전 명작들을 어른의 감성으로 재해석한 일러스트들과 함께 담아낸 시리즈이다. 명작들을 읽다보면 순수했던 어린 시절의... ";"20130115";"";"2022-12-01 13:27:17.052"
88;"9788992632621";"비밀의 화원";"http://book.naver.com/bookdb/book_detail.php?bid=6961870";"https://bookthumb-phinf.pstatic.net/cover/069/618/06961870.jpg?type=m1&udate=20210709";"프랜시스 호지슨 버넷";14800;0;"인디고(글담)";"비밀스러운 뜰에서 펼쳐지는 마법 같은 이야기!세계적인 동화 작가 프랜시스 호지슨 버넷의 대표작 『비밀의 화원』. 어른이 되어 다시 읽는 명작 「아름다운 고전」 시리즈의 하나로, 개성 넘치는 일러스트를 담아 소장 가치를 높였으며 보관과 휴대가 간편한 사이즈로 만들었다. 작가의 어린 시절 경험을... ";"20120720";"";"2022-12-01 13:27:17.052"
83;"9788992632669";"플랜더스의 개";"http://book.naver.com/bookdb/book_detail.php?bid=7039802";"https://bookthumb-phinf.pstatic.net/cover/070/398/07039802.jpg?type=m1&udate=20210709";"위다";9800;0;"글담";"소년과 개의 아름다운 우정!화가를 꿈꾸는 순수한 소년 넬로와 충직한 개 파트라슈의 우정 이야기 『플랜더스의 개』. 어른이 되어 다시 읽는 명작 「아름다운 고전」 시리즈의 하나로, 개성 넘치는 일러스트를 담아 소장 가치를 높였으며 보관과 휴대가 간편한 사이즈로 만들었다. 플랜더스 지방에 위치한... ";"20121101";"";"2022-12-01 13:27:17.052"
82;"9788992632683";"호두까기 인형 (아름다운 고전시리즈 15)";"http://book.naver.com/bookdb/book_detail.php?bid=7103296";"https://bookthumb-phinf.pstatic.net/cover/071/032/07103296.jpg?type=m1&udate=20210709";"에른스트 호프만";11800;0;"글담";"크리스마스에 펼쳐진 환상적이고 아름다운 이야기!독일 환상소설의 거장 호프만의 소설 『호두까기 인형』. 어른이 되어 다시 읽는 명작 「아름다운 고전」 시리즈의 하나로, 개성 넘치는 일러스트를 담아 소장 가치를 높였으며 보관과 휴대가 간편한 사이즈로 만들었다. 크리스마스를 배경으로, 저주에 걸린... ";"20130101";"";"2022-12-01 13:27:17.052"
123;"9788992647595";"일본전산 이야기 (불황기 10배 성장, 손대는 분야마다 세계 1위, 신화가 된 회사)";"http://book.naver.com/bookdb/book_detail.php?bid=5258669";"https://bookthumb-phinf.pstatic.net/cover/052/586/05258669.jpg?type=m1&udate=20180817";"김성호";13000;0;"쌤앤파커스";"불황이 무색할 정도로 무한성장하고 있는 '일본전산'의 성공 이야기!이 책은 장기 불황 속에서 10배의 성장을 이룬 '일본전산'의 성공적인 경영 사례를 소개한다. 일본전산은 1973년 세 평짜리 시골 창고에서 단 네 명이 시작한 기업이다. 하지만 불과 30년 만에 계열사 140개, 직원 13만 명을 거느린 매출 8조 원의... ";"20090101";"";"2022-12-01 13:27:17.052"
251;"9788992939393";"jQuery를 활용한 인터랙티브 웹 콘텐츠 제작 (기초부터 실전활용까지)";"http://book.naver.com/bookdb/book_detail.php?bid=6829954";"https://bookthumb-phinf.pstatic.net/cover/068/299/06829954.jpg?type=m1&udate=20190129";"김춘경";30000;0;"위키북스";"기초부터 실전 활용까지, 인터랙티브한 웹 콘텐츠 제작을 위한 모든 것!『JQUERY를 활용한 인터랙티브 웹 콘텐츠 제작』은 웹 기술을 이용하여 플래시와 같은 인터랙티브한 웹 콘텐츠를 만드는 방법을 알려주는 책이다. 수많은 웹 기술 가운데 인터랙티브한 웹 콘텐츠 제작을 위한 웹 기술만을 뽑아... ";"20120229";"";"2022-12-01 13:27:17.052"
223;"9788992939980";"사람에 대한 100가지 사실 (모든 기획자와 디자이너가 알아야 할)";"http://book.naver.com/bookdb/book_detail.php?bid=6827383";"https://bookthumb-phinf.pstatic.net/cover/068/273/06827383.jpg?type=m1&udate=20210509";"수잔 웨인쉔크";25000;0;"위키북스";"심리학과 뇌 과학을 중심으로 '왜 사용자들은 특정 행동을 할 수밖에 없는지', 그리고 그런 사용자를 위해 '디자이너와 기획자는 어떤 고민을 해야 하는지'를 제시한다. 어려운 학계 용어를 최대한 알기 쉽게 풀어 썼고, 과학적인 연구 결과를 근거로 들어 그 내용에 신빙성을 더한다. 웹이나 서비스, 제품을... ";"20120228";"";"2022-12-01 13:27:17.052"
151;"9788993784251";"마인크래프트 이야기 (블록 픽셀 페도라 그리고 억만장자 되기)";"http://book.naver.com/bookdb/book_detail.php?bid=7418439";"https://bookthumb-phinf.pstatic.net/cover/074/184/07418439.jpg?type=m1&udate=20220504";"다니엘 골드버그|리누스 라르손";14800;0;"인간희극";"스웨덴의 인디 게임 '마인크래프트', 하나의 문화가 되다!『마인크래프트 이야기』는 스웨덴의 인디 게임 '마인크래프트'의 개발자 '마르쿠스 페르손'의 성공 스토리를 담은 책이다. 그가 어린 시절 레고 블록을 몰래 숨겨두곤 했던 낡은 학교책상, 아버지가 사온 그의 생애 최초의 컴퓨터, 그리고 약물중독과... ";"20140210";"";"2022-12-01 13:27:17.052"
148;"9788993827330";"소프트웨어 아키텍트가 알아야 할 97가지";"http://book.naver.com/bookdb/book_detail.php?bid=6611841";"https://bookthumb-phinf.pstatic.net/cover/066/118/06611841.jpg?type=m1&udate=20150817";"RICHARD MONSON HAEFEL";20000;0;"지앤선";"독립 소프트웨어 개발자 RICHARD MONSON-HAEFELD가 엮은 『소프트웨어 아키텍트가 알아야 할 97가지』. 40여 명의 소프트웨어 아키텍트가 소프트웨어 아키텍처에 대한 자신의 생각과 충고를 모았다. 흔히 일어나는 실수를 방법은 물론, 능력있는 팀을 만드는 방법까지 소개하는, 소프트웨어 아키텍트를 위한... ";"20110415";"";"2022-12-01 13:27:17.052"
147;"9788993827507";"마음을 생각하는 디자인 (UI 디자인 규칙을 이해하기 위한 핵심 가이드)";"http://book.naver.com/bookdb/book_detail.php?bid=7365909";"https://bookthumb-phinf.pstatic.net/cover/073/659/07365909.jpg?type=m1&udate=20170323";"제프 존슨";20000;0;"지앤선";"오늘날 사용자 인터페이스 디자인 규칙의 근본이 되는 원리들은 인지심리학에서 나왔다. 오늘날의 UI 디자이너들은 다양한 디자인 규칙을 접하지만, 중요한 것은 그 규칙들의 기저에 깔린 심리학적 원리를 이해하는 것이다. 그래야 디자인 규칙을 효과적으로 적용할 수 있기 때문이다.『마음을 생각하는... ";"20131125";"";"2022-12-01 13:27:17.052"
189;"9788994506289";"자바스크립트 마스터 북 (기초부터 Ajax/JQuery까지)";"http://book.naver.com/bookdb/book_detail.php?bid=6772001";"https://bookthumb-phinf.pstatic.net/cover/067/720/06772001.jpg?type=m1&udate=20201028";"야마다 요시히로";28000;0;"제이펍";"다시 한 번 기초를 점검하면서 최종적으로 AJAX 기술을 구현하는 데 필요한 충분한 지식을 습득하는 것을 목표로 삼은 『자바스크립트 마스터 북』. 꼭 알아두어야 할 기본적 문법부터 실무에 필요한 대응 지식까지 마스터하도록 구성한 자바스크립트 교재다. 자바스크립트라는 언어에 대해 확실히... ";"20111125";"";"2022-12-01 13:27:17.052"
96;"9788995772423";"어린왕자";"http://book.naver.com/bookdb/book_detail.php?bid=2521170";"https://bookthumb-phinf.pstatic.net/cover/025/211/02521170.jpg?type=m1&udate=20200122";"생텍쥐페리";9800;0;"인디고";"환상적이고 감성적인 일러스트가 더해진 &lt;어린왕자&gt;

전 세계의 독자들에게 사랑받아온 고전 &lt;어린왕자&gt;에 감성적인 일러스트를 더해 새롭게 펴낸 책. 하드커버 양장 제본에 들고 다니기 쉬운 사이즈로 제작된 작품이다. 싸이월드 스킨 작가 김민지의 환상적이고 감성적인 일러스트가 더해져... ";"20060925";"";"2022-12-01 13:27:17.052"
156;"9788996091738";"소프트웨어 개발의 모든 것 (경영자에서 개발자까지 소프트웨어 회사에서 반드시 알아야 할 핵심 노하우)";"http://book.naver.com/bookdb/book_detail.php?bid=4924691";"https://bookthumb-phinf.pstatic.net/cover/049/246/04924691.jpg?type=m1&udate=20220223";"김익환|전규현";18000;0;"페가수스";"소프트웨어 회사에서 꼭 알아야 할 핵심적인 노하우를 총망라했다!소프트웨어 컨설팅 회사 ABC TECH의 대표 김익환과 수석컨설턴트 전규현의 『소프트웨어 개발의 모든 것』. 두 저자가 안철수연구소와 한글과컴퓨터 등을 거치면서 쌓아온 경험과 지식을 바탕으로 한, 소프트웨어 개발 실행 지침서다.... ";"20100601";"";"2022-12-01 13:27:17.052"
200;"9788996094074";"윤성우의 열혈 Java 프로그래밍";"http://book.naver.com/bookdb/book_detail.php?bid=12236206";"https://bookthumb-phinf.pstatic.net/cover/122/362/12236206.jpg?type=m1&udate=20181129";"윤성우";30000;0;"오렌지미디어";"『윤성우의 열혈 JAVA 프로그래밍』은 최신 내용을 바탕으로 새롭게 집필된 자바책이다. 자바 8이 발표되면서 초보자들에게 어려울 수 있는 문법적 요소가 상당수 포함이 되었으나 저자 특유의 쉽고 명확한 설명을 통해서 어렵지 않게 해당 내용들을 설명한 책이다. 본서의 설명에는 독자들을 고려한 과하지... ";"20170705";"";"2022-12-01 13:27:17.052"
157;"9788996659822";"거꾸로 배우는 소프트웨어 개발 (소프트웨어 개발에 관한 인문학적 접근)";"http://book.naver.com/bookdb/book_detail.php?bid=6713158";"https://bookthumb-phinf.pstatic.net/cover/067/131/06713158.jpg?type=m1&udate=20190203";"이호종";16000;0;"로드북";"이 세상의 수많은 소프트웨어 프로젝트를 성공적으로 수행하기 위해서 일반화할 수 있는 공통적인 부분, 누구나 공감할 수 있는 통찰이 있다. 그리고 이 책에서는 그것을 인문학적 영역으로 정의한다. 개발방법론에만 함몰되어 남들이 좋다 하니 그것을 그대로 실천하려는 자세를 벗어나 우리가 누구인지, 우리가... ";"20110822";"";"2022-12-01 13:27:17.052"
238;"9788997924097";"프로그래머 철학을 만나다 (소프트웨어를 사랑하는 기술)";"http://book.naver.com/bookdb/book_detail.php?bid=7413166";"https://bookthumb-phinf.pstatic.net/cover/074/131/07413166.jpg?type=m1&udate=20210829";"유석문";12000;0;"로드북";"소프트웨어를 사랑하는 기술 『프로그래머 철학을 만나다』. 이 책은 철학이라는 프레임을 통해 소프트웨어 개발 현장을 들여다보고 그 속에서 발생되는 문제들이 사람이기 때문에 일어날 수 있다는 사실을 알려준다. 그리고 그 문제에 대해 실천적인 지혜를 제시한다.";"20140122";"";"2022-12-01 13:27:17.052"
242;"9788997924103";"백견불여일타 JSP & Servlet (Oracle & Eclipse)";"http://book.naver.com/bookdb/book_detail.php?bid=7876813";"https://bookthumb-phinf.pstatic.net/cover/078/768/07876813.jpg?type=m1&udate=20211224";"성윤정";27000;0;"로드북";"직접 따라하고, 반복하고, 실행하며 기초체력을 기르는 실습 JSP & SERVLET!『JSP & SERVLET : ORACLE & ECLIPSE』는 웹 서비스 개발자가 되기 위한 입문자들을 위한 책이다. 입문자들은 코딩을 반복해 봄으로써 과정에 익숙해지고, 원리가 보이며 전체적인 맥락을 짚을 수 있기 때문에 이 책은 실습에... ";"20140728";"";"2022-12-01 13:27:17.052"
220;"9788997924417";"성공하는 프로그래밍 공부법 (프로그래머의 길을 생각한다)";"http://book.naver.com/bookdb/book_detail.php?bid=13993648";"https://bookthumb-phinf.pstatic.net/cover/139/936/13993648.jpg?type=m1&udate=20210509";"박재성|고종범|남재창|박지현";17000;0;"로드북";"프로그래밍을 배우려는 사람, 이미 배우고 있는 사람, 교양으로 배우려는 사람, 모두를 위한 책이다. 프로그래밍은 막상 공부하는 과정에서 수많은 실패와 좌절을 경험한다. 그 과정을 이겨내지 못하고 포기하는 사람도 많다.
이 책은 왜 프로그래밍 공부가 자주 실패할 수밖에 없는지, 어떻게 하면 실패하는... ";"20180910";"";"2022-12-01 13:27:17.052"
63;"9791129703620";"에어프라이어 만능 레시피북 (혁명의 조리도구 에어프라이어 200% 활용법)";"http://book.naver.com/bookdb/book_detail.php?bid=14480846";"https://bookthumb-phinf.pstatic.net/cover/144/808/14480846.jpg?type=m1&udate=20200929";"강지현";12000;0;"메가스터디북스(엔트리)";"에어프라이어로 할 수 있는 요리의 A TO Z!에어프라이어 조리법을 전문적으로 다룬 『에어프라이어 만능 레시피북』. 인기 요리 블로거이자 요리 분야스테디셀러 저자인 겨울딸기가 사람들이 인터넷 상에서 가장 많이 검색하는 고구마, 치킨, 삼겹살, 곱창 등의 재료 조리법을 비롯해 에어프라이어로 만들 수... ";"20190201";"";"2022-12-01 13:27:17.052"
53;"9791130604626";"이토록 공부가 재미있어지는 순간 (공부에 지친 청소년들을 위한 힐링 에세이)";"http://book.naver.com/bookdb/book_detail.php?bid=8736562";"https://bookthumb-phinf.pstatic.net/cover/087/365/08736562.jpg?type=m1&udate=20220311";"박성혁";15000;0;"다산북스";"민사고 학생들이 ‘성경’처럼 반복해서 읽은 바로 그 책!

『이토록 공부가 재미있어지는 순간』 30만 부 판매 기념
MAGIC EDITION 출시!

★청소년 분야 최초 종합 베스트셀러 1위
★전국 서점 청소년 분야 최장기 스테디셀러 1위
★학교 선생님들이 직접 사서 읽어주는 공부법 바이블

“내 공부의 심장이 미친... ";"20200727";"";"2022-12-01 13:27:17.052"
125;"9791130610450";"나는 까칠하게 살기로 했다";"http://book.naver.com/bookdb/book_detail.php?bid=11345837";"https://bookthumb-phinf.pstatic.net/cover/113/458/11345837.jpg?type=m1&udate=20220513";"양창순";15000;0;"다산북스";"최고의 인간관계 전문가 양창순 박사가 쓴 상처받지 않고 사람을 움직이는 관계의 심리학.

많은 독자들에게 꾸준히 사랑을 받으며 최고 베스트셀러로 자리매김한 『까칠하게 살기로 했다』가 새로운 옷을 입고 다시 독자들의 품으로 돌아왔다. 이번 개정증보판에는 기존 책을 읽었던 독자들의 요구에 따라... ";"20161128";"";"2022-12-01 13:27:17.052"
37;"9791130620459";"철학은 어떻게 삶의 무기가 되는가";"http://book.naver.com/bookdb/book_detail.php?bid=14457455";"https://bookthumb-phinf.pstatic.net/cover/144/574/14457455.jpg?type=m1&udate=20220521";"야마구치 슈";16000;0;"다산초당";"일본 아마존 인문·교양 베스트셀러 &#x0D;일상의 고민부터 비즈니스 전략까지, 지적 전투력을 극대화하는 철학적 사고법&#x0D;&#x0D;“철학은 반드시 답을 찾는다!”&#x0D; &#x0D;삶과 비즈니스 현장에서 철학적으로 생각하고 답을 도출하는 법을 알려 주는 실용 철학서. 세계 1위 경영·인사 컨설팅 기업... ";"20190121";"";"2022-12-01 13:27:17.052"
52;"9791130620893";"돈 공부는 처음이라";"http://book.naver.com/bookdb/book_detail.php?bid=14565948";"https://bookthumb-phinf.pstatic.net/cover/145/659/14565948.jpg?type=m1&udate=20210915";"김종봉|제갈현열";16000;0;"다산북스";"“500만 원이 있다면, 이번 생은 아직 틀리지 않았다”
누구나 따라 할 수 있는 4단계 완성 돈이 모이는 습관단돈 500만 원으로 시작했지만 이제는 투자 수익만으로 한 달에 1억 원을 버는 투자의 대가 김종봉(JB)의 경험을 베스트셀러 저자 제갈현열의 언어로 담아냈다. 사람들이 잘못 알고 있는 돈에 대한 상식을... ";"20190222";"";"2022-12-01 13:27:17.052"
65;"9791130630762";"아비투스";"http://book.naver.com/bookdb/book_detail.php?bid=16440333";"https://bookthumb-phinf.pstatic.net/cover/164/403/16440333.jpg?type=m1&udate=20220128";"도리스 메르틴";18000;0;"다산초당";"독일 최고의 컨설턴트 도리스 메르틴의 부와 성공에 대한 통념을 뒤집는 탁월한 통찰
“당신은 최상층에 오를 준비가 되었습니까?”인간의 품격을 결정하는 7가지 자본으로 ‘원하는 모습의 나’로 사는 방법을 알려주는 실용 인문서『아비투스』. 독일 최고의 컨설턴트인 저자는 20년 동안 다양한 계층의... ";"20200803";"";"2022-12-01 13:27:17.052"
114;"9791130689876";"나는 대출 없이 0원으로 소형 아파트를 산다 (300만 원으로 100억 자산을 이룬 부동산 소액투자의 기술)";"http://book.naver.com/bookdb/book_detail.php?bid=22349595";"https://bookthumb-phinf.pstatic.net/cover/223/495/22349595.jpg?type=m1&udate=20220620";"잭파시";20000;0;"다산북스";"“뜬구름 잡지 않는, 모자이크 처리 없는,적나라하고 현실적인 부동산 투자 공략집!”부동산 완판남 잭파시의 투자자들이 먼저 인정한 실전 투자 강의!절대로 손해 보지 않는 투자를 하려면 이 책을 펼쳐라!★★★ 10만 회원 〈부동산 스케치북〉 화제의 강의! ★★★★★★ 아파트 단지까지 알려주는 투자... ";"20220419";"";"2022-12-01 13:27:17.052"
79;"9791156250135";"도쿄 구울 2";"http://book.naver.com/bookdb/book_detail.php?bid=7404260";"https://bookthumb-phinf.pstatic.net/cover/074/042/07404260.jpg?type=m1&udate=20220415";"Sui Ishida";4800;0;"대원씨아이";"SUI ISHIDA의 만화『도쿄 구울』제2권. '구울'의 장기를 이식받고, 서서히 괴인에 가까워져 가는 카네키. 갈등 속에 '안테이크'에서 일하기로 결심한 카네키 앞에 '비둘기'라 불리는 '구울 수사관'이 나타난다. 천적은 탐욕스럽게, 그리고 교활하게 '구울'을 쫓고 있었다-!";"20131230";"";"2022-12-01 13:27:17.052"
78;"9791156250999";"도쿄 구울 3";"http://book.naver.com/bookdb/book_detail.php?bid=7419107";"https://bookthumb-phinf.pstatic.net/cover/074/191/07419107.jpg?type=m1&udate=20220415";"Sui Ishida";4800;0;"대원씨아이";"『도쿄 구울』제3권. 천적 '비둘기'에게 부모님을 잃은 소녀·히나미. 비극의 소녀를 위해 카네키와 토우카는 '비둘기'의 본거지 [CCG]에 발을 들여놓는다. 그곳에는 받아들일 수밖에 없는 슬픈 나선계단이 기다리고 있었다-!";"20140131";"";"2022-12-01 13:27:17.052"
77;"9791156251873";"도쿄 구울 4";"http://book.naver.com/bookdb/book_detail.php?bid=7438283";"https://bookthumb-phinf.pstatic.net/cover/074/382/07438283.jpg?type=m1&udate=20220415";"Sui Ishida";4800;0;"대원씨아이";"SUI ISHIDA의 만화『도쿄 구울』제4권. '구울 수사관'과의 일전을 마치고 세상의 어둠을 들여다본 카네키. 인간과 구울, 저마다의 목소리로 술렁거리는 '안테이크'에 '미식가' 구울 츠키야마가 나타난다. 미지의 맛을 추구하는 츠키야마의 눈에 카네키가 의심스럽게 비칠 때 만찬의 막이 오른다!";"20140228";"";"2022-12-01 13:27:17.052"
8;"9791156645771";"데이터베이스 개론";"http://book.naver.com/bookdb/book_detail.php?bid=21434447";"https://bookthumb-phinf.pstatic.net/cover/214/344/21434447.jpg?type=m1&udate=20220127";"김연희";29000;0;"한빛아카데미";"기초 개념부터 빅데이터까지
큰 흐름이 보이는 데이터베이스 교과서

데이터베이스로 첫 항해를 떠나는 이들에게 지도와 돛이 되어주는 책입니다.
마인드맵으로 생소한 개념 간의 관계를 한눈에 보여주고,
친근한 예와 비유를 들어 명료하게 풀어내, 데이터베이스 기본기를 탄탄히 다져줍니다.
3판에서는... ";"20220115";"";"2022-12-01 13:27:17.052"
76;"9791157540747";"도쿄 구울 10";"http://book.naver.com/bookdb/book_detail.php?bid=8363841";"https://bookthumb-phinf.pstatic.net/cover/083/638/08363841.jpg?type=m1&udate=20220415";"Sui Ishida";4800;0;"대원씨아이";"SUI ISHIDA의 만화 『도쿄 구울』 제10권. 카네키 앞에 나타난 인조 ‘애꾸눈 구울’의 존재. 드러난 충격적인 전직. 붙잡혀 있던 리제. 가려져 있던 집도의·카노의 간계가 차례차례 윤곽을 드러내 간다. 의사의 행벅을 더음어가는 카네키 일행. 하지만 갑자기 ‘코쿠리아’에서 탈주한 ‘낯선 존재’가... ";"20141130";"";"2022-12-01 13:27:17.052"
75;"9791157544707";"도쿄 구울 14";"http://book.naver.com/bookdb/book_detail.php?bid=8830347";"https://bookthumb-phinf.pstatic.net/cover/088/303/08830347.jpg?type=m1&udate=20220414";"Sui Ishida";4800;0;"대원씨아이";"SUI ISHIDA의 만화 『도쿄 구울』 제14권. 치열하게 벌어지는 CCG의 20구 애꾸눈의 올빼미 토벌전. 안테이크로 서둘러 가는 카네키의 앞을 가로막는 아몬 코타로. 인연과도 같은 숙명적인 대치의 결과는….";"20150330";"";"2022-12-01 13:27:17.052"
234;"9791158390792";"스프링 철저 입문 (처음부터 끝까지 철저하게 배우는 실무 중심의 스프링 프레임워크 완벽 입문서)";"http://book.naver.com/bookdb/book_detail.php?bid=13400533";"https://bookthumb-phinf.pstatic.net/cover/134/005/13400533.jpg?type=m1&udate=20181121";"주식회사 NTT 데이터";45000;0;"위키북스";"스프링 프레임워크의 기초부터 개발 가이드까지!

자바 기반 애플리케이션 프레임워크의 업계 표준인 스프링 프레임워크를 배워보자. 이 책은 DI/AOP, JDBC, JPA 같은 기본 기술부터 MVC, 시큐리티, 배치와 그 밖의 다양한 스프링 프로젝트까지 함께 설명한다. 그리고 스프링 프레임워크의 기본적인 사용법부터... ";"20180315";"";"2022-12-01 13:27:17.052"
233;"9791158391591";"실전! 스프링 5를 활용한 리액티브 프로그래밍 (리액티브 애플리케이션 개발부터 클라우드 배포와 모니터링까지)";"http://book.naver.com/bookdb/book_detail.php?bid=15045543";"https://bookthumb-phinf.pstatic.net/cover/150/455/15045543.jpg?type=m1&udate=20190613";"올레 도쿠카|이호르 로진스키";32000;0;"위키북스";"리액티브 시스템을 탐험하고 스프링 부트와 스프링 클라우드를 사용해 효율적인 마이크로 서비스를 만들어 보자!오늘날 기업은 어떤 상황에도 높은 응답성을 유지할 수 있는 새로운 유형의 시스템이 필요합니다. 리액티브 프로그래밍을 이용하면 이를 달성할 수 있습니다. 이러한 시스템 개발은 복잡하며... ";"20190621";"";"2022-12-01 13:27:17.052"
6;"9791158510824";"마지막 패리시 부인";"http://book.naver.com/bookdb/book_detail.php?bid=12779308";"https://bookthumb-phinf.pstatic.net/cover/127/793/12779308.jpg?type=m1&udate=20220525";"리브 콘스탄틴";14800;0;"나무의철학";"린 콘스탄틴과 발레리 콘스탄틴 자매가 리브 콘스탄틴이라는 이름으로 발표한 첫 작품 『마지막 패리시 부인』. 1부는 앰버 패터슨의 이야기, 2부는 대프니 패리시의 이야기, 3부는 앰버와 대프니, 두 여성의 이야기다. 앰버, 그리고 그녀와 정반대로 살고 있는 듯한 대프니의 이야기가 진행될수록 완벽해 보이는... ";"20171130";"";"2022-12-01 13:27:17.052"
190;"9791158710330";"비주얼 코딩 (스크래치&파이썬,10살부터 시작하는 컴퓨터 프로그래밍)";"http://book.naver.com/bookdb/book_detail.php?bid=11477892";"https://bookthumb-phinf.pstatic.net/cover/114/778/11477892.jpg?type=m1&udate=20210809";"캐롤 보더먼";19800;0;"청어람아이";"코딩 교육, 어떻게 시작할까?2018년부터 초등학교와 중학교에서 코딩 교육이 정규 과목으로 편성된다. 이에 학부모들은 코딩 교육을 어떻게 시켜야 할지 벌써부터 난감해 하고 있다. 잇따라 코딩을 가르치는 학원이 우후죽순 늘어났고 아이와 부모는 학원을 따라 이리저리 헤매고 있다. 아이들을 위한 코딩... ";"20161220";"";"2022-12-01 13:27:17.052"
58;"9791158740795";"이토록 재미있는 수학이라니 (학교에서 가르쳐주지 않는 매혹적인 숫자 이야기)";"http://book.naver.com/bookdb/book_detail.php?bid=16394856";"https://bookthumb-phinf.pstatic.net/cover/163/948/16394856.jpg?type=m1&udate=20220621";"리여우화";24800;0;"미디어숲";"호기심 많은 당신, 수학의 재미를 알게 된다!수학 마니아가 풀어놓은 흥미진진한 수학적 사고 『이토록 재미있는 수학이라니』. ‘수학’ 하면 당신은 무슨 생각이 먼저 드는가? 알 수 없는 기호와 복잡한 숫자로 채워진 시험지를 앞에 두고 어쩔 줄 모르던 학창 시절이 떠오르는가? 아니면 벌써 ‘수포자’라는... ";"20200730";"";"2022-12-01 13:27:17.052"
191;"9791158990589";"스크래치 알고리즘 이해와 창의개발 프로그래밍 (코딩활용능력평가 1급 시험 대비서)";"http://book.naver.com/bookdb/book_detail.php?bid=11213325";"https://bookthumb-phinf.pstatic.net/cover/112/133/11213325.jpg?type=m1&udate=20161026";"한국공학기술연구원";19000;0;"YBMNET";"COS 주관사가 만든 코딩 1급 시험대비서로 YBM 코딩활용능력평가 COS 실전 모의고사 2회분 수록, 온라인 모의고사 추가 제공한다. YBM넷에서 시험개발 및 직업능력개발원에 민간자격검정시험으로 인가 받아 2016년 6월부터 시행된 YBM 코딩활용능력평가 COS(Coding Specialist) 1급 시험 대비서이다. 미국... ";"20160830";"";"2022-12-01 13:27:17.052"
35;"9791159242045";"영알남의 영어의 진실 (영단어, 빅픽처를 그려라!)";"http://book.naver.com/bookdb/book_detail.php?bid=14253175";"https://bookthumb-phinf.pstatic.net/cover/142/531/14253175.jpg?type=m1&udate=20220101";"양승준";15000;0;"길벗이지톡";"누적 조회수 7천만! 유튜브 45만 구독자가 열광한 학습법!
화제의 유튜브 채널 &lt;영어 알려주는 남자&gt; 책으로 출간되다!개설 1년 반 만에 구독자 29만 명 돌파, 현재 45만 구독자의 사랑을 받고 있는 영어 유튜버 ‘영알남’이 마침내 구독자들을 사로잡은 비밀을 공개한다. 그동안 유튜브 강의로만 공개한... ";"20181130";"";"2022-12-01 13:27:17.052"
115;"9791160075526";"과학은 어렵지만 상대성 이론은 알고 싶어";"http://book.naver.com/bookdb/book_detail.php?bid=17547713";"https://bookthumb-phinf.pstatic.net/cover/175/477/17547713.jpg?type=m1&udate=20220616";"요비노리 다쿠미";14000;0;"한스미디어";"중학생이라도 1시간이면 이해할 수 있는
세상에서 가장 쉬운 상대성 이론 강의!학생, 일반인 누구라도 꼭 알면 좋은 상대성 이론 입문!
“‘상대성 이론’을 공부하면 
지금 바라보고 있는 이 세상이 
전혀 다른 풍경으로 보이게 됩니다.”

“이 책은 상대성 이론을 일반인의 시각에서 알기 쉽게 설명하고 있어... ";"20201204";"";"2022-12-01 13:27:17.052"
247;"9791160501681";"가장 빨리 만나는 유니티 AR/VR (유니티로 배우는 증강 현실과 가상 현실)";"http://book.naver.com/bookdb/book_detail.php?bid=12049025";"https://bookthumb-phinf.pstatic.net/cover/120/490/12049025.jpg?type=m1&udate=20211124";"황동윤";22000;0;"길벗";"『가장 빨리 만나는 유니티 AR/VR』은 게임에 적용된 사례를 살펴보고 HMD의 원리를 배운다. 게임에서 자주 사용하는 예를 실습하여 VR/AR 게임의 인터페이스와 조작법을 이해한다. 누구나 따라 할 수 있는 가상 현실 게임을 제작해 보자. 카메라가 타깃을 인식해 특정 모델링을 띄우는 것을 실습한다.... ";"20170504";"";"2022-12-01 13:27:17.052"
226;"9791160502855";"자바로 배우는 리팩토링 입문 (건강한 코드로 소프트웨어 체질을 개선하자!)";"http://book.naver.com/bookdb/book_detail.php?bid=12685153";"https://bookthumb-phinf.pstatic.net/cover/126/851/12685153.jpg?type=m1&udate=20220701";"유키 히로시";32000;0;"길벗";"프로그램은 살아 있다!&#x0D;&#x0D;프로그램은 계획 없이 수정하거나 제대로 살펴보지 않고 기능을 추가하면 점점 읽기도, 수정하기도, 디버깅하기도 어려운 상태가 된다. 마치 건강을 관리하지 않은 사람처럼 상태가 엉망진창이 된다.시간을 들여 운동과 식사를 관리해서 체질을 개선하듯이 계속 리팩토링하면... ";"20171031";"";"2022-12-01 13:27:17.052"
257;"9791160506822";"자바 웹을 다루는 기술 (실무에서 알아야 할 기술은 따로 있다!)";"http://book.naver.com/bookdb/book_detail.php?bid=14439459";"https://bookthumb-phinf.pstatic.net/cover/144/394/14439459.jpg?type=m1&udate=20220701";"이병승";45000;0;"길벗";"기초부터 실무까지 한 권으로!
최근 효율적으로 개발할 수 있는 웹 프레임워크가 많이 나왔지만, JSP와 서블릿은 자바 웹 개발에서 가장 중요하고도 기본이 되는 내용이다. 기초가 튼튼해야 웹 프로그램이 어떻게 동작하는지 쉽게 이해할 수 있다. 이 책은 JSP와 서블릿의 동작 원리부터 모델2... ";"20190107";"";"2022-12-01 13:27:17.052"
227;"9791160508864";"전문가를 위한 스프링 5 (스프링을 깊이 있게, 철저하게!)";"http://book.naver.com/bookdb/book_detail.php?bid=15431217";"https://bookthumb-phinf.pstatic.net/cover/154/312/15431217.jpg?type=m1&udate=20191031";"율리아나 코스미나|롭 해롭|크리스 샤이퍼|클라렌스 호";60000;0;"길벗";"스프링 개발자와 가장 오랜 시간을 함께한 스프링 중급서!

1판이 출간된 이후 5판까지 꾸준히 개정되며 스프링 중급서의 위치를 지켜왔다. 스프링 입문자가 아니라 실제로 현업에서 스프링을 개발하면서 알아야 하는 깊이 있는 정보를 체계적으로 정리하고 전달해왔다. 스프링의 기초와 핵심 개념부터... ";"20190917";"";"2022-12-01 13:27:17.052"
250;"9791161751092";"예제로 익히는 제이쿼리 3 (인터랙티브 콘텐츠 개발을 위한 최적의 도구)";"http://book.naver.com/bookdb/book_detail.php?bid=13204106";"https://bookthumb-phinf.pstatic.net/cover/132/041/13204106.jpg?type=m1&udate=20220503";"아담 보두치|조나단 채퍼|칼 스웨드버그";33000;0;"에이콘출판";"『예제로 익히는 제이쿼리 3 - 5/E』는 제이쿼리는 특유의 명료함, 문법의 간결성으로 복잡한 프로젝트를 좀 더 빠르고 간단하게 수행할 방법을 제공한다. 이 책은 상호작용성 높은 웹 사이트와 웹 애플리케이션을 만들기 위해 DOM 조절, AJAX 구현, 이벤트 활용에 초점 맞추고 있다. 또한 최근 자바스크립트... ";"20180129";"";"2022-12-01 13:27:17.052"
236;"9791162203637";"진작 할 걸 그랬어 (책에서 결국, 좋아서 하는 일을 찾았다)";"http://book.naver.com/bookdb/book_detail.php?bid=13542164";"https://bookthumb-phinf.pstatic.net/cover/135/421/13542164.jpg?type=m1&udate=20220701";"김소영";14800;0;"위즈덤하우스";"삶의 모든 순간들에 책이 있었다!전 MBC 아나운서, 현 동네 책방 ‘당인리 책발전소’의 주인 김소영이 아나운서 퇴직 후 플랜B도 없이 떠난 여행, 그리고 직접 동네 책방을 열기까지의 이야기를 들려주는 『진작 할 걸 그랬어』. 2012년 MBC 아나운서로 입사와 동시에 메인 뉴스 프로그램의 앵커를 맡는 등... ";"20180430";"";"2022-12-01 13:27:17.052"
237;"9791162207451";"나는 유튜브 크리에이터를 꿈꾼다 (사인 인쇄본,샌드박스 네트워크가 알려주는 크리에이터의 모든 것)";"http://book.naver.com/bookdb/book_detail.php?bid=13775970";"https://bookthumb-phinf.pstatic.net/cover/137/759/13775970.jpg?type=m1&udate=20211210";"샌드박스 네트워크";14800;0;"위즈덤하우스";"“뭐? 도티? 유튜브에 동영상을 올린다고? 그런 거 말고 제대로 된 일을 하는 게 어때?” 10대들이 가장 가고 싶은 꿈의 직장 ‘샌드박스 네트워크’. 장래희망 1순위로 꼽히는 ‘크리에이터’. 포털사이트에 샌드박스 네트워크를 검색하면 ‘입사하는 방법’이 연관검색에 뜰 정도이고 유재석은 몰라도... ";"20180723";"";"2022-12-01 13:27:17.052"
228;"9791162241035";"스프링5 레시피 (스프링 애플리케이션 개발에 유용한 161가지 문제 해결 기법)";"http://book.naver.com/bookdb/book_detail.php?bid=13911953";"https://bookthumb-phinf.pstatic.net/cover/139/119/13911953.jpg?type=m1&udate=20190810";"마틴 데니엄|다니엘 루비오|조시 롱";60000;0;"한빛미디어";"스프링 현업 개발자를 위한 스프링 5 실무 바이블

이 책은 스프링 5에 새로 탑재된 기능 및 다양한 구성 옵션 등 업데이트된 프레임워크 전반을 실무에 유용한 해법을 제시하는 형식으로 다룹니다. IoC 컨테이너 같은 스프링 기초부터 스프링 AOP/AspectJ, 자바 EE 연계 및 원격 기술, 스프링 인티그레이션... ";"20180901";"";"2022-12-01 13:27:17.052"
210;"9791162242582";"맛있는 디자인 포토샵 & 일러스트레이터 CC 2020 (누구나 쉽게 배워 제대로 써먹는 그래픽 입문서)";"http://book.naver.com/bookdb/book_detail.php?bid=16122725";"https://bookthumb-phinf.pstatic.net/cover/161/227/16122725.jpg?type=m1&udate=20200812";"빨간고래|윤이사라";22000;0;"한빛미디어";"포토샵&일러스트레이터를 제대로 배우는 가장 완벽한 레시피!
한 권으로, 한번에! 쉽고 빠르게 익혀 바로 써먹는 그래픽 입문서!
그래픽 디자인에 꼭 필요한 포토샵과 일러스트레이터를 한번에, 그리고 가볍게 배울 수 있습니다. 핵심만 골라 담아 부담 없이 학습할 수 있으며, 따로따로 배우는 것보다 두... ";"20200130";"";"2022-12-01 13:27:17.052"
41;"9791162243046";"배워서 바로 쓰는 스프링 프레임워크 (AOP, 보안, 메시징부터 스프링 웹 MVC까지 실용적인)";"http://book.naver.com/bookdb/book_detail.php?bid=16339880";"https://bookthumb-phinf.pstatic.net/cover/163/398/16339880.jpg?type=m1&udate=20211208";"애시시 사린|제이 샤르마";50000;0;"한빛미디어";"88가지 단계별 프로젝트로 익히는 스프링 프레임워크

이 책은 스프링 5 기본과 개념, 최신 업데이트된 프레임워크 전반을 단계별로 접근합니다. IoC 컨테이너 같은 스프링 기초부터 스프링 데이터, 스프링 AOP, 스프링 메시징, 스프링 웹 MVC, 스트림 API, 스프링 시큐리티, RESTful 웹 서비스, 반응형... ";"20200501";"";"2022-12-01 13:27:17.052"
48;"9791162541869";"주식 공부 5일 완성 (마흔 살에 시작하는)";"http://book.naver.com/bookdb/book_detail.php?bid=17799079";"https://bookthumb-phinf.pstatic.net/cover/177/990/17799079.jpg?type=m1&udate=20211203";"박민수";18000;0;"비즈니스북스";"“주식투자의 고수들이 초보 개미투자자에게 반드시 추천한다는 바로 그 책!”주식양도세, ETF 과세규정 등 주식시장의 제도 변화부터 코로나19가 불러온 글로벌 경제 이슈까지 한 권에 담았다!연 수익률 100% 샌드타이거샤크가 알려주는 10단계 종목분석법!“투자자들 사이에서 입소문만으로 역주행... ";"20210118";"";"2022-12-01 13:27:17.052"
256;"9791163033639";"Do it! 공공데이터로 배우는 R 데이터 분석 with 샤이니 (부동산 빅데이터 분석 전 과정 수록!)";"http://book.naver.com/bookdb/book_detail.php?bid=22482765";"https://bookthumb-phinf.pstatic.net/cover/224/827/22482765.jpg?type=m1&udate=20220617";"김철민";18000;0;"이지스퍼블리싱";"공모전에서 수상한 R 데이터 분석 전체 과정 체험하기!
샤이니 웹 애플리케이션 개발과 배포까지

이 책은 데이터를 분석하는 전체 과정으로 R을 배운다. 실제 공모전이나 국책 사업에 선정된 수준 높은 프로젝트를 기반으로 학습하여 데이터 분석 실무를 체험해 볼 수 있다. 특히 아파트 실거래 분석 과정은... ";"20220525";"";"2022-12-01 13:27:17.052"
255;"9791163033806";"Do it! SQL 입문 (비전공자도 개발자도 쉽게 배우는  기초 문법 + 실용 예제)";"http://book.naver.com/bookdb/book_detail.php?bid=22549056";"https://bookthumb-phinf.pstatic.net/cover/225/490/22549056.jpg?type=m1&udate=20220705";"강성욱";22000;0;"이지스퍼블리싱";"굵직한 글로벌 기업의 현직 데이터베이스 전문가가20년간의 기업 실무와 강의 경험을 아낌없이 담았다!20년간 글로벌 기업에서 데이터베이스 전문가로 근무한 저자의 풍부한 실무 경험을 이 책에 아낌없이 담았다! IT 초보자도 쉽게 이해할 수 있는 난이도와 친절한 설명으로 누구나 쉽게 SQL에 입문할 수 있게... ";"20220701";"";"2022-12-01 13:27:17.052"
209;"9791164844326";"It Works (60쇄 기념 교보 단독 리커버 에디션)";"http://book.naver.com/bookdb/book_detail.php?bid=22549210";"https://bookthumb-phinf.pstatic.net/cover/225/492/22549210.jpg?type=m1&udate=20220624";"RHJ";12500;0;"매일경제신문사";"60쇄 기념 개정증보 리커버 에디션 전 세계 7천만 부 이상 판매 기록으로성경 다음으로 많이 팔린 〈THINK AND GROW RICH〉의 핵심 압축서꿈을 실현시키는 세 가지 시스템을 작동시켜라!원하는 것을 손에 넣을 줄 아는 사람들이 있다. 정말로 그들은 타고난 좋은 사주나 행운의 별자리 덕분에 원하는 모든 것을... ";"20220705";"";"2022-12-01 13:27:17.052"
98;"9791165210397";"모두의 딥러닝";"http://book.naver.com/bookdb/book_detail.php?bid=16215446";"https://bookthumb-phinf.pstatic.net/cover/162/154/16215446.jpg?type=m1&udate=20220224";"조태호";24000;0;"길벗";"2년 연속 베스트셀러, 내용과 소스 코드 전면 업그레이드&#x0D;딥러닝 기초부터 최신 트렌드까지 한 권으로 공부하자&#x0D;&#x0D;그동안 딥러닝 입문서로 제 역할을 톡톡히 해낸 『모두의 딥러닝』이 최근 주목받는 주제들을 담아 기존 내용을 보강하여 개정 2판으로 돌아왔다. 초판에서 다루지 않았던 GAN... ";"20200127";"";"2022-12-01 13:27:17.052"
13;"9791165342203";"국화꽃 향기";"http://book.naver.com/bookdb/book_detail.php?bid=22494630";"https://bookthumb-phinf.pstatic.net/cover/224/946/22494630.jpg?type=m1&udate=20220524";"김하인";14500;0;"팩토리나인";"드라마 〈가을동화〉, 영화 〈국화꽃 향기〉 원작 소설 《국화꽃 향기》출간 20주년을 맞아, 새 옷을 입고 독자들을 다시 만나다.소설 《국화꽃 향기》는 국내에서 2백만 부 이상이 판매된 김하인 작가의 대표작으로 독자들로부터 많은 사랑을 받았다. 뿐만 아니라 대만, 중국, 일본 등지에서 ‘김하인 열풍’을... ";"20220521";"";"2022-12-01 13:27:17.052"
47;"9791166815782";"하버드 회복탄력성 수업 (우울, 불안, 번아웃, 스트레스에 무너지지 않는 멘탈 관리 프로젝트)";"http://book.naver.com/bookdb/book_detail.php?bid=20569098";"https://bookthumb-phinf.pstatic.net/cover/205/690/20569098.jpg?type=m1&udate=20211207";"게일 가젤";13000;0;"현대지성";"“그래서 회복탄력성은 어떻게 키우는 거죠?”
지금 바로 시작하는 18가지 회복탄력성 훈련

“하버드 최고의 회복탄력성 전문가인 게일 가젤 박사는 당신이 어떤 인생을 살아왔든 상관없이 회복탄력성을 높이는 데 필요한 가장 적확한 방법을 알려준다.”
- 마셜 골드스미스(세계 최고의 경영 컨설턴트... ";"20210526";"";"2022-12-01 13:27:17.052"
43;"9791166831515";"영어 필사 100일의 기적";"http://book.naver.com/bookdb/book_detail.php?bid=21255846";"https://bookthumb-phinf.pstatic.net/cover/212/558/21255846.jpg?type=m1&udate=20211230";"퍼포먼스 코치 리아";15000;0;"넥서스";"하루 10분 영어 루틴&#x0D;100일 후면 당신의 삶이 변한다.  &#x0D;&#x0D;1. 영어 힐링 메시지를 매일 1장씩 필사한다. &#x0D;2. 무료로 제공된 원어민 mp3를 출·퇴근 길에 수시로 듣는다.&#x0D;&#x0D;당신은 당신 이야기의 영웅입니다. &#x0D;&#x0D;당신은 당신 이야기의 영웅입니다. 이 이야기에 악당은 없습니다.... ";"20211110";"";"2022-12-01 13:27:17.052"
1;"9791167490445";"순수의 결실";"http://book.naver.com/bookdb/book_detail.php?bid=22475565";"https://bookthumb-phinf.pstatic.net/cover/224/755/22475565.jpg?type=m1&udate=20220517";"도차";1000;0;"빛봄";"* &lt;순수의 타락&gt;-&lt;순수의 혼란&gt;-&lt;순수의 변곡&gt;-&lt;순수의 결실&gt;로 이어집니다*
&lt;순수의 결실&gt;
치기어린 노팅은 임신으로 이어졌다. 현성을 좋아하는 주빈, 그리고 그런 주빈을 좋아하는 현진. 현진은 자신의 아이를 가진 주빈의 선택이 두렵다. 자신감 빼면 시체였던 현진이지만 주빈의... ";"20220517";"";"2022-12-01 13:27:17.052"
44;"9791167961006";"최상위권 수학머리 만들기 (카이스트 출신 수학컨설턴트가 알려주는 수학공부법)";"http://book.naver.com/bookdb/book_detail.php?bid=22107250";"https://bookthumb-phinf.pstatic.net/cover/221/072/22107250.jpg?type=m1&udate=20220422";"이윤원";13000;0;"반니";"“수학은 열쇠로 자물쇠를 푸는 게임이다!”&#x0D;수학 잘하는 방법에 대한 확실하고 명쾌한 대답!&#x0D;&#x0D;수학은 무작정 열심히만 한다고 최상위권이 되지 않는다. 공부를 통해서 정확히 무엇을 얻어내야 하는지 깨닫는 그 순간 수학머리가 깨어난다. 그 수학머리를 통해 각자에게 맞는 공부법을 찾아 스스로... ";"20220315";"";"2022-12-01 13:27:17.052"
11;"9791168942967";"죄와 벌";"http://book.naver.com/bookdb/book_detail.php?bid=22344758";"https://bookthumb-phinf.pstatic.net/cover/223/447/22344758.jpg?type=m1&udate=20220421";"도스토옙스키";13000;0;"고래의숲";"가난한 대학생 라스콜니코프는 온통 한 가지 생각에 사로잡혀 있다.진정 위대한 인물과 하찮은 보통 사람은 어떻게 다른가.그는 자신이 비범한 인물에 속하는지 그렇지 않은지,해악을 끼치는 한 사람을 희생해 백 명의 사람을 구할 수 있다면 어떨까 계속 질문한다. 라스콜니코프는 자신만의 신념을 실현하는... ";"20220420";"";"2022-12-01 13:27:17.052"
216;"9791185475318";"컴퓨터 네트워킹 (하향식 접근)";"http://book.naver.com/bookdb/book_detail.php?bid=12500834";"https://bookthumb-phinf.pstatic.net/cover/125/008/12500834.jpg?type=m1&udate=20200910";"James F. Kurose|Keith W. Ross";36000;0;"퍼스트북";"▶ 이 책은 컴퓨터 네트워킹을 다룬 이론서입니다. 컴퓨터 네트워킹의 기초적이고 전반적인 내용을 학습할 수 있습니다.";"20170825";"";"2022-12-01 13:27:17.052"
12;"9791185553764";"오픈마켓 쇼핑몰 G마켓/옥션 쿠팡 네이버 스마트스토어 상세페이지 제작 (구매패턴분석 + 포토샵 핵심기능 + 디자인 + 실무형 HTML)";"http://book.naver.com/bookdb/book_detail.php?bid=18904193";"https://bookthumb-phinf.pstatic.net/cover/189/041/18904193.jpg?type=m1&udate=20220313";"김대용|김덕주";17500;0;"앤써북";"&lt;상세페이지 제작&gt;의 다섯 번째 전면 개정판이 나왔다. 이번 5판에서는 미리캔버스로 5분 만에 팝업 디자인 만들기 실습 추가, 쿠팡 상세페이지 제작, 네이버 스마트스토어, G마켓/옥션, 네이버 스마트스토어, 종합쇼핑몰 등 마켓별 상세페이지 최신 트랜드 반영, 포토샵 최신 버전 반영과 추가 기능 설명 등... ";"20220430";"";"2022-12-01 13:27:17.052"
64;"9791185785400";"TED 프레젠테이션 (세계가 감동하는 TED, 12가지 비밀)";"http://book.naver.com/bookdb/book_detail.php?bid=16416193";"https://bookthumb-phinf.pstatic.net/cover/164/161/16416193.jpg?type=m1&udate=20200723";"제레미 도노반|윤지현";13000;0;"인사이트앤뷰";"“TED는 어떻게 세계를 감동시키고 있나?”“평범한 사람과 평범한 기업은 자신이 ‘무엇’을 하는지, ‘무엇’을 만드는지를 먼저 얘기하고, 나중에서야 그것을 ‘왜’, ‘어떻게’ 해냈는지를 이야기합니다. 그러나 다른 사람에게 영감을 주는 리더와 놀라운 성과를 올리는 기업은 자신들이 그 일을... ";"20200715";"";"2022-12-01 13:27:17.052"
218;"9791186039717";"외우지 않는 기억술 (정신과 의사가 알려주는)";"http://book.naver.com/bookdb/book_detail.php?bid=11587038";"https://bookthumb-phinf.pstatic.net/cover/115/870/11587038.jpg?type=m1&udate=20220209";"가바사와 시온";13000;0;"라의눈";"최신 뇌과학이 검증한 초기억술을 실천하라!기억력은 타고나는 것일까? 기억력은 좋아질 수 없는 것일까? 이 책 『정신과 의사가 알려주는 외우지 않는 기억술』의 저자 가바사와 시온은 최신 뇌과학에 근거해 이러한 것들이 전적으로 오류임을 밝히고 있다. 기억력은 능력의 문제가 아닌 방법의 문제라고 말하며... ";"20170213";"";"2022-12-01 13:27:17.052"
117;"9791186647820";"지금이라도 집을 사야 할까요? (‘부동산아저씨’의 실전 재테크 솔루션)";"http://book.naver.com/bookdb/book_detail.php?bid=21156708";"https://bookthumb-phinf.pstatic.net/cover/211/567/21156708.jpg?type=m1&udate=20211202";"부동산아저씨";17000;0;"진서원";"부동산스터디 인기 칼럼니스트의 뼈아픈 조언들!
‘무주택자가 오히려 단기매매 타이밍에 집착한다?’
부모님이 대출을 싫어해서, 청약가점이 모자라서, 외벌이가 될까봐, 직주근접이 아니어서 등등. 다양한 이유로 내 집 마련을 미루었더니 집값은 넘사벽이 되어버렸다. 지금이라도 내 집 마련을 할 수가 있을까?... ";"20211101";"";"2022-12-01 13:27:17.052"
230;"9791186697641";"누구나 쉽게 배우는 챗봇 서비스 (모던 웹 기술로 구현하는 챗봇 실무 예제)";"http://book.naver.com/bookdb/book_detail.php?bid=13733578";"https://bookthumb-phinf.pstatic.net/cover/137/335/13733578.jpg?type=m1&udate=20191024";"박경호";24000;0;"비제이퍼블릭";"모던 웹 기술로 구현하는 챗봇 실무 예제

현재 챗봇에 대한 관심이 높아지고 있습니다. 국민 메신저 앱인 카카오톡을 비롯해서 페이스북 메신저, 기업용 메신저로 각광받는 슬랙 등 다양한 커뮤니케이션 툴에서 챗봇을 지원하고 있습니다. 그리고 이 챗봇을 만들기 위한 다양한 도구들이 있습니다.... ";"20180629";"";"2022-12-01 13:27:17.052"
246;"9791186697665";"손에 잡히는 유니티 3D VR/AR (알짜배기 예제로 배우는 VR/AR 모바일 앱 개발)";"http://book.naver.com/bookdb/book_detail.php?bid=13796656";"https://bookthumb-phinf.pstatic.net/cover/137/966/13796656.jpg?type=m1&udate=20220225";"최윤석";26000;0;"비제이퍼블릭";"알짜배기 예제로 배우는 VR/AR 모바일 앱 개발

멀게만 느껴졌던 가상현실/증강현실(VR/AR)이 점점 우리 곁으로 다가오고 있는 느낌입니다. 여러 분야에서 가상현실을 이용하여 생산성을 높이고 교육의 질을 향상하는 등 사회 전체의 노력이 시도되고 있습니다.
이같은 사회의 흐름 속에서 증강현실과... ";"20180731";"";"2022-12-01 13:27:17.052"
225;"9791186710074";"스프링 퀵 스타트 (IoC, AOP, DI 핵심 개념과 MVC+MyBatis+JPA를 활용한 스프링 프로젝트)";"http://book.naver.com/bookdb/book_detail.php?bid=10768455";"https://bookthumb-phinf.pstatic.net/cover/107/684/10768455.jpg?type=m1&udate=20161223";"채규태";30000;0;"루비페이퍼";"이 책은 스프링 프레임워크의 핵심 개념을 단계별 실습으로 깨우친다. 실습 예제는 개발 현장에서 유용한 기능을 중심으로 구성하였으며, 마지막 5일차 실습까지 마무리하면 스프링의 핵심 기능들이 모두 적용된 게시판 프로그램을 완성할 수 있다. 또한, 복잡한 API 설명은 최대한 배제하고 예제별로... ";"20160630";"";"2022-12-01 13:27:17.052"
202;"9791186710128";"처음 해보는 Servlet & JSP 웹 프로그래밍 (나의 첫 번째 웹 프로그래밍 스파링 파트너)";"http://book.naver.com/bookdb/book_detail.php?bid=11795135";"https://bookthumb-phinf.pstatic.net/cover/117/951/11795135.jpg?type=m1&udate=20210929";"오정임";28000;0;"루비페이퍼";"웹의 동작 원리를 이해하고 구현 방법을 깨치다!『처음 해보는 SERVLET & JSP 웹 프로그래밍』은 웹 프로그래밍을 처음 시작하는 독자를 위한 책이다. 웹 프로그래밍을 처음 접할 때 이 책에 담긴 내용만 정확하게 정립하면 어떠한 웹 기술에도 대응할 수 있게 구성하였다. 웹 프로그래밍은 웹... ";"20170322";"";"2022-12-01 13:27:17.052"
252;"9791186886786";"애프터스킬 자바스크립트 프론트엔드 프로젝트 가이드 (술술 잘 읽히는 JavaScript 필독서)";"http://book.naver.com/bookdb/book_detail.php?bid=13673304";"https://bookthumb-phinf.pstatic.net/cover/136/733/13673304.jpg?type=m1&udate=20190328";"심준식|이창욱";24000;0;"아이콕스";"술술 잘 읽히는 JavaScript Frontend 필독서
현업 개발자처럼 생각하자!

이 책은 실제 프로젝트에 쓰일 법한 예제들을 차근차근 다루어 나가면서 자바스크립트의 기초를 익히고, 좋은 코딩 습관들이 몸에 밸 수 있도록 돕고 있습니다. 그리고, 프론트엔드 개발의 트렌드 속에서 앞으로 어떤 기술들을 습득해야... ";"20180610";"";"2022-12-01 13:27:17.052"
168;"9791187147107";"미래인문학 트렌드";"http://book.naver.com/bookdb/book_detail.php?bid=11262924";"https://bookthumb-phinf.pstatic.net/cover/112/629/11262924.jpg?type=m1&udate=20220416";"김시천|박석준|박은미|장시복|강신익|이원태|신승철";15000;0;"아날로그(글담)";"인문학의 최신 흐름을 소개하고 인문학이 나아갈 길을 모색하다과학과 정보통신기술이 발달하며 인문학을 넘어 다양한 분야에서 인간과 세계에 대한 탐구가 이루어지고 있다. 특히 과학은 문학·역사·철학이 풀지 못한 인간과 세계에 대한 궁금증을 풀어주며 인문학과 교류하고 학문 간 경계를 허물고 있다. 또... ";"20161120";"";"2022-12-01 13:27:17.052"
45;"9791187165286";"마인드셋 (스탠퍼드 인간 성장 프로젝트)";"http://book.naver.com/bookdb/book_detail.php?bid=12585436";"https://bookthumb-phinf.pstatic.net/cover/125/854/12585436.jpg?type=m1&udate=20220209";"캐럴 드웩";16000;0;"스몰빅라이프";"'나는 아직 성장할 수 있다'는 믿음을 가지고 성공으로 나아가는 힘!‘마인드셋’ 이론으로 전 세계적인 명성을 얻은 심리학계의 석학 캐럴 드웩 스탠퍼드대학교 심리학과 교수가 40년간 탐구한 성공의 비밀에 대한 연구 성과를 담은 책이다. 교육, 비즈니스, 스포츠, 예술을 비롯한 인생 모든 분야에서의 성공의... ";"20171030";"";"2022-12-01 13:27:17.052"
59;"9791187400509";"조선의 2인자들 (그들은 어떻게 권력자가 되었는가)";"http://book.naver.com/bookdb/book_detail.php?bid=16330730";"https://bookthumb-phinf.pstatic.net/cover/163/307/16330730.jpg?type=m1&udate=20211118";"조민기";19800;0;"책비";"‘왕조차 함부로 대할 수 없었던’ 서슬 퍼런 충신과
‘왕의 총기를 어지럽혔던’ 흉악한 간신의 실체!
권력을 향한 뜨거운 욕망으로 역사를 뒤흔든 2인자들은 누구인가?조선 역사 속에서 1인자의 자리를 노렸던 2인자들의 이야기를 통해 그들의 욕망이 어떻게 권력이 되었고, 역사 속에 어떻게 기록되었는지를... ";"20200428";"";"2022-12-01 13:27:17.052"
243;"9791188621415";"자바 기반의 마이크로서비스 이해와 아키텍처 구축하기 (스프링부트, 줄, 유레카, 터빈, 히스트릭스 대시보드, 서킷 브레이커, 도커 빌드 활용법)";"http://book.naver.com/bookdb/book_detail.php?bid=14068210";"https://bookthumb-phinf.pstatic.net/cover/140/682/14068210.jpg?type=m1&udate=20210619";"박성훈";22000;0;"제이펍";"마이크로서비스 아키텍처의 개념 이해와 구현을 위한 핵심 가이드!

마이크로서비스, 도메인 주도 설계, 데브옵스, 자바, 스프링부트, 스프링클라우드, 도커 등 각각의 주제에 관한 이론 및 기술적인 내용을 다루는 훌륭한 책들은 많습니다만, 이들 간의 관계를 설명하고 기획에서 개발 및 배포까지 일련의... ";"20181015";"";"2022-12-01 13:27:17.052"
231;"9791189184018";"코드로 배우는 스프링 웹 프로젝트 (현업 개발을 위한 단계별 실습서)";"http://book.naver.com/bookdb/book_detail.php?bid=13993776";"https://bookthumb-phinf.pstatic.net/cover/139/937/13993776.jpg?type=m1&udate=20210128";"구멍가게 코딩단";38000;0;"남가람북스";"이 책은 SPRING FRAMEWORK(이하 스프링)를 사용해서 말 그대로 ‘웹 프로젝트’를 어떻게 진행하는지를 설명하는 책입니다. 웹 프로젝트라고 거창하게 표현하지만, 좀 더 구체적으로는 스프링으로 웹 프로젝트에서 사용되는 게시물 관리를 만들어 보는 것이 주된 목적입니다. 모든 웹 프로젝트는 그 성격에... ";"20180913";"";"2022-12-01 13:27:17.052"
46;"9791189909093";"IT 개발자의 영어 필살기 (11가지 영문서 유형으로 공략하는 IT 업계 맞춤형 영어 학습법)";"http://book.naver.com/bookdb/book_detail.php?bid=15986525";"https://bookthumb-phinf.pstatic.net/cover/159/865/15986525.jpg?type=m1&udate=20211207";"니시노 류타로";16000;0;"책만";"경쟁력 있는 개발자가 되기 위한 필수 언어는 C나 자바가 아니라 ‘영어’다! 이 책의 목표 필살기는 ‘IT 영문서 읽기’다. 장문의 영어를 차분히 읽으며 기초 체력을 다지는 것도 좋지만, 이 책은 당장 오늘부터 생존 영어로 써먹을 수 있는 기술을 단기간에 습득하는 것을 목표로 한다. 영어 기본기를... ";"20200107";"";"2022-12-01 13:27:17.052"
215;"9791189982355";"좋아하는 게 너무 많아도 좋아 (성공한 덕후의  자족충만 생활기)";"http://book.naver.com/bookdb/book_detail.php?bid=15261440";"https://bookthumb-phinf.pstatic.net/cover/152/614/15261440.jpg?type=m1&udate=20220101";"조영주";12000;0;"Lik-it(라이킷)";"‘적당히 대충 산다’가 삶의 모토이나 &#x0D;일단 꽂혔다 하면 순식간에 덕후의 경지에 오르고야 만다! &#x0D; 엉뚱한 소설가 조영주의 유난 법석한 덕질의 세계&#x0D;&#x0D;자타공인 성덕(성공한 덕후의 줄임말)의 엉뚱한 덕질 생활기 『좋아하는 게 너무 많아도 좋아』가 출간됐다. 2016년 『붉은 소파』로... ";"20190729";"";"2022-12-01 13:27:17.052"
80;"9791190123754";"말하는 법만 바꿔도 영업의 고수가 된다";"http://book.naver.com/bookdb/book_detail.php?bid=15970684";"https://bookthumb-phinf.pstatic.net/cover/159/706/15970684.jpg?type=m1&udate=20210408";"와타세 겐";14500;0;"갈매나무";"고객과 처음 만나는 순간부터 마무리 인사할 때까지, 영업 사원이 마주하는 다양한 상황을 순서대로 정리한《말하는 법만 바꿔도 영업의 고수가 된다》는 총 6부로 구성되어 있다. 1부에서는 전화로 영업할 때의 인사말, 방문 영업을 할 때 취해야 하는 태도, 이야기를 꺼낼 때 쓸 만한 첫마디 등을 다루며 영업... ";"20191220";"";"2022-12-01 13:27:17.052"
118;"9791190238588";"아마도 가장 쉬운 배당투자 설명서 (치과의사 권대경의 바쁜 사람들을 위한 허를 찌르는 투자설명서)";"http://book.naver.com/bookdb/book_detail.php?bid=20731436";"https://bookthumb-phinf.pstatic.net/cover/207/314/20731436.jpg?type=m1&udate=20211207";"권대경";16800;0;"스마트북스";"투자에는 최소 시간만, 나머지 시간엔 인생을 즐기는 가장 간단한 투자법

어쨌든 투자는 해야겠는데, 도무지 어디서부터 시작해야 할지 모르겠다면? 『아마도 가장 쉬운 배당투자 설명서』는 지금까지 노동력과 예ㆍ적금만으로 자산을 불려온 이들에게 무작정 따라 해도 괜찮은 가장 간단하고 확실한 투자의... ";"20210715";"";"2022-12-01 13:27:17.052"
232;"9791195484522";"코드로 배우는 스프링 웹 프로젝트 (현업 개발을 위한 단계별 실습서)";"http://book.naver.com/bookdb/book_detail.php?bid=9425458";"https://bookthumb-phinf.pstatic.net/cover/094/254/09425458.jpg?type=m1&udate=20180817";"구멍가게 코딩단";32000;0;"남가람북스";"[코드로 배우는 스프링 웹 프로젝트]는 개발 현장에서 사용하는 도구로서 스프링을 취급하는 책으로, SPRING FRAMEWORK(이하 스프링)를 이용해서  ‘웹 프로젝트’를 어떻게 진행하는지를 설명한다. 책을 활용하기 위해서는 JAVA 언어에 대한 기본 지식, SERVLET/JSP의 실습 경험 및 기본 지식... ";"20150816";"";"2022-12-01 13:27:17.052"
102;"9791196381509";"B급 세계사 1 (알고 나면 꼭 써먹고 싶어지는 역사 잡학 사전)";"http://book.naver.com/bookdb/book_detail.php?bid=13709609";"https://bookthumb-phinf.pstatic.net/cover/137/096/13709609.jpg?type=m1&udate=20181227";"김상훈";15800;0;"행복한작업실";"“아, 그게 그런 거였어?”
무릎을 치면서 읽는 역사책
알쏭달쏭한 상식에 날개를 달다!

사소하고 꼬질꼬질한 것들의 역사
역사 연표에 가려진 이야기에 돋보기를 들이대다!

‘모른다’고 하기에는 뭔가 억울하고
‘안다’고 하기엔 확신이 서지 않는 애매한 상식들…
우리의 일상과 촘촘하게 엮인 역사의... ";"20180618";"";"2022-12-01 13:27:17.052"
101;"9791196732271";"CAST (캐스트,7호,Room)";"http://book.naver.com/bookdb/book_detail.php?bid=22060609";"https://bookthumb-phinf.pstatic.net/cover/220/606/22060609.jpg?type=m1&udate=20220225";"CAST 편집부";13000;0;"별책부록";"〈CAST〉는 하나의 주제를선정하여 그것과 연관있는 영화를 리뷰하는 영화잡지입니다. '캐스팅(CASTING)하다'라는 단어에서 착안하여 만든 이름으로, 배우를 캐스팅하고장소를 캐스팅하듯 〈CAST〉 편집부가 각자의 인생에서 건져올린 영화를 캐스팅하여 이야기합니다. 7호의... ";"20211228";"";"2022-12-01 13:27:17.052"
39;"9791196797706";"지쳤거나 좋아하는 게 없거나";"http://book.naver.com/bookdb/book_detail.php?bid=15469316";"https://bookthumb-phinf.pstatic.net/cover/154/693/15469316.jpg?type=m1&udate=20220112";"글배우";13500;0;"강한별";"내가 만족하는 것이 무엇인지 알아가고 찾아갈 때 행복할 수 있다!무기력해진 마음에 다시 시작하고 싶은 의욕과 용기를 불러일으켜 주고, 잃어버린 삶의 의욕을 다시 찾을 수 있도록 도와주는 글배우의 이야기 『지쳤거나 좋아하는 게 없거나』. 무기력해진 나에게 혼자의 시간을 잘 보내며 재충전할 수 있는... ";"20190904";"";"2022-12-01 13:27:17.052"
