"g_seq";"g_writer";"g_date";"g_time";"g_subject";"g_content";"g_image"
1;"callor@callor.com";"2019-02-28";"14:50:52";"김정헌, 예술";"김정헌, 예술가가 사는 마을을 가다 검둥소";""
2;"callor@callor.com";"2019-05-23";"11:50:38";"내게 금지된 ";"내게 금지된 공간 내가 소망한 공간 궁리";""
3;"callor@callor.com";"2019-04-28";"14:51:19";"천재 이야기꾼";"천재 이야기꾼 로알드 달 다산기획";""
4;"callor@callor.com";"2019-05-24";"17:44:43";"내 삶에 들어";"내 삶에 들어온 권정생 - 동화로 만나는 삶 속의 인문학 단비";""
5;"callor@callor.com";"2019-11-03";"12:47:40";"도서관 산책자";"도서관 산책자 - 두 책벌레 건축가가 함께 걷고 기록한, 책의 집 이야기 반비";""
6;"callor@callor.com";"2019-07-24";"14:07:33";"제가 살고 싶";"제가 살고 싶은 집은 - 건축가 이일훈과 국어선생 송승훈이 e메일로 지은 집, 잔서완석루 서해문집";""
7;"callor@callor.com";"2019-02-18";"10:03:37";"살아있는 도서";"살아있는 도서관 - 책과 공부를 탐한 한국의 지성 23인 현암사";""
8;"callor@callor.com";"2019-06-29";"12:37:54";"도시엄마를 위";"도시엄마를 위한 시골교육법 글담";""
9;"callor@callor.com";"2019-05-21";"13:35:09";"한 영혼이 자";"한 영혼이 자라면 온 세계가 성장한다 낮은산";""
10;"callor@callor.com";"2019-11-19";"10:05:08";"니 부모 얼굴";"니 부모 얼굴이 보고 싶다 다른";""
11;"callor@callor.com";"2019-08-24";"15:53:34";"우리교육 10";"우리교육 100문 100답 다산북스";""
12;"callor@callor.com";"2019-03-30";"17:49:35";"나는 대한민국";"나는 대한민국의 행복한 교사다 도토리창고";""
13;"callor@callor.com";"2017-12-30";"15:48:44";"부모가 비우면";"부모가 비우면 아이는 채워진다 - 굴절된 세상에서 아이를 바르게 키우는 연습 뜨인돌";""
14;"callor@callor.com";"2019-02-28";"13:35:00";"맘에드림 혁";"[맘에드림 혁신학교 이야기 4]덕양중학교 혁신학교 도전기 맘에드림";""
15;"callor@callor.com";"2019-08-29";"11:38:32";"맘에드림 혁";"[맘에드림 혁신학교 이야기 5]학교 바꾸기 그후 12년 맘에드림";""
16;"callor@callor.com";"2019-06-07";"17:55:56";"EBS가 선택";"EBS가 선택한 최고의 교사 문학동네";""
17;"callor@callor.com";"2019-09-07";"15:04:21";"교사를 춤추게";"교사를 춤추게 하라 민들레";""
18;"callor@callor.com";"2019-05-09";"13:45:04";"바깥바람 6";"[바깥바람 6]뭐가 되려고 그러니? 바람의아이들";""
19;"callor@callor.com";"2019-08-24";"09:45:59";"살아 있는 ";"[살아 있는 교육 30]엄마 아빠랑 함께 쓴 일기 - 주순영 선생님 반 학부모 모둠일기 보리";""
20;"callor@callor.com";"2019-05-24";"13:45:34";"살림터 참교";"[살림터 참교육문예 3]아이들에게 세상을 배웠네 살림터";""
21;"callor@callor.com";"2019-06-19";"12:44:18";"살림터 참교";"[살림터 참교육문예 4]서울여자, 시골 선생님 되다 살림터";""
22;"callor@callor.com";"2019-03-08";"09:23:18";"평화샘 프로";"[평화샘 프로젝트 1]학교폭력 어떻게 만들어 지는가? 살림터";""
23;"callor@callor.com";"2019-03-22";"10:33:42";"평화샘 프로";"[평화샘 프로젝트 2]학교폭력 멈춰! - 보살핌.우정.배움의 공동체 살림터";""
24;"callor@callor.com";"2019-09-29";"13:03:20";"아이들은 놀이";"아이들은 놀이가 밥이다 소나무";""
25;"callor@callor.com";"2019-10-04";"16:13:54";"가르친다는 것";"가르친다는 것 - 교실을 살리기 위해 애쓰는 모든 교사들에게 양철북";""
26;"callor@callor.com";"2019-01-19";"15:48:27";"어른들은 잘 ";"어른들은 잘 모르는 아이들의 숨겨진 삶 - 당신 아이를 움직이는 또래 집단의 힘 양철북";""
27;"callor@callor.com";"2019-01-26";"12:43:56";"우리반 일용이";"우리반 일용이 양철북";""
28;"callor@callor.com";"2019-12-09";"16:15:10";"나쁜 대학 -";"나쁜 대학 - 우리 아들 대학 보내기 사생결단 프로젝트 윌북";""
29;"callor@callor.com";"2019-12-23";"09:26:02";"교육의 배신 ";"교육의 배신 내몰리는 아이들 - 현장에서 쓴 교육개혁 블루프린트 지호";""
30;"callor@callor.com";"2019-08-08";"14:43:46";"아름다운 나눔";"아름다운 나눔수업 - 자아존중감과 소통의 리더십을 키워주는 나눔교육 이야기 착한책가게";""
31;"callor@callor.com";"2019-06-24";"12:44:41";"초등 역사 수";"초등 역사 수업의 길잡이 책과함께";""
32;"callor@callor.com";"2019-08-29";"15:09:45";"대한민국 초등";"대한민국 초등학생 - 행복하게 사는 법을 배우지 못한 아이들 청어람미디어";""
33;"callor@callor.com";"2019-06-24";"17:19:49";"아하! 통합학";"아하! 통합학급 - 모든 이를 위한 통합교육의 실제 학지사";""
34;"callor@callor.com";"2019-06-24";"11:31:10";"푸른 눈, 갈";"푸른 눈, 갈색 눈 - 세상을 놀라게 한 차별수업 이야기 한겨레출판";""
35;"callor@callor.com";"2019-09-14";"16:32:25";"선생이란 무엇";"선생이란 무엇인가 - 루소.퇴계.공자.융에게 교육의 길을 묻다 한언 ";""
36;"callor@callor.com";"2019-08-24";"13:02:32";"배움의 공동체";"배움의 공동체 - 손우정 교수가 전하는 희망의 교실 혁명 해냄";""
37;"callor@callor.com";"2019-01-23";"17:52:22";"너는 늦게 피";"너는 늦게 피는 꽃이다 - 우리 교육의 마지막 비상구 '돈보스코 예방교육' 휴";""
38;"callor@callor.com";"2019-05-19";"15:32:50";"글쓰기 교육 ";"글쓰기 교육 이론과 방법 : 이오덕 글쓰기 교육  고인돌";""
39;"callor@callor.com";"2019-07-19";"17:38:51";"초등 독서의 ";"초등 독서의 모든 것 꿈결";""
40;"callor@callor.com";"2019-10-21";"12:30:33";"문지푸른책 ";"[문지푸른책 밝은눈 8]허병두의 즐거운 글쓰기 교실 3 : 나만의 책쓰기 문학과지성사";""
41;"callor@callor.com";"2019-10-28";"13:40:36";"문지푸른책 ";"[문지푸른책 밝은눈 9]책쓰기 꿈꾸다 문학과지성사";""
42;"callor@callor.com";"2019-07-08";"14:57:41";"리딩 프라미스";"리딩 프라미스 - 아빠와 함께 한 3218일간의 독서 마라톤 문학동네";""
43;"callor@callor.com";"2019-05-27";"15:29:16";"과학이 열리는";"과학이 열리는 책읽기 우리교육";""
44;"callor@callor.com";"2019-08-19";"09:13:40";"북미 도서관에";"북미 도서관에 끌리다 - 선생님들의 이유 있는 도서관 여행 우리교육";""
45;"callor@callor.com";"2019-04-14";"13:24:14";"북미 학교도서";"북미 학교도서관을 가다 - 선생님들의 이유 있는 도서관 여행 우리교육";""
46;"callor@callor.com";"2019-09-14";"13:48:28";"아이의 미래";"(아이의 미래를 바꾸는)슬로리딩 조선북스";""
47;"callor@callor.com";"2019-01-24";"10:47:32";"엄마표 도서관";"엄마표 도서관여행 - 하루 동안의 행복! 도서관에서 꿈꾸는 아이 주니어김영사";""
48;"callor@callor.com";"2019-10-24";"17:54:17";"매일매일 일어";"매일매일 일어나는 독서의 기적 - 어린이 독서교육 혁명 The Daily 5 파라주니어";""
49;"callor@callor.com";"2019-11-10";"12:36:47";"책으로 노는 ";"책으로 노는 집 - 책으로 대화하고 소통하는 독서가족 탐방기 푸른지식";""
50;"callor@callor.com";"2019-03-04";"17:42:30";"마음으로 떠나";"마음으로 떠나는 그림책 여행 학지사";""
51;"callor@callor.com";"2019-03-04";"16:59:19";"선생님과 함께";"선생님과 함께하는 우리 반 독서치료 학지사";""
52;"callor@callor.com";"2019-07-04";"10:40:04";"앎과삶 시리";"[앎과삶 시리즈 4]17세 : 누구나 겪지만 아무도 모르는 나이 한국출판마케팅연구소";""
53;"callor@callor.com";"2019-04-08";"10:04:36";"토론의 전사 ";"토론의 전사 1. 디베이트의 길을 열다 해냄에듀";""
54;"callor@callor.com";"2019-04-08";"13:46:45";"토론의 전사 ";"토론의 전사 2. 디베이트의 방법을 찾다 해냄에듀";""
55;"callor@callor.com";"2019-01-18";"16:33:19";"아침독서 총";"[아침독서 총서 3]교실을 바꾼 아침독서 10분 행복한아침독서";""
56;"callor@callor.com";"2019-02-24";"13:55:44";"아침독서 총";"[아침독서 총서 5]아침독서 핸드북 - 미국 사례로 본 8가지 성공 요소 행복한아침독서";""
57;"callor@callor.com";"2019-10-09";"09:21:41";"희망을 만드";"[희망을 만드는 법 6]마르타와 사라진 물 고래이야기";""
58;"callor@callor.com";"2019-10-29";"13:55:34";"세계로 떠나";"[세계로 떠나는 체험 학습 2]화산원정대 - 어린이 원정대의 이탈리아 화산 특별 체험기 과학동아북스";""
59;"callor@callor.com";"2019-02-18";"13:14:39";"사랑하면 보이";"사랑하면 보이는 나무 - 아버지와 아들이 함께 쓰고 그린 나무 관찰 기록 52편 궁리";""
60;"callor@callor.com";"2019-02-23";"16:50:19";"수냐의 수학카";"수냐의 수학카페 2 - 계산 낙오자 3인방, 수학카페를 점령하다 궁리";""
61;"callor@callor.com";"2019-08-09";"10:09:31";"1013 생";"[1013 생각하는 지식 1]우주날씨를 말씀드리겠습니다 - 우주 과학자가 들려주는 우주 환경 이야기 꼬마이실";""
62;"callor@callor.com";"2019-11-14";"11:08:17";"현장에서 배";"[현장에서 배우는 어린이 건축 교실 1]우리 집을 지어요 꿈교출판사";""
63;"callor@callor.com";"2019-06-20";"14:16:10";"지구가 멈추는";"지구가 멈추는 날 - 지구를 위협하는 재해와 대처 방법 꿈꾸는사람들";""
64;"callor@callor.com";"2019-05-05";"12:32:25";"암탉, 엄마가";"암탉, 엄마가 되다 - 개성 강한 닭들의 좌충우돌 생태 다큐멘터리 낮은산";""
65;"callor@callor.com";"2019-08-29";"16:59:10";"종의 기원, ";"종의 기원, 모든 생명의 자유를 선언하다 너머학교";""
66;"callor@callor.com";"2019-03-29";"15:03:24";"노란돼지 창";"[노란돼지 창작그림책 15 환경이야기(물)]맑은 하늘, 이제 그만 노란돼지";""
67;"callor@callor.com";"2019-01-19";"17:18:07";"노란상상 그";"[노란상상 그림책 10]나무는 숲을 기억해요 노란상상";""
68;"callor@callor.com";"2019-03-14";"10:13:09";"지식은 내 ";"[지식은 내 친구 2]신기한 동물에게 배우는 생태계 논장";""
69;"callor@callor.com";"2019-04-14";"09:34:06";"지식은 내 ";"[지식은 내 친구 3]뼈-뼈의 생김새와 하는 일 논장";""
70;"callor@callor.com";"2019-11-14";"11:38:11";"지식은 내 ";"[지식은 내 친구 4]놀라운 생태계, 거꾸로 살아가는 동물들 논장";""
71;"callor@callor.com";"2019-06-24";"11:18:06";"세계사 가로";"[세계사 가로지르기 5]세상을 바꾼 동물 - 동물은 기록하지 못하는 동물들의 세계사 다른";""
72;"callor@callor.com";"2019-08-15";"14:18:06";"다산지식그림";"[다산지식그림책 2]나의 첫 식물책 다산기획";""
73;"callor@callor.com";"2019-03-30";"12:31:09";"자연의 친구";"[자연의 친구들 1]우리 마을 자연의 친구들 다산기획";""
74;"callor@callor.com";"2019-07-12";"09:05:44";"자연의 친구";"[자연의 친구들 2]참나무와 자연의 친구들 다산기획";""
75;"callor@callor.com";"2019-05-31";"13:18:43";"생명의 지혜 ";"생명의 지혜 - 옛이야기가 품은 열두 가지 자연법칙 다산기획";""
76;"callor@callor.com";"2019-01-19";"17:03:22";"십대, 별과 ";"십대, 별과 우주를 사색해야 하는 이유 더숲";""
77;"callor@callor.com";"2019-10-31";"11:02:33";"누나는 수다쟁";"누나는 수다쟁이 수학자 : 수와 도형 - 개미 도형 왕국의 비밀을 풀어라 뜨인돌어린이";""
78;"callor@callor.com";"2019-04-01";"11:34:42";"생활에서 발견";"생활에서 발견한 재미 있는 수학 55 뜨인돌어린이";""
79;"callor@callor.com";"2019-04-04";"12:11:37";"출동 지구 ";"[출동 지구 구조대 3](장순근 박사가 들려주는)바다 쓰레기의 비밀 리젬";""
80;"callor@callor.com";"2019-12-19";"09:56:57";"출동 지구 ";"[출동 지구 구조대 5]자연의 색이 품은 비밀 리젬";""
81;"callor@callor.com";"2019-09-19";"09:49:31";"수학식당 1";"수학식당 1 명왕성은자유다";""
82;"callor@callor.com";"2019-02-07";"14:24:39";"전통문화즐기";"[전통문화즐기기 12](해·달·별 하늘의 무늬를 읽은) 우리 천문학 이야기 문학동네";""
83;"callor@callor.com";"2017-11-25";"15:12:00";"재미있고 똑";"(재미있고 똑똑한 세상을 만드는)미래 아이디어 80 미래의창";""
84;"callor@callor.com";"2019-07-26";"11:42:55";"황제처럼 - ";"황제처럼 - 남극에 사는 황제펭귄이 우리에게 가르쳐준 것 미래의창";""
85;"callor@callor.com";"2019-08-19";"16:21:46";"MBC 창사";"(MBC 창사 50주년 특집 다큐멘터리 남극의 눈물)황제펭귄 펭이와 솜이 밝은미래";""
86;"callor@callor.com";"2019-05-09";"16:59:08";"밝은미래 지";"[밝은미래 지식 그림책 11]보인다! 우리 몸 - 요리조리 들춰 보는 인체 플랩 그림책 밝은미래";""
87;"callor@callor.com";"2019-06-10";"11:28:55";"개똥이네 책";"[개똥이네 책방 13]호미 아줌마랑 텃밭에 가요 - 우리가 즐겨 먹는 스물두 가지 작물의 한살이 보리";""
88;"callor@callor.com";"2019-02-08";"10:01:29";"세밀화로 그";"[세밀화로 그린 우리 바닷물고기2]둥실둥실 동해바다 물고기 보리";""
89;"callor@callor.com";"2019-02-08";"13:17:24";"세밀화로 그";"[세밀화로 그린 우리 바닷물고기3]남실남실 남해바다 물고기 보리";""
90;"callor@callor.com";"2019-02-08";"10:00:14";"세밀화로 그";"[세밀화로 그린 우리 바닷물고기4]잘방잘방 제주바다 물고기 보리";""
91;"callor@callor.com";"2019-02-08";"15:37:05";"세밀화로 그";"[세밀화로 그린 우리 바닷물고기5]팔딱팔딱 바닷물고기 이야기 보리";""
92;"callor@callor.com";"2019-08-01";"15:32:16";"우리 새 생";"[우리 새 생태 동화 3]백로 마을이 사라졌어 - DVD 1장 보리";""
93;"callor@callor.com";"2019-05-13";"09:11:55";"킁킁이가 간다";"킁킁이가 간다! 2 - 고기를 좋아하는 동물 보리";""
94;"callor@callor.com";"2019-12-29";"17:36:07";"봄나무 과학";"[봄나무 과학교실 20]속담속에 숨은 수학 - 단위와 측정 봄나무";""
95;"callor@callor.com";"2019-04-19";"11:44:55";"나의 아름다운";"나의 아름다운 바다 - 바다의 비밀을 밝힌 여성 해양학자 실비아 얼 이야기 봄나무";""
96;"callor@callor.com";"2019-03-05";"09:57:06";"북극곰The";"북극곰(The World of the Polar Bear ) 북극곰";""
97;"callor@callor.com";"2019-06-19";"16:02:51";"수학선생님도 ";"수학선생님도 궁금한 101가지 수학질문 사전 북멘토";""
98;"callor@callor.com";"2017-12-22";"15:59:52";"강력추천 세";"[강력추천 세계 교양 지도 5]세상에서 가장 재미있는 남극지도 북스토리";""
99;"callor@callor.com";"2019-10-07";"14:23:18";"물들숲 그림";"[물들숲 그림책 2]호박이 넝쿨째 비룡소";""
100;"callor@callor.com";"2019-08-10";"16:56:10";"사이언스 일";"[사이언스 일공일삼 28]오줌을 연구하자 비룡소";""
101;"callor@callor.com";"2019-03-16";"14:42:14";"하리하라의 과";"하리하라의 과학 24시 - 청소년이 알아야 할 현대 과학의 24가지 이슈 비룡소";""
102;"callor@callor.com";"2019-09-02";"11:47:44";"우리 역사 속";"우리 역사 속 수학이야기 - 흥미로운 조상들의 수학을 찾아서 사람의무늬";""
103;"callor@callor.com";"2017-12-18";"09:48:37";"나는 알아요";"[나는 알아요 2 즐거운 과학]별과 행성 사파리";""
104;"callor@callor.com";"2017-12-18";"16:48:55";"나는 알아요";"[나는 알아요 3 즐거운 과학]남극과 북극 사파리";""
105;"callor@callor.com";"2019-01-11";"11:28:15";"날씨 전쟁 -";"날씨 전쟁 - 기후변화로 고통 받는 지구 이야기 사파리";""
106;"callor@callor.com";"2019-03-24";"15:28:52";"우주를 누벼라";"우주를 누벼라 사파리";""
107;"callor@callor.com";"2019-03-31";"16:16:09";"자연과 함께";"[자연과 함께 하는 살림 생태 학습 4]우리 교실에 벼가 자라요  살림어린이";""
108;"callor@callor.com";"2019-08-23";"14:58:24";"예술을 꿀꺽 ";"예술을 꿀꺽 삼킨 과학 살림Friends";""
109;"callor@callor.com";"2019-12-24";"16:52:39";"우리들은 갈릴";"우리들은 갈릴레오 - 과학 4총사, 실험실에서 갈릴레오의 두뇌를 훔치다 서해문집";""
110;"callor@callor.com";"2019-03-07";"15:31:12";"어린이를 위";"[어린이를 위한 사진 동화 시리즈]강가에 사는 고라니 소년한길";""
111;"callor@callor.com";"2019-09-11";"16:24:00";"페렐만의 살아";"페렐만의 살아있는 물리학 - 역학 써네스트";""
112;"callor@callor.com";"2019-06-08";"09:34:33";"아이세움 열";"[아이세움 열린꿈터 11]우리학교 환경 지킴이 - 지구를 지키는 생활 실천 동화 아이세움";""
113;"callor@callor.com";"2019-06-24";"13:13:44";"아이세움 열";"[아이세움 열린꿈터 12]우리와 함께 살아가는 작은 생물 이야기 아이세움";""
114;"callor@callor.com";"2019-07-04";"13:34:06";"아이세움 지";"[아이세움 지식그림책 32](달콤달콤 무시무시)설탕을 조심해 아이세움";""
115;"callor@callor.com";"2019-01-28";"10:44:10";"환경을 지키는";"환경을 지키는 영웅들 - 지구를 지킨 사람들의 이야기 아이앤북";""
116;"callor@callor.com";"2019-03-19";"16:13:25";"알쏭달쏭 과학";"알쏭달쏭 과학 아카데미 - 생활 속 마술같은 과학이야기 알라딘북스";""
117;"callor@callor.com";"2019-06-24";"17:16:57";"오늘의 지구를";"오늘의 지구를 말씀드리겠습니다 - 과학으로 읽는 지구 설명서 양철북";""
118;"callor@callor.com";"2019-04-29";"09:48:31";"분홍공주의 베";"분홍공주의 베란다 텃밭 어린이나무생각";""
119;"callor@callor.com";"2019-05-09";"15:37:48";"어린이가 꼭";"[어린이가 꼭 알아야 할 경제.과학.환경 이야기 시리즈 16]물을 물로 볼 수 없는 세상 영교출판";""
120;"callor@callor.com";"2019-07-14";"14:04:14";"와이즈만 수";"[와이즈만 수학동화 - 초등 1.2학년 대상]수학 도깨비 와이즈만북스";""
121;"callor@callor.com";"2019-05-01";"17:21:44";"녹색연합과 ";"[녹색연합과 함께하는 대한민국 깃대종 - 봄]점박이물범, 내년에도 꼭 만나! 웃는돌고래";""
122;"callor@callor.com";"2019-03-31";"13:17:31";"웃는돌고래 ";"[웃는돌고래 그림책 1]나무 심으러 몽골에 간다고요? 웃는돌고래";""
123;"callor@callor.com";"2019-07-29";"16:40:17";"꽃섬 - 죽음";"꽃섬 - 죽음을 이겨낸 생명의 땅 웅진주니어";""
124;"callor@callor.com";"2019-12-09";"14:17:28";"보통날의 물리";"보통날의 물리학 - 일상이 즐거워지는 물리 이야기 이미디어그룹";""
125;"callor@callor.com";"2019-04-14";"16:31:09";"장수하늘소가";"(장수하늘소가 펼치는 교양의 세계)도시 소년이 사랑한 우리 새 이야기 장수하늘소";""
126;"callor@callor.com";"2019-10-06";"12:55:11";"공책으로 원숭";"공책으로 원숭이를 구하자 - 날마다 세상을 바꾸는 500가지 아이디어 주니어김영사";""
127;"callor@callor.com";"2017-12-09";"11:09:23";"미래를 꿈꾸";"[미래를 꿈꾸는 해양문고 18]자연속 야누스, 하구 - 강과 바다가 만나는 곳 지성사";""
128;"callor@callor.com";"2019-01-12";"16:28:27";"미래를 꿈꾸";"[미래를 꿈꾸는 해양문고 20]바다 위 인공섬 시토피아 - 사람이 만드는 미래의 해양도시 지성사";""
129;"callor@callor.com";"2019-08-03";"14:01:23";"미래를 꿈꾸";"[미래를 꿈꾸는 해양문고 21]배는 어디에서 자나요? - 항구, 그리고 항구를 지키는 방파제 지성사";""
130;"callor@callor.com";"2019-10-17";"12:14:22";"니코의 양자 ";"니코의 양자 세계 어드벤처 - 청소년을 위한 양자 물리학 이야기 찰리북";""
131;"callor@callor.com";"2019-03-14";"12:04:41";"태양계 여행 ";"태양계 여행 안내서 - 찰리와 써니와 함께 떠나는 신나는 우주여행 찰리북";""
132;"callor@callor.com";"2019-03-14";"15:05:48";"왜 안 되나";"[왜 안 되나요? 시리즈 6]왜 물이 사라지면 안 되나요? 참돌어린이";""
133;"callor@callor.com";"2019-03-24";"17:14:53";"왜 안 되나";"[왜 안 되나요? 시리즈 7]왜 탄소발자국이 뚱뚱해지면 안 되나요? 참돌어린이";""
134;"callor@callor.com";"2019-08-05";"12:23:45";"과학과 친해";"[과학과 친해지는 책 11]대이동, 동물들의 위대한 도전 창비";""
135;"callor@callor.com";"2019-03-19";"16:00:15";"창비 호기심";"[창비 호기심 그림책 3]째깍째깍 시간 박물관 - 신기하고 재미있는 시간과 시계 이야기 창비";""
136;"callor@callor.com";"2019-05-27";"14:26:42";"동물권리선언";"[동물권리선언 시리즈 1]동물원 동물은 행복할까? - 전 세계 동물원을 1000번 이상 탐방한 슬픈 기록 책공장더불어";""
137;"callor@callor.com";"2019-10-24";"15:42:19";"곰곰어린이 ";"[곰곰어린이 18]지구야, 우리 말 좀 들어줘 책속물고기";""
138;"callor@callor.com";"2019-02-27";"13:37:27";"철수와영희 ";"[철수와영희 그림책 4]겨울눈이 들려주는 학교 숲 이야기 - 겨울철 학교에서 만난 나무의 한살이와 생태 철수와영희";""
139;"callor@callor.com";"2019-10-09";"11:39:19";"철수와영희 ";"[철수와영희 그림책 5]우리 학교 텃밭 - 초등학교에서 많이 심는 채소 9종과 곡식 3종 가꾸기 철수와영희";""
140;"callor@callor.com";"2019-04-14";"13:03:16";"쪽빛문고 1";"[쪽빛문고 15]우리 학교 뜰에는 무엇이 살까? - 학교에서 살고 있는 풀.꽃.나무 이야기 청어람미디어";""
141;"callor@callor.com";"2019-04-08";"09:08:32";"쪽빛문고 1";"[쪽빛문고 16]우주가 내게로 왔어요 - 난쟁이별 교수님이 들려주는 재미있고 놀라운 지구와 우주 이야기 청어람미디어";""
142;"callor@callor.com";"2019-10-11";"13:51:04";"과학, 10월";"과학, 10월의 하늘을 날다 - 청소년을 위한 아름다운 나눔 강연 청어람미디어";""
143;"callor@callor.com";"2019-06-27";"13:06:51";"공룡은 어떻게";"공룡은 어떻게 박물관에 갔을까? 키즈엠";""
144;"callor@callor.com";"2017-11-15";"13:24:34";"내가 꿈꾸는";"[내가 꿈꾸는 사람 과학자 2]파인만, 과학을 웃겨 주세요 탐";""
145;"callor@callor.com";"2019-05-11";"14:50:23";"토토 생각날";"[토토 생각날개 20]어린이를 위한 유쾌한 세계 건축 여행 - 역사.문화.인물.과학 모든것이 담긴 대표 건축물 토토북";""
146;"callor@callor.com";"2019-09-23";"10:16:56";"공부는 왜 ";"[공부는 왜 해? 4]엄마 과학 공부는 왜 해? 팜파스";""
147;"callor@callor.com";"2019-05-14";"15:43:28";"보건 선생님";"(보건 선생님들의 상담 사례로 생각하는)초딩들의 사춘기 푸른날개";""
148;"callor@callor.com";"2019-11-29";"12:33:35";"앵그리버드 스";"앵그리버드 스페이스 - 앵그리버드와 함께 떠나는 우주여행 푸른날개";""
149;"callor@callor.com";"2019-10-19";"15:02:29";"역지사지 생";"[역지사지 생생 토론 대회 2]환경 논쟁 풀빛";""
150;"callor@callor.com";"2019-08-19";"16:11:13";"학고재 환경";"[학고재 환경책 초록이 3 세계의 멸종 위기 동물]명품 가방 속으로 악어들이 사라졌어요 학고재";""
151;"callor@callor.com";"2019-03-16";"10:35:49";"내가 키운 채";"내가 키운 채소는 맛있어! - 재활용품으로 만든 우리 집 텃밭 한림출판사";""
152;"callor@callor.com";"2019-02-25";"13:36:24";"피지카 시리";"[피지카 시리즈 1]피지카와 신비한 돌 해나무";""
153;"callor@callor.com";"2019-05-13";"16:05:00";"나무 중의 ";"(나무 중의 으뜸)늘 푸른 우리 소나무 해와나무";""
154;"callor@callor.com";"2019-07-15";"14:54:01";"과학 시간이";"[과학 시간이 즐거워요 1]과학왕 실종 사건 - 과학 교과서 따라잡는 추리동화 행성:B아이들";""
155;"callor@callor.com";"2019-05-29";"14:17:16";"위풍당당 우리";"위풍당당 우리 삽사리  현암사";""
156;"callor@callor.com";"2019-01-28";"14:07:59";"공룡과 나 -";"공룡과 나 - 흥미롭고 놀라운 비교 효리원";""
157;"callor@callor.com";"2019-09-19";"17:20:50";"처음 읽는 우";"처음 읽는 우주의 역사 - 별똥별 아줌마, 최초의 우주를 만나다 휴머니스트";""
158;"callor@callor.com";"2019-03-14";"10:26:39";"개암청소년문";"[개암청소년문학 14]내 인생의 양탄자 개암나무";""
159;"callor@callor.com";"2019-06-24";"13:37:58";"개암청소년문";"[개암청소년문학 15]고흐와 함께한 마지막 여름 개암나무";""
160;"callor@callor.com";"2019-05-09";"17:47:22";"문학의 즐거";"[문학의 즐거움 37]우물 파는 아이들 개암나무";""
161;"callor@callor.com";"2019-07-29";"13:04:51";"문학의 즐거";"[문학의 즐거움 38]뚱보의 겁쟁이 탈출기 개암나무";""
162;"callor@callor.com";"2019-10-19";"14:00:52";"문학의 즐거";"[문학의 즐거움 39]우리들의 교실 개암나무";""
163;"callor@callor.com";"2019-04-08";"16:12:19";"읽기의 즐거";"[읽기의 즐거움 7]내 동생은 렌탈 로봇 개암나무";""
164;"callor@callor.com";"2019-09-19";"17:24:43";"지그재그 2";"[지그재그 24]미술관에서 생긴 일 개암나무";""
165;"callor@callor.com";"2019-04-04";"14:46:21";"오렌지 말";"오렌지 말 계수나무";""
166;"callor@callor.com";"2019-03-19";"09:14:19";"모두가 친구";"[모두가 친구 20]곰이 된 아빠와 스트레스 선생 고래이야기";""
167;"callor@callor.com";"2019-12-09";"13:35:14";"살아있는 글";"[살아있는 글읽기 - 김우경 판타지 동화]검정소금 붉은도깨비 세트 - 전3권 고인돌";""
168;"callor@callor.com";"2019-05-09";"15:51:41";"살아있는 글";"[살아있는 글읽기 5 이호철 사계절 동화 : 봄]온산에 참꽃이다 고인돌";""
169;"callor@callor.com";"2019-07-04";"17:17:45";"살아있는 글";"[살아있는 글읽기 6](윤태규 창작동화)초대받은 마술사 고인돌";""
170;"callor@callor.com";"2019-09-24";"15:19:45";"살아있는 글";"[살아있는 글읽기 8]삐삐야 미안해 고인돌";""
171;"callor@callor.com";"2019-02-02";"17:13:20";"작은걸음 큰";"[작은걸음 큰걸음 14]아빠는 나의 영웅 교학사";""
172;"callor@callor.com";"2019-10-19";"13:01:31";"작은걸음 큰";"[작은걸음 큰걸음 16]오두방정 콩새의 작두콩 대작전 교학사";""
173;"callor@callor.com";"2019-10-14";"15:37:31";"국민서관 그";"[국민서관 그림동화 141]행복한 책 국민서관";""
174;"callor@callor.com";"2019-01-24";"13:41:12";"내친구 작은";"[내친구 작은거인 35]떴다! 꼼지락 공주네 반 아이들 국민서관";""
175;"callor@callor.com";"2019-05-20";"11:16:14";"1318그림";"[1318그림책 1]별소년 쌍식이 글로연";""
176;"callor@callor.com";"2019-07-12";"09:04:59";"나무 친구 이";"나무 친구 이야기 길벗어린이";""
177;"callor@callor.com";"2019-10-24";"11:41:14";"휠체어를 탄 ";"휠체어를 탄 사서 길벗어린이";""
178;"callor@callor.com";"2019-08-08";"13:19:07";"아이 어른 ";"[아이 어른 함께읽는 가족동화 1]쌍둥이와 호빵씨 꿈꾸는날개";""
179;"callor@callor.com";"2019-10-29";"09:57:34";"꿈터 어린이";"[꿈터 어린이 11]이상한 마을 1 : 사팔뜨기 선장의 저주 꿈터";""
180;"callor@callor.com";"2019-10-29";"16:12:34";"꿈터 어린이";"[꿈터 어린이 12]이상한 마을 2 : 팁 아저씨의 보물집 꿈터";""
181;"callor@callor.com";"2019-12-09";"10:36:51";"지식 지혜 ";"[지식 지혜 시리즈 꿈터 그림책 15]카펫 소년의 선물 꿈터";""
182;"callor@callor.com";"2019-01-01";"10:33:56";"예술과 심리";"[예술과 심리 동화 시리즈 1]말하는 소나무 나한기획";""
183;"callor@callor.com";"2019-01-10";"17:36:48";"예술과 심리";"[예술과 심리 동화 시리즈 10]할머니의 강 나한기획";""
184;"callor@callor.com";"2017-12-23";"12:07:16";"낮은산 키큰";"[낮은산 키큰나무 11]기타 보이 낮은산";""
185;"callor@callor.com";"2019-01-12";"13:58:16";"나는 책읽기가";"나는 책읽기가 정말 싫어 낮은산";""
186;"callor@callor.com";"2019-04-01";"11:13:47";"우리는 학교에";"우리는 학교에 가요 낮은산";""
187;"callor@callor.com";"2019-07-22";"17:50:48";"우리 집 정원";"우리 집 정원에는 코끼리가 산다 내인생의책";""
188;"callor@callor.com";"2019-07-27";"12:19:29";"노란우산 읽";"[노란우산 읽기책 1]꼬리 두 개 달린 인어이야기 노란우산";""
189;"callor@callor.com";"2019-10-21";"10:30:27";"동화는 내친";"[동화는 내친구 70]파블로와 두 할아버지 논장";""
190;"callor@callor.com";"2017-12-04";"14:48:34";"놀 청소년문";"[놀 청소년문학 11]우리 둘뿐이다 놀";""
191;"callor@callor.com";"2019-10-03";"14:19:36";"놀 청소년문";"[놀 청소년문학 24]오월의 충치 놀";""
192;"callor@callor.com";"2019-05-30";"11:10:03";"첫 키스는 사";"첫 키스는 사과 맛이야 1 - 사춘기를 위한 우리나라 대표 성장시 놀";""
193;"callor@callor.com";"2019-05-30";"16:13:50";"첫 키스는 사";"첫 키스는 사과 맛이야 2 - 사춘기를 위한 아름다운 영미 성장시 놀";""
194;"callor@callor.com";"2019-11-25";"15:47:58";"불꽃놀이와 유";"불꽃놀이와 유리구슬 느낌이있는책";""
195;"callor@callor.com";"2019-01-26";"14:37:07";"느림보 그림";"[느림보 그림책 37]작은 상자 말 느림보";""
196;"callor@callor.com";"2019-02-25";"13:41:11";"느림보 그림";"[느림보 그림책 38]찬다 삼촌 느림보";""
197;"callor@callor.com";"2019-07-09";"11:45:44";"오늘의 청소";"[오늘의 청소년 문학 2]뛰어, 뛰어! 다른";""
198;"callor@callor.com";"2019-06-20";"17:08:35";"상상도서관 ";"[상상도서관 2]연두와 푸른결계 다림";""
199;"callor@callor.com";"2019-11-14";"16:00:07";"지구촌 아이들";"지구촌 아이들 - 세상을 바꾸는 작은 이야기 담푸스";""
200;"callor@callor.com";"2019-03-14";"12:36:47";"꿈꾸는돌 3";"[꿈꾸는돌 3]그해 봄은 더디게 왔다 돌베개";""
201;"callor@callor.com";"2019-11-14";"15:27:38";"꿈꾸는돌 6";"[꿈꾸는돌 6]블루베리 잼을 만드는 계절 돌베개";""
202;"callor@callor.com";"2019-04-19";"15:49:41";"우리 고전 ";"[우리 고전 100선 17]허균 선집 - 나는 나의 법을 따르겠다 돌베개";""
203;"callor@callor.com";"2019-01-06";"09:31:54";"나는 개다";"나는 개다 동산사";""
204;"callor@callor.com";"2019-07-23";"14:32:54";"문 뒤에서";"문 뒤에서 동산사";""
205;"callor@callor.com";"2019-10-29";"12:40:58";"괜찮아, 괜";"[괜찮아, 괜찮아 3]누구나 공주님 두레아이들";""
206;"callor@callor.com";"2019-03-14";"17:15:03";"잠재력 향상";"[잠재력 향상 프로젝트 3]마리아의 새친구 드림피그";""
207;"callor@callor.com";"2019-03-23";"12:29:29";"VivaVi";"[VivaVivo 15]메모리 보이 - 한 소년의 기억이 모험이 되었다 뜨인돌";""
208;"callor@callor.com";"2019-07-08";"15:02:40";"VivaVi";"[VivaVivo 16]모든 일의 발단은, 고양이 뜨인돌";""
209;"callor@callor.com";"2019-06-19";"16:51:33";"넝쿨동화 2";"[넝쿨동화 2]명랑한 씨와 유쾌한 씨 뜨인돌어린이";""
210;"callor@callor.com";"2019-02-14";"12:59:44";"동시는 똑똑해";"동시는 똑똑해 뜨인돌어린이";""
211;"callor@callor.com";"2019-08-19";"11:23:36";"사진아 시가 ";"사진아 시가 되라 - 닭털주 샘과 아이들이 만들어가는 시(詩) 수업 이야기 리더스가이드";""
212;"callor@callor.com";"2019-10-28";"10:49:25";"꼬리가 보이";"[꼬리가 보이는 그림책 7]양철곰 리젬";""
213;"callor@callor.com";"2017-12-24";"16:23:01";"리틀씨앤톡 ";"[리틀씨앤톡 그림책 1]100개의 눈사람 리틀씨앤톡";""
214;"callor@callor.com";"2019-12-30";"16:45:51";"맹&앵 동화";"[맹&앵 동화책 10]채소학교의 괴짜 친구들 맹앤앵";""
215;"callor@callor.com";"2017-12-08";"16:56:36";"문지 푸른 ";"[문지 푸른 문학]십자매 기르기 문학과지성사";""
216;"callor@callor.com";"2019-04-07";"11:28:58";"문지 푸른 ";"[문지 푸른 문학]우리들의 자취 공화국 문학과지성사";""
217;"callor@callor.com";"2019-05-24";"09:18:58";"문지아이들 ";"[문지아이들 119]황금 깃털 문학과지성사";""
218;"callor@callor.com";"2019-09-29";"16:15:06";"문지아이들 ";"[문지아이들 123]내일을 향해 깡통을 차라! 문학과지성사";""
219;"callor@callor.com";"2019-02-09";"14:41:49";"문지아이들";"[문지아이들]맨홀장군 한새 1 문학과지성사";""
220;"callor@callor.com";"2019-02-09";"14:24:18";"문지아이들";"[문지아이들]맨홀장군 한새 2 문학과지성사";""
221;"callor@callor.com";"2019-05-30";"14:30:14";"문학동네 동";"[문학동네 동시집 22]나만 알래 문학동네";""
222;"callor@callor.com";"2019-01-10";"15:19:21";"문학동네청소";"[문학동네청소년 12]검은개들의 왕 문학동네";""
223;"callor@callor.com";"2017-12-06";"17:03:40";"마이볼";"마이볼 문학동네";""
224;"callor@callor.com";"2019-10-04";"16:35:56";"청소년걸작선";"[청소년걸작선 26]남쪽 섬 티오 미래인";""
225;"callor@callor.com";"2019-09-23";"12:56:17";"미세기 고학";"[미세기 고학년 도서관 7]할아버지의 방 미세기";""
226;"callor@callor.com";"2019-04-07";"16:30:21";"미세기 저학";"[미세기 저학년 도서관 3]멍청한 두덕 씨와 왕도둑 미세기";""
227;"callor@callor.com";"2017-12-21";"12:59:14";"별다섯 인생";"별다섯 인생 바다출판사";""
228;"callor@callor.com";"2019-08-12";"09:13:36";"쓰나미의 아이";"쓰나미의 아이들 - 재난이 휩쓸고 갈 수 없는 것들에 관한 이야기 바다출판사";""
229;"callor@callor.com";"2019-09-29";"14:40:57";"높새바람 2";"[높새바람 28]도대체 공부가 뭐야? 바람의아이들";""
230;"callor@callor.com";"2019-05-24";"12:21:19";"돌개바람 3";"[돌개바람 30]명탐견 오드리 바람의아이들";""
231;"callor@callor.com";"2019-02-18";"11:27:19";"반올림 29";"[반올림 29]나는 사고 싶지 않을 권리가 있다 바람의아이들";""
232;"callor@callor.com";"2019-05-04";"12:01:05";"알맹이 그림";"[알맹이 그림책 27]행복한 학교 바람의아이들";""
233;"callor@callor.com";"2019-04-08";"14:46:50";"바우솔 작은";"[바우솔 작은 어린이 15]수요일의 눈물 바우솔";""
234;"callor@callor.com";"2019-06-14";"15:03:08";"아이스토리빌";"[아이스토리빌 12]공을차라 공찬희! 밝은미래";""
235;"callor@callor.com";"2019-10-24";"11:19:13";"아이스토리빌";"[아이스토리빌 13]가가의 아주 특별한 집 밝은미래";""
236;"callor@callor.com";"2019-08-03";"11:13:51";"베틀북 철학";"[베틀북 철학 동화 15]나는 어린이입니다  베틀북";""
237;"callor@callor.com";"2019-03-25";"11:09:57";"달마중 1";"[달마중 1]뽀스락 왕자 별숲";""
238;"callor@callor.com";"2019-09-14";"12:39:13";"별숲 동화 ";"[별숲 동화 마을 2]치우 탐정단이 달려간다 별숲";""
239;"callor@callor.com";"2019-02-15";"15:31:31";"아름다운 청";"[아름다운 청소년 5]난 잡히지 않겠다 별숲";""
240;"callor@callor.com";"2019-06-22";"10:40:13";"아름다운 청";"[아름다운 청소년 7]자유를 향한 머나먼 질주 42.195km 별숲";""
241;"callor@callor.com";"2019-10-17";"11:41:34";"보리 어린이";"[보리 어린이 25]내가 미운 날 보리";""
242;"callor@callor.com";"2019-05-10";"09:29:45";"살아 있는 ";"[살아 있는 교육 28]꽁당 보리밥 - 가난한 삶에서 피어난 어머니들의 이야기꽃 보리";""
243;"callor@callor.com";"2019-05-10";"12:15:48";"살아 있는 ";"[살아 있는 교육 29]찔레꽃  보리";""
244;"callor@callor.com";"2019-07-04";"11:30:00";"보림문학선 ";"[보림문학선 9]파란 수염 생쥐 미라이 보림";""
245;"callor@callor.com";"2019-02-23";"14:12:02";"진경문고신";"[진경문고]신라인의 마음 신라인의 노래 - 이야기와 함께 만나는 향가의 세계  보림출판사";""
246;"callor@callor.com";"2019-03-19";"16:36:21";"청소년문학 ";"[청소년문학 보물창고 22 ]두근두근 첫사랑 보물창고";""
247;"callor@callor.com";"2019-03-29";"15:41:44";"봄나무 문학";"[봄나무 문학선 15]그림자 아이들 5. 두려움과 싸우는 아이들 봄나무";""
248;"callor@callor.com";"2019-07-29";"16:05:44";"봄나무 문학";"[봄나무 문학선 16]그림자 아이들 6. 인구 경찰이 된 아이들 봄나무";""
249;"callor@callor.com";"2019-10-24";"09:05:07";"봄나무 문학";"[봄나무 문학선 18]그림자 아이들 7. 자유를 찾은 아이들 봄나무";""
250;"callor@callor.com";"2019-02-02";"16:21:04";"봄나무 문학";"[봄나무 문학선]나쁜 초콜릿 - 누가 이 아이들의 행복을 빼앗아 갔을까? 봄나무";""
251;"callor@callor.com";"2019-09-08";"09:52:06";"봄나무 문학";"[봄나무 문학선]한 손의 투수 - 왼손이 없는 게 아니야, 조금 특별한 오른손이 있을 뿐 봄나무";""
252;"callor@callor.com";"2019-01-12";"14:36:47";"봄봄 어린이";"[봄봄 어린이 7]제비야 날아라 봄봄";""
253;"callor@callor.com";"2019-08-10";"10:17:24";"우리나라 그";"[우리나라 그림책 10]울산에 없는 울산바위 봄봄";""
254;"callor@callor.com";"2019-06-29";"14:49:22";"우리나라 그";"[우리나라 그림책 9]감은장아기 봄봄";""
255;"callor@callor.com";"2019-11-04";"15:18:23";"고래바위 - ";"고래바위 - 꿈은 어떻게 이루어지는가 북극곰";""
256;"callor@callor.com";"2019-08-30";"17:47:24";"나비가 되고 ";"나비가 되고 싶어 북극곰";""
257;"callor@callor.com";"2019-08-18";"17:53:41";"스토리 콜렉";"[스토리 콜렉터 11]반짝반짝 추억전당포 북로드";""
258;"callor@callor.com";"2019-04-08";"11:31:13";"바다로 간 ";"[바다로 간 달팽이 1]난 아프지 않아 - 청소년 테마 소설집 북멘토";""
259;"callor@callor.com";"2019-06-07";"17:05:29";"바다로 간 ";"[바다로 간 달팽이 1]비보이 스캔들 북멘토";""
260;"callor@callor.com";"2019-03-15";"12:49:36";"북멘토 가치";"[북멘토 가치 동화 3]여우의 화원 북멘토";""
261;"callor@callor.com";"2019-11-29";"10:03:08";"나의 특별한 ";"나의 특별한 장소 북뱅크";""
262;"callor@callor.com";"2019-05-24";"13:12:30";"야누슈 코르착";"야누슈 코르착 - 어린이 권리 조약의 아버지 북뱅크";""
263;"callor@callor.com";"2019-03-29";"14:54:25";"북비다문화 ";"[북비다문화 2]아라비안 나이트 북비";""
264;"callor@callor.com";"2019-07-29";"11:15:33";"자연과 친구되";"자연과 친구되는 시쓰기 - 자연과 생명을 있는 그대로 보고 느끼면서 시로 표현하는 16가지 방법 북센스";""
265;"callor@callor.com";"2019-03-19";"14:50:35";"소중한 가치";"[소중한 가치 학교 4]경민이의 아주 특별한 친구 북스토리아이";""
266;"callor@callor.com";"2019-06-30";"17:36:38";"우리 아이 ";"[우리 아이 인성교육 시리즈 5]마법의 가면 불광출판사";""
267;"callor@callor.com";"2019-03-04";"09:10:40";"난 책읽기가";"[난 책읽기가 좋아-2단계(초등1,2학년) 47]캡슐 마녀의 수리수리 약국 비룡소";""
268;"callor@callor.com";"2019-04-29";"12:17:13";"블루픽션 6";"[블루픽션 61]개 같은 날은 없다 비룡소";""
269;"callor@callor.com";"2019-06-10";"11:40:39";"블루픽션 6";"[블루픽션 63]명탐정의 아들 비룡소";""
270;"callor@callor.com";"2019-02-25";"09:47:14";"비룡소 걸작";"[비룡소 걸작선 19]별이 된 소년 비룡소";""
271;"callor@callor.com";"2019-02-07";"17:24:24";"비룡소의 그";"[비룡소의 그림동화 219]빕스의 엉뚱한 소원 비룡소";""
272;"callor@callor.com";"2017-11-13";"09:33:28";"일공일삼 7";"[일공일삼 75]그 애가 나를 보고 웃다 비룡소";""
273;"callor@callor.com";"2019-01-28";"12:29:21";"일공일삼 7";"[일공일삼 77]말하는 까만 돌 비룡소";""
274;"callor@callor.com";"2019-07-19";"15:58:04";"일공일삼 8";"[일공일삼 80]맹꽁이 원정대, 몽골로 가다 비룡소";""
275;"callor@callor.com";"2019-02-13";"12:37:48";"가시고백";"가시고백 비룡소";""
276;"callor@callor.com";"2019-05-30";"10:05:50";"사계절 13";"[사계절 1318문고 77]유랑극단 사계절출판사";""
277;"callor@callor.com";"2019-09-02";"12:52:57";"사계절 13";"[사계절 1318문고 79]우주 비행 사계절출판사";""
278;"callor@callor.com";"2019-12-29";"13:07:55";"사계절 13";"[사계절 1318문고 81]진실 게임 사계절출판사";""
279;"callor@callor.com";"2019-05-11";"12:58:32";"초등학생이 ";"[초등학생이 보는 그림책 26]꿈꾸는 징검돌 - 화가 박수근 이야기 사계절출판사";""
280;"callor@callor.com";"2019-11-08";"10:09:01";"초등학생이 ";"[초등학생이 보는 그림책 27]블룸카의 일기 사계절출판사";""
281;"callor@callor.com";"2019-09-29";"14:02:01";"평화그림책 ";"[평화그림책 5]내 목소리가 들리나요  사계절출판사";""
282;"callor@callor.com";"2019-07-28";"14:53:47";"사파리 마스";"[사파리 마스터피스 1]빈센트의 비밀 노트 사파리";""
283;"callor@callor.com";"2019-11-08";"13:38:55";"비밀의 숲 테";"비밀의 숲 테라비시아 사파리";""
284;"callor@callor.com";"2019-02-28";"11:43:36";"산하세계문학";"[산하세계문학 1]아르베 - 나는 어떻게 투명인간이 되었나? 산하";""
285;"callor@callor.com";"2019-05-04";"10:02:19";"살림 3.4";"[살림 3.4학년 창작동화 4]난 너무 잘났어! 살림어린이";""
286;"callor@callor.com";"2019-04-10";"14:42:56";"딩크던컨과 ";"[딩크던컨과 미스터리 수사대1]사라진 미라 삼성출판사";""
287;"callor@callor.com";"2019-05-10";"14:02:52";"딩크던컨과 ";"[딩크던컨과 미스터리 수사대2]드라큘라의 휴가 삼성출판사";""
288;"callor@callor.com";"2019-12-23";"12:45:08";"마음속 그림";"[마음속 그림책 4]크리스마스 선인장 상상의힘";""
289;"callor@callor.com";"2019-09-16";"10:08:01";"상상의힘 청";"[상상의힘 청소년문고 1]무옥이 상상의힘";""
290;"callor@callor.com";"2019-10-05";"17:07:09";"샘터어린이문";"[샘터어린이문고 29]그 고래, 번개 샘터";""
291;"callor@callor.com";"2019-11-28";"11:18:01";"샘터어린이문";"[샘터어린이문고 31]길을 찾는 아이들 - 초등학생들이 만든 제주 곽금올레 샘터";""
292;"callor@callor.com";"2019-03-11";"10:14:02";"세용그림동화";"[세용그림동화 8]치즈를 찾아서 세용";""
293;"callor@callor.com";"2019-05-14";"11:05:58";"아빠랑 은별";"(아빠랑 은별이랑)섬진강 그림여행 소년한길";""
294;"callor@callor.com";"2019-05-25";"15:59:46";"저학년 어린";"[저학년 어린이를 위한 인성동화 16 정직]꼬리 달린 거짓말 소담주니어";""
295;"callor@callor.com";"2019-10-24";"14:32:43";"깨강정 문고";"[깨강정 문고 1]부엉이 아파트 스푼북";""
296;"callor@callor.com";"2019-07-04";"15:54:51";"시공 청소년";"[시공 청소년 문학 49]너를 위한 50마일 시공사";""
297;"callor@callor.com";"2019-05-29";"17:54:18";"시공 청소년";"[시공 청소년 문학 50]개님전 시공사";""
298;"callor@callor.com";"2019-04-14";"13:19:10";"시공주니어 ";"[시공주니어 문고 2단계 70]꿈을 향해 스타 오디션 시공주니어";""
299;"callor@callor.com";"2019-11-01";"10:52:58";"수납장 속의 ";"수납장 속의 인디언 아롬주니어";""
300;"callor@callor.com";"2019-05-19";"17:39:38";"쏙쏙 뽑은 ";"[쏙쏙 뽑은 교과서 옛이야기 3]거울 소동 아이세움";""
301;"callor@callor.com";"2019-04-08";"13:12:06";"익사이팅 북";"[익사이팅 북스 47]열두 살의 나이테 아이세움";""
302;"callor@callor.com";"2019-01-23";"15:57:47";"아이앤북 문";"[아이앤북 문학나눔 1]하이퐁 세탁소 아이앤북";""
303;"callor@callor.com";"2019-05-10";"09:32:48";"아이앤북 창";"[아이앤북 창작동화 33]우리 동네 나쁜 놈 아이앤북";""
304;"callor@callor.com";"2019-04-04";"14:17:50";"카르페디엠 ";"[카르페디엠 29]원예반 소년들 양철북";""
305;"callor@callor.com";"2019-08-01";"09:43:44";"카르페디엠 ";"[카르페디엠 31]첫사랑 양철북";""
306;"callor@callor.com";"2019-03-16";"14:42:16";"오래된 약속";"오래된 약속 양철북";""
307;"callor@callor.com";"2019-02-09";"14:19:53";"톨스토이와 행";"톨스토이와 행복한 하루 에디터";""
308;"callor@callor.com";"2019-02-14";"12:17:36";"엘빅미디어 ";"[엘빅미디어 저학년 문고 1]아홉 살 엄마 - 거꾸로 가는 시계 엘빅미디어";""
309;"callor@callor.com";"2019-07-19";"10:09:32";"날개달린 그";"[날개달린 그림책방 10]세쿼이아 여유당";""
310;"callor@callor.com";"2019-12-24";"13:36:25";"날개달린 그";"[날개달린 그림책방 12]날아라, 연아 여유당";""
311;"callor@callor.com";"2019-04-29";"16:37:16";"우리 집 가훈";"우리 집 가훈은 잘먹고 잘살기 예림당";""
312;"callor@callor.com";"2017-12-09";"09:08:40";"우리같이 청";"[우리같이 청소년문고 8]거짓말쟁이 호머피그의 진짜 남북전쟁모험 우리같이";""
313;"callor@callor.com";"2019-06-10";"13:24:52";"우리같이 청";"[우리같이 청소년문고 8]이제 다시 시작이야 우리같이";""
314;"callor@callor.com";"2019-04-11";"11:14:52";"청소년을 위";"[청소년을 위한 소설심리클럽 테마1. 자아정체성]울고 있니 너? 우리학교";""
315;"callor@callor.com";"2019-04-11";"16:28:09";"청소년을 위";"[청소년을 위한 소설심리클럽 테마2. 성과 사랑]성, 스러운 그녀 우리학교";""
316;"callor@callor.com";"2019-08-02";"11:49:08";"청소년을 위";"[청소년을 위한 소설심리클럽 테마3. 관계와 소통]어쩌다 보니 왕따 우리학교";""
317;"callor@callor.com";"2019-07-04";"15:24:10";"우리 땅 우";"[우리 땅 우리 아이 3]날아라 현수야 웅진주니어";""
318;"callor@callor.com";"2019-05-31";"17:59:44";"작은 책마을";"[작은 책마을 33]내 이름은 모험을 끝내는 법 웅진주니어";""
319;"callor@callor.com";"2019-02-07";"17:12:59";"도서관 고양이";"도서관 고양이 듀이 웅진주니어";""
320;"callor@callor.com";"2019-03-14";"16:30:21";"몬스터 콜스";"몬스터 콜스 웅진주니어";""
321;"callor@callor.com";"2019-05-13";"12:04:25";"굿바이 안네 ";"굿바이 안네 - 60년 만에 발견한 안네 프랑크에 관한 새로운 이야기 이덴슬리벨";""
322;"callor@callor.com";"2019-11-14";"13:53:39";"레터북 23";"[레터북 23]독일인의 사랑 인디북";""
323;"callor@callor.com";"2019-07-14";"13:23:41";"톨스토이의 이";"톨스토이의 이솝우화 - 톨스토이가 다시 쓴 세계 최초의 고대우화 인디북";""
324;"callor@callor.com";"2019-01-04";"16:22:19";"자음과모음 ";"[자음과모음 청소년문학 10]정의의 이름으로 자음과모음";""
325;"callor@callor.com";"2019-02-16";"16:41:18";"자음과모음 ";"[자음과모음 청소년문학 12]다이어트 학교 자음과모음";""
326;"callor@callor.com";"2019-04-19";"13:50:18";"자음과모음 ";"[자음과모음 청소년문학 15]시간을 파는 상점 자음과모음";""
327;"callor@callor.com";"2019-03-07";"15:48:30";"작은숲 청소";"[작은숲 청소년 1]36.4℃ - 중고등학생이 직접 쓰고 뽑은 학생시 123 작은숲";""
328;"callor@callor.com";"2019-07-04";"16:51:24";"작은숲 청소";"[작은숲 청소년 2]싸움닭 샤모 작은숲";""
329;"callor@callor.com";"2019-06-14";"11:46:59";"100km";"100km 작은씨앗";""
330;"callor@callor.com";"2019-05-19";"10:55:35";"빛나는 우리";"[빛나는 우리 고전 그림책 시리즈 2]전우치전 장영(황제펭귄)";""
331;"callor@callor.com";"2019-08-25";"11:04:46";"달팽이의 숲 ";"달팽이의 숲 속 놀이터 점자";""
332;"callor@callor.com";"2019-10-09";"10:27:13";"정글짐 그림";"[정글짐 그림책 2]별명 그리는 아이 정글짐북스";""
333;"callor@callor.com";"2019-10-11";"16:31:50";"주니어김영사";"[주니어김영사 청소년 문학 1]죽음과 소녀 주니어김영사";""
334;"callor@callor.com";"2019-08-29";"09:54:28";"중학년을 위";"[중학년을 위한 한뼘도서관 23]말할까? 말까? 주니어김영사";""
335;"callor@callor.com";"2019-01-13";"11:32:32";"노엄의 세상 ";"노엄의 세상 - 포복절도, 이사 증후군 주니어북스";""
336;"callor@callor.com";"2019-03-29";"16:32:11";"우수문학상 ";"[우수문학상 수상 작가선 6]할아버지 말고 할머니 이야기 주니어중앙";""
337;"callor@callor.com";"2019-11-29";"16:13:33";"지혜가 자라";"[지혜가 자라는 그림책 3]선생님을 기억하는 나무 지혜정원";""
338;"callor@callor.com";"2019-04-08";"17:36:25";"신나는 책읽";"[신나는 책읽기 33]엄마 사용법 창비";""
339;"callor@callor.com";"2019-11-08";"15:28:28";"신나는 책읽";"[신나는 책읽기 35]개조심 창비";""
340;"callor@callor.com";"2019-07-22";"15:35:09";"창비 청소년";"[창비 청소년 문고 6]세상에서 가장 아름다워질 너에게 창비";""
341;"callor@callor.com";"2019-02-04";"17:30:10";"창비 청소년";"[창비 청소년 문학 41]남학생 자리 1 창비";""
342;"callor@callor.com";"2019-02-04";"17:20:22";"창비 청소년";"[창비 청소년 문학 42]남학생 자리 2 창비";""
343;"callor@callor.com";"2019-04-01";"14:26:08";"창비 청소년";"[창비 청소년 문학 43]두려움에게 인사하는 법 창비";""
344;"callor@callor.com";"2019-06-17";"14:13:03";"창비 청소년";"[창비 청소년 문학 44]1945, 철원 창비";""
345;"callor@callor.com";"2019-09-08";"10:14:04";"창비아동문고";"[창비아동문고 268]우리 동네 전설은 창비";""
346;"callor@callor.com";"2019-10-14";"09:33:42";"창비아동문고";"[창비아동문고 269]복수의 여신 창비";""
347;"callor@callor.com";"2019-07-04";"09:29:34";"채우리 저학";"[채우리 저학년 문고 52]기똥찬 사우루스가 나타났다 채우리";""
348;"callor@callor.com";"2019-04-29";"14:42:51";"책콩 그림책";"[책콩 그림책 17]왜 띄어 써야 돼? 책과콩나무";""
349;"callor@callor.com";"2019-06-08";"09:14:56";"책콩 그림책";"[책콩 그림책 19]친구를 사귀는 아주 특별한 방법 책과콩나무";""
350;"callor@callor.com";"2017-12-28";"13:17:16";"책콩 어린이";"[책콩 어린이 17]내일이면 아빠가 떠나 책과콩나무";""
351;"callor@callor.com";"2019-10-19";"17:50:38";"책콩 어린이";"[책콩 어린이 22]아름다운 아이 책과콩나무";""
352;"callor@callor.com";"2019-02-28";"15:03:42";"책콩 청소년";"[책콩 청소년 12]고양이가 내 체육복을 먹어 버렸어요 책과콩나무";""
353;"callor@callor.com";"2019-08-19";"12:41:04";"책콩 청소년";"[책콩 청소년 13]나는 앞으로도 살아간다 책과콩나무";""
354;"callor@callor.com";"2019-02-02";"12:09:55";"곰곰어린이 ";"[곰곰어린이 14]바이올리니스트가 되고 싶은 용 책속물고기";""
355;"callor@callor.com";"2019-08-03";"16:46:42";"곰곰어린이 ";"[곰곰어린이 17]시간을 만드는 방법 책속물고기";""
356;"callor@callor.com";"2019-04-05";"10:31:43";"그림책이 참";"[그림책이 참 좋아 6]놀자! 책읽는곰";""
357;"callor@callor.com";"2019-07-29";"15:53:56";"큰곰자리 5";"[큰곰자리 5]책 좀 빌려 줘유  책읽는곰";""
358;"callor@callor.com";"2019-07-08";"17:05:32";"바람 그림책";"[바람 그림책 6]천 개의 바람 천 개의 첼로 천개의바람";""
359;"callor@callor.com";"2019-05-24";"15:47:14";"선생님과 함께";"선생님과 함께 일기 쓰기 철수와영희";""
360;"callor@callor.com";"2019-10-06";"15:32:48";"올챙이문고 ";"[올챙이문고 저학년동화 15]쿰바의 꿈 청개구리";""
361;"callor@callor.com";"2019-09-20";"11:54:54";"가로세로그림";"[가로세로그림책 2]나는 빈 라덴이 아니에요! 초록개구리";""
362;"callor@callor.com";"2019-07-11";"16:55:09";"다릿돌 읽기";"[다릿돌 읽기]마법의 글짓기 크레용하우스";""
363;"callor@callor.com";"2019-06-10";"11:29:16";"청소년 오딧";"[청소년 오딧세이]내 인생의 드리블 크레용하우스";""
364;"callor@callor.com";"2019-05-30";"11:25:07";"다독다독 청";"[다독다독 청소년문고]나는 부모와 이혼했다 큰북작은북";""
365;"callor@callor.com";"2019-03-30";"14:29:57";"다독다독 청";"[다독다독 청소년문고]우리들의 선거 큰북작은북";""
366;"callor@callor.com";"2019-03-28";"09:14:07";"꽃의 요정 ";"꽃의 요정  키즈엠";""
367;"callor@callor.com";"2019-07-25";"11:37:53";"슬픔을 모으는";"슬픔을 모으는 셀레스탱  키즈엠";""
368;"callor@callor.com";"2019-08-29";"11:05:36";"탐 청소년문";"[탐 청소년문학 6]열다섯, 문을 여는 시간  탐";""
369;"callor@callor.com";"2019-11-10";"13:06:58";"사춘기 예찬 ";"사춘기 예찬 - 사춘기의 가치를 일깨우는 문학 멘토링 탐";""
370;"callor@callor.com";"2019-09-27";"11:26:06";"너른세상 그";"[너른세상 그림책]워낭소리 파란자전거";""
371;"callor@callor.com";"2019-07-14";"09:28:25";"세바퀴 저학";"[세바퀴 저학년 책읽기 10]무덤이 들썩들썩 귀신이 곡할 노릇 파란자전거";""
372;"callor@callor.com";"2019-01-14";"11:43:16";"스스로 읽는";"[스스로 읽는 성장 동화 13]스프링 다리 푸른날개";""
373;"callor@callor.com";"2019-10-28";"13:39:13";"마음이 자라";"[마음이 자라는 나무 31]열혈 돼지 전설 푸른숲주니어";""
374;"callor@callor.com";"2019-11-29";"17:00:34";"마음이 자라";"[마음이 자라는 나무 32]세상에서 가장 완벽한 교실 푸른숲주니어";""
375;"callor@callor.com";"2017-12-20";"14:06:23";"푸른숲 역사";"[푸른숲 역사 동화 2]옹주의 결혼식 푸른숲주니어";""
376;"callor@callor.com";"2019-12-09";"15:21:37";"푸른숲 역사";"[푸른숲 역사 동화 6]나는 비단길로 간다 푸른숲주니어";""
377;"callor@callor.com";"2019-02-07";"17:53:08";"미래의 고전";"[미래의 고전 27]사료를 드립니다 푸른책들";""
378;"callor@callor.com";"2019-06-03";"10:08:32";"미래의 고전";"[미래의 고전 28]내 친구는 외계인 푸른책들";""
379;"callor@callor.com";"2019-06-08";"15:28:58";"푸른도서관 ";"[푸른도서관 50]신기루 푸른책들";""
380;"callor@callor.com";"2019-09-19";"12:54:03";"푸른도서관 ";"[푸른도서관 53]까레이스키, 끝없는 방랑 푸른책들";""
381;"callor@callor.com";"2019-11-14";"15:17:55";"푸른도서관 ";"[푸른도서관 54]나는 랄라랜드로 간다 푸른책들";""
382;"callor@callor.com";"2019-11-03";"11:53:03";"소녀 성장 ";"[소녀 성장 백과 1]꼬마 통역사 풀빛미디어";""
383;"callor@callor.com";"2019-05-09";"11:49:07";"한겨레 높은";"[한겨레 높은학년동화 24]천사를 미워해도 되나요 한겨레아이들";""
384;"callor@callor.com";"2019-11-18";"15:16:44";"한겨레 높은";"[한겨레 높은학년동화 26]대장간 골목 - 세계의 숨은 걸작 2 : 체코 한겨레아이들";""
385;"callor@callor.com";"2017-12-17";"16:11:24";"메멘토 노라";"메멘토 노라 한겨레틴틴";""
386;"callor@callor.com";"2019-10-14";"12:23:57";"한림 고학년";"[한림 고학년문고 21]밤에 수영하는 아이들 한림출판사";""
387;"callor@callor.com";"2019-12-15";"10:43:20";"한림 고학년";"[한림 고학년문고 23]낙지가 돌아왔다 한림출판사";""
388;"callor@callor.com";"2019-05-30";"10:49:18";"이팔청춘, 2";"이팔청춘, 2막 23장 - 열여섯 살, 중3들의 책과 영화와 세상 이야기 한티재";""
389;"callor@callor.com";"2019-10-09";"11:43:30";"걸음동무 그";"[걸음동무 그림책 13]탁자는 탁자일 뿐일까? 해솔";""
390;"callor@callor.com";"2019-02-02";"12:04:54";"2학년 6반 ";"2학년 6반 고길희 선생님  현암사";""
391;"callor@callor.com";"2019-06-03";"13:42:21";"효리원 3.";"[효리원 3.4학년 창작 동화 시리즈 7]내가 이상합네까? 효리원";""
392;"callor@callor.com";"2019-09-23";"09:22:23";"교과서와 함";"(교과서와 함께 읽는)한국사 여행기 가문비어린이";""
393;"callor@callor.com";"2017-12-31";"15:48:43";"꼬마이실의 ";"[꼬마이실의 여성 인물 이야기 17](가르침을 통해 희망을 심은)교육자 꼬마이실";""
394;"callor@callor.com";"2019-05-24";"14:33:19";"이토록 아찔한";"이토록 아찔한 경성 - OBS 특별기획 세상을 움직이는 역사 꿈결";""
395;"callor@callor.com";"2019-11-20";"12:37:06";"세상을 빛낸";"[세상을 빛낸 위대한 여성]왕가리 마타이  나무처럼";""
396;"callor@callor.com";"2019-06-19";"17:34:15";"아마존에서 ";"(아마존에서 조선까지)고무 따라 역사 여행 너머학교";""
397;"callor@callor.com";"2019-06-19";"16:20:27";"재강이의 좌";"(재강이의 좌충우돌)한국사 달통기 1 - 선사 시대부터 고려 시대 노란상상";""
398;"callor@callor.com";"2019-06-19";"10:54:34";"재강이의 좌";"(재강이의 좌충우돌)한국사 달통기 2 - 조선 시대부터 현대 노란상상";""
399;"callor@callor.com";"2017-11-29";"16:10:26";"내셔널지오그";"[내셔널지오그래피 청소년 글로벌 교양지리 1]사라진 고대 문명 느낌이있는책";""
400;"callor@callor.com";"2019-11-08";"11:26:46";"세계사 가로";"[세계사 가로지르기 7]세상을 바꾼 길 다른";""
401;"callor@callor.com";"2019-10-31";"11:32:34";"16살, 절실";"16살, 절실한 꿈이 나를 움직인다 - 절망을 딛고 세계정상에 오른 작은 거인 신지애 이야기 다산에듀(다산북스)";""
402;"callor@callor.com";"2019-09-14";"09:05:59";"통 한국사 1";"통 한국사 1. 구석기에서 고려까지 다산에듀(다산북스)";""
403;"callor@callor.com";"2019-09-14";"16:25:58";"통 한국사 2";"통 한국사 2. 조선에서 현대까지 다산에듀(다산북스)";""
404;"callor@callor.com";"2019-10-05";"13:31:54";"도토리숲 그";"[도토리숲 그림책 1]평화를 꿈꾸는 도토리나무 도토리숲";""
405;"callor@callor.com";"2017-12-13";"10:36:55";"세상을 바꾼";"[세상을 바꾼 큰 걸음 만화 인물 평전 1]레오나르도 다빈치 : 르네상스를 꽃피운 위대한 상상력 돌베개";""
406;"callor@callor.com";"2019-04-18";"11:01:19";"세상을 바꾼";"[세상을 바꾼 큰 걸음 만화 인물 평전 5]루쉰 : 문학으로 잠자는 중국을 깨우다 돌베개";""
407;"callor@callor.com";"2019-12-05";"14:28:47";"장준하, 묻지";"장준하, 묻지 못한 진실 - 장준하 의문사 사건 조사관의 대국민 보고서 돌베개";""
408;"callor@callor.com";"2019-08-03";"09:49:21";"이미지와 스";"(이미지와 스토리텔링의 지리 여행)세계 지리를 보다 1. 세계 자연.인문.환경, 아시아 리베르스쿨";""
409;"callor@callor.com";"2019-08-08";"11:40:35";"이미지와 스";"(이미지와 스토리텔링의 지리 여행)세계 지리를 보다 2. 유럽, 서남아시아 리베르스쿨";""
410;"callor@callor.com";"2019-08-08";"09:42:41";"이미지와 스";"(이미지와 스토리텔링의 지리 여행)세계 지리를 보다 3. 아메리카, 아프리카, 오세아니아 리베르스쿨";""
411;"callor@callor.com";"2019-03-05";"12:36:33";"교과서 쏙 ";"[교과서 쏙 한국사 들여다보기 5]우리 조상의 유배 이야기 리젬";""
412;"callor@callor.com";"2019-08-17";"09:04:17";"자랑스런 우";"[자랑스런 우리 문화 7]백발백중 우리 민족 활시위를 당겨라 마루벌";""
413;"callor@callor.com";"2019-09-16";"13:04:43";"청소년 롤모";"[청소년 롤모델 시리즈 14. 정명훈]한국인의 열정으로 세계를 지휘하라  명진출판 ";""
414;"callor@callor.com";"2019-04-25";"10:06:07";"문학동네 세";"[문학동네 세계 인물 그림책 8]왕가리 마타이 - 아프리카에 3천만 그루의 나무를 심은 노벨 평화상 수상자  문학동네";""
415;"callor@callor.com";"2019-11-21";"13:54:30";"그레이트 피";"[그레이트 피플 2]마틴 루서 킹의 마이크 밝은미래";""
416;"callor@callor.com";"2019-04-11";"15:26:54";"더 나은 세";"[더 나은 세상을 꿈꾸는 보리 한국사 1]선조, 나는 이렇게 본다 보리";""
417;"callor@callor.com";"2019-10-04";"14:56:25";"더 나은 세";"[더 나은 세상을 꿈꾸는 보리 한국사 2]문체반정, 나는 이렇게 본다 보리";""
418;"callor@callor.com";"2019-05-19";"15:20:54";"작은 역사 ";"[작은 역사 1]한양 1770 보림";""
419;"callor@callor.com";"2019-07-04";"09:29:34";"고만녜 - 백";"고만녜 - 백 년 전 북간도 이야기 보림";""
420;"callor@callor.com";"2019-12-09";"13:51:38";"누가 티라노사";"누가 티라노사우루스를 발견했을까? 봄나무";""
421;"callor@callor.com";"2019-11-07";"15:51:53";"아홉 살 멘";"[아홉 살 멘토 시리즈]아홉 살 진로 멘토 - 초등학생을 위한 직업으로 보는 인물 이야기 북멘토";""
422;"callor@callor.com";"2019-01-04";"13:40:14";"역사인물도서";"[역사인물도서관 1]김근태 이야기 - 당신이 옳았습니다 북멘토";""
423;"callor@callor.com";"2019-09-29";"17:54:31";"작은 용기, ";"작은 용기, 세상을 바꾸다 - 불평등, 불의, 폭력에 맞선 사람들 북스코프";""
424;"callor@callor.com";"2019-08-24";"12:54:24";"나의 소원 -";"나의 소원 - 마음 좋은 사람, 백범 김구 비움과채움";""
425;"callor@callor.com";"2019-01-28";"11:36:50";"1318교양";"[1318교양문고]동에 번쩍 서에 번쩍 세계 지리 이야기 사계절출판사";""
426;"callor@callor.com";"2019-02-05";"16:54:01";"역사일기 7";"[역사일기 7 조선 전기]백발백중 명중이, 무관을 꿈꾸다 사계절출판사";""
427;"callor@callor.com";"2019-07-07";"13:30:15";"역사일기 8";"[역사일기 8 조선 후기]얼음 장수 엄기둥, 한양을 누비다 사계절출판사";""
428;"callor@callor.com";"2019-12-09";"13:16:49";"역사일기 9";"[역사일기 9 일제 강점기]부산 소학생 영희, 경성행 기차를 타다 사계절출판사";""
429;"callor@callor.com";"2019-12-29";"14:22:09";"징검다리 역";"[징검다리 역사책 2]기이한 책장수 조신선 사계절출판사";""
430;"callor@callor.com";"2019-05-11";"12:12:18";"용선생의 시끌";"용선생의 시끌벅적 한국사 세트 - 전8권 사회평론";""
431;"callor@callor.com";"2019-03-07";"09:29:52";"얘들아, 백제";"얘들아, 백제 여행 떠나 볼래? - 서울.공주.부여를 지나 일본까지 살림어린이";""
432;"callor@callor.com";"2019-01-19";"15:42:20";"남도의 기억을";"남도의 기억을 걷다 - 노성태의 ""시대와 소통하는 인물역사기행"""" 살림터""";""
433;"callor@callor.com";"2019-09-16";"10:49:30";"답사 바로하";"[답사 바로하기 역사 바로보기 11]우리 아이 첫 남한강 여행 - 검룡소에서 두물머리까지 삼성당";""
434;"callor@callor.com";"2019-11-09";"12:46:35";"샘터 솔방울";"[샘터 솔방울 인물 10]고고학자 손보기 - 우리 역사를 손보기 해 드립니다 샘터";""
435;"callor@callor.com";"2019-06-23";"11:36:17";"샘터 솔방울";"[샘터 솔방울 인물 9]실패의 전문가들 - 우리 시대의 멘토들이 들려 주는 위대한 실패 이야기 샘터";""
436;"callor@callor.com";"2019-11-28";"16:52:29";"생각을 담는";"[생각을 담는 역사 5]순간포착! 한국사명장면 1 - 삼국과 고려시대 생각을담는어린이";""
437;"callor@callor.com";"2019-10-19";"12:55:54";"책상위교양 ";"[책상위교양 22]어메이징 한국사 서해문집";""
438;"callor@callor.com";"2019-10-19";"10:07:43";"책상위교양 ";"[책상위교양 23]어메이징 세계사 서해문집";""
439;"callor@callor.com";"2019-06-03";"12:39:07";"14인의 책 ";"14인의 책 - 한국 현대사를 말하다 서해문집";""
440;"callor@callor.com";"2019-08-02";"11:18:44";"신나게 놀고";"(신나게 놀고 쉽게 공부하는)교과서 문학기행 소란";""
441;"callor@callor.com";"2019-08-08";"09:53:12";"스코프 누구";"[스코프 누구누구 시리즈 12]박영석, 세계의 지붕이 된 산사나이 스코프";""
442;"callor@callor.com";"2017-12-20";"16:26:56";"스코프 누구";"[스코프 누구누구 시리즈 9]창의력 소년 송승환, 세상을 난타하다 스코프";""
443;"callor@callor.com";"2019-11-14";"13:34:20";"1 대 10";"[1 대 100 시리즈 1]1 대 100 : 요리 에드워드 권 - 초등학생 100명이 묻고 최고의 전문가가 답하다 스콜라";""
444;"callor@callor.com";"2019-05-19";"12:18:51";"시공주니어 ";"[시공주니어 어린이 교양서 31]위견전 - 인간을 깨우는 위대한 개들 시공주니어";""
445;"callor@callor.com";"2019-05-16";"11:57:00";"공부가 되는";"[공부가 되는 시리즈 37]공부가 되는 삼국유사 아름다운사람들";""
446;"callor@callor.com";"2019-05-30";"12:48:12";"공부가 되는";"[공부가 되는 시리즈 38]공부가 되는 삼국사기 아름다운사람들";""
447;"callor@callor.com";"2019-11-28";"17:19:49";"공부가 되는";"[공부가 되는 시리즈 41]공부가 되는 세계지리지도 아름다운사람들";""
448;"callor@callor.com";"2019-01-13";"17:49:32";"피플채널 1";"[피플채널 15]주시경 아리샘주니어";""
449;"callor@callor.com";"2019-08-10";"16:45:32";"아이세움 배";"[아이세움 배움터 33]길따라 세계사 아이세움";""
450;"callor@callor.com";"2019-09-29";"10:34:31";"유물로 보는 ";"유물로 보는 새로운 역사 아이앤북";""
451;"callor@callor.com";"2019-10-06";"13:44:25";"지혜의 보물";"(지혜의 보물 창고)도서관의 역사 - 낙타에서 컴퓨터에 이르기까지 한없이 펼쳐지는 도서관 이야기 아카넷주니어";""
452;"callor@callor.com";"2019-11-08";"12:04:16";"세상을 쓰는 ";"세상을 쓰는 아이들 - 위대한 작가가 된 여섯 명의 아이들 아카넷주니어";""
453;"callor@callor.com";"2017-05-16";"10:25:45";"실크로드로 배";"실크로드로 배우는 세계역사 시리즈 세트 - 전10권 아카넷주니어";""
454;"callor@callor.com";"2019-04-18";"09:58:21";"양철북 인물";"[양철북 인물이야기 3 페스탈로치]세상을 바꾼 학교 양철북";""
455;"callor@callor.com";"2019-09-19";"17:20:04";"우리역사 가";"[우리역사 가까이 4]대한제국 가까이 어린른이";""
456;"callor@callor.com";"2019-07-20";"11:24:49";"재미있는 이";"[재미있는 이야기 살아있는 역사 15]우리 역사의 힘이 된 9가지 책 이야기 어린이작가정신";""
457;"callor@callor.com";"2019-01-16";"11:34:27";"아! 팔레스타";"아! 팔레스타인 1 - 만화로 보는 팔레스타인 역사 여우고개";""
458;"callor@callor.com";"2019-08-08";"14:19:09";"여유당 인물";"[여유당 인물산책 1]아스트리드 린드그렌 - 영원한 삐삐 롱스타킹 여유당";""
459;"callor@callor.com";"2019-04-19";"16:30:29";"아! 그렇구나";"아! 그렇구나 우리 역사 12. 근대 편 여유당";""
460;"callor@callor.com";"2019-12-23";"09:27:13";"조금은 삐딱한";"조금은 삐딱한 세계사 : 유럽편 역사의아침";""
461;"callor@callor.com";"2019-07-24";"09:12:42";"지식교양 모";"[지식교양 모든 3 아프리카]처음 만나는 아프리카 - 거꾸로 보는 검은 대륙의 역사 열다";""
462;"callor@callor.com";"2017-12-31";"15:26:26";"지도 없이 ";"[지도 없이 떠나는 101일간의 세계 문화 역사 18]지도 없이 떠나는 101일간의 세계문화유산 영교출판";""
463;"callor@callor.com";"2019-08-29";"10:32:14";"DK 어린이";"[DK 어린이 백과]100 people 세상을 움직이다 예림당";""
464;"callor@callor.com";"2019-05-31";"12:02:03";"우리 인물 ";"[우리 인물 이야기 28](가야금 명인 황병기)딩덩 덩 둥덩 가야금 소리 들어 볼래? 우리교육";""
465;"callor@callor.com";"2019-07-05";"13:05:23";"어린이를 위";"(어린이를 위한)시골의사 박경철의 아름다운 동행 웅진주니어";""
466;"callor@callor.com";"2019-06-30";"10:35:54";"빛나는 유네";"[빛나는 유네스코 우리유산 8]수원 화성 - 정조의 꿈을 품은 성곽 웅진주니어";""
467;"callor@callor.com";"2019-06-10";"09:25:05";"역사 속 우";"[역사 속 우리 이야기 달마루 11]내가 진짜 조선의 멋쟁이 웅진주니어";""
468;"callor@callor.com";"2019-08-08";"14:21:43";"역사 속 우";"[역사 속 우리 이야기 달마루 12]더위야, 썩 물렀거라! 웅진주니어";""
469;"callor@callor.com";"2019-09-02";"17:17:49";"어우야담 - ";"어우야담 - 저잣거리에서 왕실까지, 조선 사람들의 생생한 삶 이야기 웅진주니어";""
470;"callor@callor.com";"2019-03-31";"12:29:34";"청소년평전 ";"[청소년평전 40]미디어 아트의 거장 백남준 자음과모음";""
471;"callor@callor.com";"2019-10-04";"12:04:15";"템플 그랜든 ";"템플 그랜든 - 자폐를 딛고 세상의 절반을 바꾼 동물학자 작은길";""
472;"callor@callor.com";"2019-10-04";"13:43:31";"누구나 알지";"[누구나 알지만 아무도 모르는 동서남북 우리 땅 2]일곱 빛깔 독도 이야기 조선북스";""
473;"callor@callor.com";"2019-09-03";"15:25:11";"저학년 한국";"[저학년 한국사 첫발 5]탑이 들려주는 이야기 한국사 조선북스";""
474;"callor@callor.com";"2019-11-25";"15:44:39";"사회와 친해";"[사회와 친해지는 책 : 역사]옛날 사람들은 어떻게 살았을까 2 - 도자기로 보는 조선 시대 삶과 예술 창비";""
475;"callor@callor.com";"2019-06-07";"11:00:50";"창비청소년문";"[창비청소년문고 5]식탁 위의 세계사 창비";""
476;"callor@callor.com";"2019-09-16";"11:31:53";"창비청소년문";"[창비청소년문고 7]살아있는 귀신 - 김시습과 금오신화 창비";""
477;"callor@callor.com";"2019-12-19";"10:08:51";"창비청소년문";"[창비청소년문고 8]한 폭의 한국사 - 우리 그림 보며 한국사 나들이 창비";""
478;"callor@callor.com";"2019-07-22";"16:43:35";"키스 동양의 ";"키스 동양의 창을 열다 - 영국 화가가 그린 아시아 1920~1940 책과함께";""
479;"callor@callor.com";"2019-08-12";"13:07:51";"고고학 생생";"(고고학 생생노트)땅에서 찾고 바다에서 건진 우리 역사 책과함께어린이";""
480;"callor@callor.com";"2019-01-18";"15:53:40";"남대문의 봄 ";"남대문의 봄 - 숭례문 600년 이야기 책과함께어린이";""
481;"callor@callor.com";"2019-02-23";"14:22:10";"할머니, 왜 ";"할머니, 왜 하필 열두 동물이에요? 책과함께어린이";""
482;"callor@callor.com";"2019-07-25";"13:46:14";"룰루랄라 우";"[룰루랄라 우리고전 우리역사 21](겨레의 문화와 전통을 꽃피운 나라)조선이야기1 청년사";""
483;"callor@callor.com";"2019-07-19";"09:21:35";"룰루랄라 우";"[룰루랄라 우리고전 우리역사 22](겨레의 문화와 전통을 꽃피운 나라)조선이야기2 청년사";""
484;"callor@callor.com";"2019-10-07";"15:30:37";"세상을 바꾼";"[세상을 바꾼 작은 씨앗 11]황혜성 우리의 맛을 세상에 알리다 청어람미디어";""
485;"callor@callor.com";"2019-05-30";"09:00:42";"세상을 바꾼";"[세상을 바꾼 작은 씨앗 9]책바보 한창기 우리 문화의 뿌리 깊은 나무가 되다 청어람미디어";""
486;"callor@callor.com";"2019-03-24";"14:22:49";"내가 꿈꾸는";"[내가 꿈꾸는 사람 3. 축구선수]메시, 축구는 키로 하는 게 아니야 탐";""
487;"callor@callor.com";"2019-05-10";"11:59:58";"역사속으로 ";"[역사속으로 숑숑 10]정조 임금님의 암살을 막아라 - 조선 후기 편 토토북";""
488;"callor@callor.com";"2019-03-04";"17:20:56";"역사속으로 ";"[역사속으로 숑숑 9]조선왕조실록을 사수하라 - 조선 중기 편 토토북";""
489;"callor@callor.com";"2019-03-14";"10:16:05";"옛날옛날에";"(옛날옛날에)산성 따라 굽이굽이 - 산성이 들려주는 설화 속 우리 역사 파란자전거";""
490;"callor@callor.com";"2019-01-11";"16:02:21";"가자! 역사";"[가자! 역사 속으로 3]대포가 된 홍길동, 전쟁의 역사를 배우다 파란자전거";""
491;"callor@callor.com";"2019-08-19";"15:46:39";"나도 조선의 ";"나도 조선의 백성이라고! - 조선을 지킨 여덟 천민 이야기 파란자전거";""
492;"callor@callor.com";"2019-07-11";"11:49:59";"거꾸로 읽는";"[거꾸로 읽는 책 35]저항하라! 세상의 벽을 향해 던진 연설 32 푸른나무";""
493;"callor@callor.com";"2019-09-28";"16:36:33";"배움가득 우";"[배움가득 우리 문화역사 7]어린이를 위한 한일 외교사 수업 풀과바람";""
494;"callor@callor.com";"2019-09-07";"17:17:12";"여행길에서 만";"여행길에서 만난 국립 박물관 - 가족과 함께 떠나는 국립박물관 12 풀빛";""
495;"callor@callor.com";"2019-11-20";"15:23:31";"어린이를 위한";"어린이를 위한 지도로 보는 한국사 1 - 구석기시대부터 후삼국시대까지 풀빛미디어";""
496;"callor@callor.com";"2019-11-20";"13:16:31";"어린이를 위한";"어린이를 위한 지도로 보는 한국사 2 - 고려시대부터 조선시대 중기까지 풀빛미디어";""
497;"callor@callor.com";"2019-11-20";"10:27:39";"어린이를 위한";"어린이를 위한 지도로 보는 한국사 3 - 조선시대 후기부터 현대까지 풀빛미디어";""
498;"callor@callor.com";"2019-03-07";"12:26:50";"한겨레 인물";"[한겨레 인물탐구 8]린드그렌 - 삐삐 롱스타킹의 탄생 한겨레아이들";""
499;"callor@callor.com";"2019-09-05";"16:33:19";"한겨레 인물";"[한겨레 인물탐구 9]공병우 - 한글을 사랑한 괴짜 의사 한겨레아이들";""
500;"callor@callor.com";"2019-07-09";"13:56:27";"왕의 목을 친";"왕의 목을 친 남자 - 프랑스 혁명의 두 얼굴, 사형집행인의 고백 한권의책";""
501;"callor@callor.com";"2017-11-26";"12:14:10";"교실 밖 엉";"[교실 밖 엉뚱 별난 역사]교실 밖 엉뚱 별난 한국사 한림출판사";""
502;"callor@callor.com";"2019-03-29";"14:11:15";"특종 20세기";"특종 20세기 한국사 2 - 일제 강점과 독립운동 한솔수북";""
503;"callor@callor.com";"2019-06-24";"17:03:33";"특종 20세기";"특종 20세기 한국사 3 - 해방과 한국전쟁 한솔수북";""
504;"callor@callor.com";"2019-10-18";"14:32:23";"특종 20세기";"특종 20세기 한국사 4 - 독재와 산업화 한솔수북";""
505;"callor@callor.com";"2019-01-19";"13:45:49";"특종 20세기";"특종 20세기 한국사 5 - 민주화와 통일로 한솔수북";""
506;"callor@callor.com";"2019-05-02";"15:25:32";"역사를 읊다,";"역사를 읊다, 서사시 대백제 함께읽는책";""
507;"callor@callor.com";"2019-08-12";"16:55:30";"세계 역사를 ";"세계 역사를 바꾼 말 한마디 - 세상을 움직인 인물들에게 듣는다! 해와나무";""
508;"callor@callor.com";"2019-06-19";"14:55:21";"2등을 기록하";"2등을 기록하는 역사책 현암사";""
509;"callor@callor.com";"2019-09-05";"10:25:26";"처음 읽는 인";"처음 읽는 인도사 - 다양함이 공존하는 매혹의 아대륙, 인도 휴머니스트";""
510;"callor@callor.com";"2019-09-26";"14:58:53";"귀신도 함께 ";"귀신도 함께 먹자, 고수레! - 내 아이에게 읽히고 싶은 도란도란 풍속 동화 휴먼어린이";""
511;"callor@callor.com";"2019-05-04";"12:54:41";"대한민국 독도";"대한민국 독도 교과서 - 어린이가 처음 만나는 독도 이야기 휴이넘";""
512;"callor@callor.com";"2019-06-29";"10:34:08";"이야기로 보는";"이야기로 보는 탐험 지도책 - 세계를 바꾼 놀라운 발견 휴이넘";""
513;"callor@callor.com";"2017-12-28";"09:07:54";"모나리자도 반";"모나리자도 반한 서양미술관 - 르네상스에서 20세기 미술까지 거인";""
514;"callor@callor.com";"2017-12-13";"17:42:49";"교과서 속 구";"교과서 속 구석구석 세계 명화 - 초등 교과서에서 뽑은 세계 명화 모음 계림북스";""
515;"callor@callor.com";"2019-02-08";"13:54:35";"걸작의 탄생";"[걸작의 탄생 2]세상에서 가장 유명한 해바라기 국민서관";""
516;"callor@callor.com";"2019-02-14";"16:41:04";"쉽게 따라 ";"(쉽게 따라 그리는)명화 그림책 그린북";""
517;"callor@callor.com";"2019-10-03";"13:39:08";"그림과 친해";"[그림과 친해지는 명화 톺아보기 2]역사는 왜 명화 속으로 들어갔을까? 낮은산";""
518;"callor@callor.com";"2019-03-14";"11:06:28";"청소년 문화";"[청소년 문화예술교육 1]학교에서 연극하자 - 우리들끼리 대본 보며 연극 만들기 다른";""
519;"callor@callor.com";"2019-02-23";"11:37:03";"아름답다! ";"[아름답다! 우리 옛 그림 1. 화훼영모.사군자화]선비의 향기, 그림으로 만나다 다섯수레";""
520;"callor@callor.com";"2019-11-19";"15:01:30";"아름답다! ";"[아름답다! 우리 옛 그림 2. 산수화]선비의 생각, 산수로 만나다 다섯수레";""
521;"callor@callor.com";"2019-11-24";"14:46:59";"그리스로마 ";"[그리스로마 명화신화 5]오디세우스 두리아이";""
522;"callor@callor.com";"2019-12-07";"10:40:16";"꿈을 주는 ";"[꿈을 주는 현대인물선 11]현대미술의 시작 마르셀 뒤샹 리젬";""
523;"callor@callor.com";"2019-01-03";"10:47:43";"전통공예그림";"[전통공예그림책 나비장석]화각 삼층장 이야기 보림";""
524;"callor@callor.com";"2019-05-06";"14:21:11";"사계절 지식";"[사계절 지식소설 4]수상한 화가들 - 즐거운 서양 미술사 시간 여행 사계절출판사";""
525;"callor@callor.com";"2019-09-12";"11:01:05";"한눈에 반한";"[한눈에 반한 미술관]한눈에 반한 민화 미술관 - 까치 호랑이에서 책거리까지 사계절출판사";""
526;"callor@callor.com";"2019-12-26";"15:39:40";"명화를 남긴 ";"명화를 남긴 최고의 화가들 사파리";""
527;"callor@callor.com";"2019-05-19";"15:58:09";"상상의집 지";"[상상의집 지식마당 6]고양이네 미술관 상상의집";""
528;"callor@callor.com";"2019-09-05";"09:02:51";"상수리 호기";"[상수리 호기심 도서관 21]영화 아는 만큼 보여요 - 영화의 역사와 제작 과정, 3D영화의 특성까지 상수리";""
529;"callor@callor.com";"2019-07-14";"14:35:16";"그룬트 할아버";"그룬트 할아버지의 7가지 초상화 새터";""
530;"callor@callor.com";"2019-06-08";"16:05:57";"모차르트 오마";"모차르트 오마주 - 모차르트의 선율, 시와 그림을 만나다 서해문집";""
531;"callor@callor.com";"2019-05-09";"17:42:18";"미술 속 시간";"미술 속 시간여행 소년한길";""
532;"callor@callor.com";"2017-06-07";"09:04:17";"미대 나와서 ";"미대 나와서 무얼 할까 1 - 살아 있는 12가지 직업 이야기 안그라픽스";""
533;"callor@callor.com";"2019-02-02";"12:05:22";"미대 나와서 ";"미대 나와서 무얼 할까 2 - 살아 있는 12가지 직업 이야기 안그라픽스";""
534;"callor@callor.com";"2019-07-08";"16:05:34";"자화상전展";"자화상전(展) - 거장들의 자화상으로 미술사를 산책하다 어바웃어북";""
535;"callor@callor.com";"2019-11-08";"14:35:49";"나도 바흐를 ";"나도 바흐를 즐길 수 있을까 - 클래식 음악, 천천히 깊이 듣는 즐거움 이랑";""
536;"callor@callor.com";"2019-05-04";"16:32:29";"주니어 음악";"[주니어 음악동화 1]백조의 호수 - 차이콥스키가 작곡한 발레 음악 주니어북스";""
537;"callor@callor.com";"2019-05-24";"09:06:03";"주니어 음악";"[주니어 음악동화 2]아이다 - 베르디가 작곡한 오페라 음악 주니어북스";""
538;"callor@callor.com";"2019-03-14";"15:18:57";"아무도 못 ";"[아무도 못 말리는 책읽기 시리즈 7]베토벤이 들려주는 두근두근 오케스트라 책빛";""
539;"callor@callor.com";"2019-12-14";"10:01:06";"그림책이 참";"[그림책이 참 좋아 9]뒤죽박죽 미술관 책읽는곰";""
540;"callor@callor.com";"2019-03-21";"12:23:00";"그림이 톡, ";"그림이 톡, 생각이 아하! - 사고력을 키우는 미술 감상 토토북";""
541;"callor@callor.com";"2019-03-10";"10:49:38";"예술톡피카";"[예술톡]피카소, 게르니카를 그리다 톡";""
542;"callor@callor.com";"2019-06-08";"12:52:15";"구석구석 우";"[구석구석 우리문화 4]낯설고도 친근한 우리 쇳대 - 소망과 지혜를 담은 우리 자물쇠  현암사 ";""
543;"callor@callor.com";"2019-01-07";"13:02:43";"우리 그림이 ";"우리 그림이 들려주는 사람 이야기  현암사 ";""
544;"callor@callor.com";"2019-03-09";"15:16:33";"우리 그림이 ";"우리 그림이 들려주는 자연 이야기  현암사 ";""
545;"callor@callor.com";"2017-12-07";"10:24:35";"청소년을 위";"[청소년을 위한 세상읽기 프로젝트 Why Not? 6] 나를 찾습니다 개마고원";""
546;"callor@callor.com";"2019-07-14";"14:07:47";"희망을 만드";"[희망을 만드는 법 5]나스린의 비밀학교 고래이야기";""
547;"callor@callor.com";"2019-08-29";"16:30:18";"청소년이 꼭";"[청소년이 꼭 알아야 할 글로벌리더 성공스토리 4]픽사 - 상상을 현실로 만들다 과학동아북스";""
548;"callor@callor.com";"2019-08-10";"17:42:34";"청소년이 꼭";"[청소년이 꼭 알아야 할 글로벌리더 성공스토리 3]위키피디아 - 세상의 모든 지식을 담다 과학동아북스";""
549;"callor@callor.com";"2019-01-06";"13:10:37";"청소년 벗";"[청소년 벗]외면하지 않을 권리 - 교과서에는 없는 세상을 만나다 교육공동체벗";""
550;"callor@callor.com";"2019-07-19";"11:03:24";"세계도시파노";"[세계도시파노라마 5]올림픽 국민서관";""
551;"callor@callor.com";"2017-11-29";"15:27:53";"길담서원 청";"[길담서원 청소년인문학교실-몸]몸, 태곳적부터의 이모티콘 궁리";""
552;"callor@callor.com";"2017-12-18";"14:38:16";"통 큰 어린";"[통 큰 어린이 인문학 시리즈 3]뭐, 돌멩이가 보물이라고? - 고고학자가 들려주는 어린이 고고학 이야기 그린북";""
553;"callor@callor.com";"2019-06-08";"11:55:20";"10대 너의 ";"10대 너의 배움에 주인이 되어라 글담";""
554;"callor@callor.com";"2019-01-29";"17:34:40";"착한 생각으로";"착한 생각으로 세상을 바꾼 사람들 글담어린이";""
555;"callor@callor.com";"2019-05-24";"10:43:01";"까짓것! 한번";"까짓것! 한번 해보는 거야 - 나만의 방식으로 세상에 출사표를 던진 20대 청년의 50개 직업 도전기 글담출판사";""
556;"callor@callor.com";"2019-10-14";"11:38:29";"너랑 나랑 ";"[너랑 나랑 더불어학교 8]어린이가 어린이를 돕는다 - 세계 어린이상 수상자들이 들려주는 인권 활동 이야기 길벗스쿨";""
557;"callor@callor.com";"2019-04-08";"16:02:10";"꿈결 청소년";"[꿈결 청소년 교양서 시리즈 꿈의비행 1]거북이는 왜 달리기 경주를 했을까? 꿈결";""
558;"callor@callor.com";"2019-07-01";"15:59:32";"꿈결 청소년";"[꿈결 청소년 교양서 시리즈 꿈의비행 2]십대를 위한 직업 콘서트 꿈결";""
559;"callor@callor.com";"2019-03-21";"14:50:43";"다른 게 나쁜";"다른 게 나쁜 건 아니잖아요 - SBS스페셜 아름다운 공존을 위한 다문화 이야기 꿈결";""
560;"callor@callor.com";"2019-11-07";"12:31:13";"책, 즐겁게 ";"책, 즐겁게 읽는 법 - 어린이에게 들려주는 여덟 가지 책 이야기 꿈꾸는꼬리연";""
561;"callor@callor.com";"2019-05-12";"11:29:03";"세더잘10";"[세더잘10]성형 수술, 외모지상주의의 끝은? 내인생의책";""
562;"callor@callor.com";"2019-08-01";"11:16:56";"세더잘11";"[세더잘11]사형제도, 과연 필요한가? 내인생의책";""
563;"callor@callor.com";"2019-03-18";"14:12:29";"세더잘8미";"[세더잘8]미디어의 힘, 견제해야 할까? 내인생의책";""
564;"callor@callor.com";"2019-02-23";"17:25:38";"너머학교 열";"[너머학교 열린교실 7]논다는 것 - 오늘 놀아야 내일이 열린다! 너머학교";""
565;"callor@callor.com";"2017-11-23";"10:25:39";"노란돼지 창";"[노란돼지 창작그림책 12]도깨비 살려! - 우리문화 이야기 : 마을과 집안을 지키는 신 노란돼지";""
566;"callor@callor.com";"2017-12-03";"15:01:35";"생각이 자라";"[생각이 자라는 말과 글 1]익은 말? 익은 말! 녹색지팡이";""
567;"callor@callor.com";"2019-03-08";"10:30:01";"너한테도 생길";"너한테도 생길 수 있는 일 - 학교폭력에 용기 있게 맞서기 다른";""
568;"callor@callor.com";"2019-07-22";"09:03:17";"I need";"[I need 시리즈 8](얘들아, 학교 가자!)별별 학교 지구촌 친구들 다림";""
569;"callor@callor.com";"2017-11-30";"12:00:35";"십대, 고수답";"십대, 고수답게 싸워라 - 내 삶에 태클 거는 분노 해결법 뜨인돌";""
570;"callor@callor.com";"2019-03-09";"14:34:58";"십대를 위한 ";"십대를 위한 재미있는 어휘 교과서 2 뜨인돌";""
571;"callor@callor.com";"2019-01-16";"11:17:31";"신나게 찍고";"(신나게 찍고 재밌게 쓰자!)사진 일기 쓰기 뜨인돌어린이";""
572;"callor@callor.com";"2019-05-20";"17:15:58";"속담왕 시리";"[속담왕 시리즈 4]속담골 받아쓰기 대회 - 속담골 삼총사 드디어 선생님이 되다! 뜨인돌어린이";""
573;"callor@callor.com";"2019-04-15";"16:08:44";"똑똑한 어린이";"똑똑한 어린이 어휘 교과서 뜨인돌어린이";""
574;"callor@callor.com";"2019-11-18";"09:16:01";"미래생각발전";"[미래생각발전소 7]믿음의 불편한 진실 종교 미래아이";""
575;"callor@callor.com";"2019-08-14";"11:23:29";"청소년을 위";"[청소년을 위한 LIVE 경제교실 2]경제기사 X-파일 미래의창";""
576;"callor@callor.com";"2019-11-07";"17:15:46";"청소년을 위";"[청소년을 위한 LIVE 경제교실 3]대한민국 경제사 미래의창";""
577;"callor@callor.com";"2019-05-04";"10:57:14";"미세기 교실";"[미세기 교실 밖 직업 체험 학교]처음 만나는 직업책 1 미세기";""
578;"callor@callor.com";"2019-04-30";"17:24:23";"평화 발자국";"[평화 발자국 10]먼지 없는 방 - 삼성반도체 공장의 비밀 보리";""
579;"callor@callor.com";"2019-04-30";"16:27:09";"평화 발자국";"[평화 발자국 9]사람 냄새 - 삼성에 없는 단 한 가지 보리";""
580;"callor@callor.com";"2019-02-14";"12:56:59";"전통문화 그";"[전통문화 그림책 솔거나라]엄마꼭지연 보림";""
581;"callor@callor.com";"2019-06-29";"13:48:10";"돈의 비밀 -";"돈의 비밀 - 돈으로 읽는 세계 경제 이야기 봄나무";""
582;"callor@callor.com";"2019-12-29";"09:09:55";"부키 전문직";"[부키 전문직 리포트 15]사서가 말하는 사서 - 21명의 사서들이 솔직하게 털어놓은 사서의 세계 부키";""
583;"callor@callor.com";"2019-12-05";"10:29:06";"어린이 성경";"어린이 성경 북극곰";""
584;"callor@callor.com";"2019-12-19";"11:03:21";"그들도 나처럼";"그들도 나처럼 소중하다 - 대한민국 최초의 인권대사 박경서 그가 들려주는 세계 인권 이야기 북로그컴퍼니";""
585;"callor@callor.com";"2019-08-29";"17:13:32";"14살 마음의";"14살 마음의 지도 - 부모님과 함께 하는 청소년 힐링캠프 북멘토";""
586;"callor@callor.com";"2019-05-09";"09:18:56";"통하면 아프지";"통하면 아프지 않다 - 우리 시대 소통 멘토에게 듣는 고군분투 청춘 고백  북스코프";""
587;"callor@callor.com";"2019-04-19";"17:59:03";"십대, 책에서";"십대, 책에서 길을 묻다 - 책에서 지혜와 삶, 꿈의 멘토를 만나다 북씽크";""
588;"callor@callor.com";"2019-12-23";"12:41:21";"주니어대학 ";"[주니어대학 3. 신문방송학]스마트폰이 세상을 바꾼다고? 비룡소";""
589;"callor@callor.com";"2019-08-26";"11:38:31";"사회는 쉽다 ";"사회는 쉽다 1 - 왕, 총리, 대통령 중 누가 가장 높을까? : 우리나라와 세계의 민주정치 비룡소";""
590;"callor@callor.com";"2019-10-24";"13:06:14";"사계절 지식";"[사계절 지식소설 8]뭘 해도 괜찮아 -꿈을 찾는 진로의 심리학 사계절출판사";""
591;"callor@callor.com";"2019-07-19";"17:09:31";"일과사람 1";"[일과사람 10 한의사]맥을 짚어 볼까요?  사계절출판사";""
592;"callor@callor.com";"2019-05-11";"14:45:53";"일과사람 8";"[일과사람 8 초등학교 선생님]얘들아, 학교 가자! 사계절출판사";""
593;"callor@callor.com";"2019-10-21";"09:27:28";"비정규 씨, ";"비정규 씨, 출근하세요? 사계절출판사";""
594;"callor@callor.com";"2019-04-11";"09:22:50";"나는 알아요";"[나는 알아요 6 놀라운 문화]박물관 사파리";""
595;"callor@callor.com";"2019-05-24";"14:02:46";"나는 알아요";"[나는 알아요 7 신나는 생활]집짓기 사파리";""
596;"callor@callor.com";"2019-04-06";"11:36:32";"산하 지식의";"[산하 지식의 숲 10]장애, 너는 누구니? 산하";""
597;"callor@callor.com";"2019-06-29";"13:20:54";"산하 지식의";"[산하 지식의 숲 11]맛있는 짜장면의 역사 산하";""
598;"callor@callor.com";"2019-12-24";"16:22:32";"산하 지식의";"[산하 지식의 숲 13]노벨 평화상 산하";""
599;"callor@callor.com";"2019-11-25";"14:09:43";"나는 대학에 ";"나는 대학에 가지 않았다 - 삶이 길이 되고 꿈이 땀이 된 고졸 청년들의 이유 있는 선택 살림Friends";""
600;"callor@callor.com";"2017-12-07";"10:27:55";"말이 세상을 ";"말이 세상을 아프게 한다 - 차별과 편견을 허무는 평등한 언어사용 설명서 살림Friends";""
601;"callor@callor.com";"2019-03-07";"14:31:36";"사회적 감수성";"사회적 감수성을 키우는 시민 교과서 - 사회 선생님이 들려주는 세금이야기 살림Friends";""
602;"callor@callor.com";"2019-03-29";"10:44:27";"상상의집 지";"[상상의집 지식마당 5]세상을 바꾼 착한 부자들 - 함께 사는 세상을 위한 나눔 상상의집";""
603;"callor@callor.com";"2019-12-07";"17:08:47";"상수리 호기";"[상수리 호기심 도서관 22]나도 저작권이 있어요! - 김기태 선생님의 교과서 속 저작권 이야기 상수리나무";""
604;"callor@callor.com";"2019-08-01";"11:08:39";"괜찮아, 이제";"괜찮아, 이제 걱정하지마 - 엄마가 쓴 어린이를 위한 심리 치료 편지 생각을담는어린이";""
605;"callor@callor.com";"2019-01-11";"16:24:44";"너는 커서 뭐";"너는 커서 뭐가 될래? - 10년 후 세상을 바꿀 아이들의 꿈 사전 소란";""
606;"callor@callor.com";"2019-12-02";"11:05:44";"스콜라 꼬마";"[스콜라 꼬마지식인 1]이웃집에는 어떤 가족이 살까? 스콜라";""
607;"callor@callor.com";"2019-10-21";"16:07:27";"십대들을 위";"[십대들을 위한 인성교과서]진정한 부 아름다운사람들";""
608;"callor@callor.com";"2019-08-16";"11:46:46";"십대들을 위";"[십대들을 위한 인성교과서]태도 아름다운사람들";""
609;"callor@callor.com";"2019-02-23";"16:41:17";"나의 고전 ";"[나의 고전 읽기 19]살기 좋은 세상을 향한 꿈 - 맹자 아이세움";""
610;"callor@callor.com";"2019-08-19";"11:05:57";"나의 고전 ";"[나의 고전 읽기 20]옛사람들의 세상 읽기 - 그리스 신화 아이세움";""
611;"callor@callor.com";"2019-04-19";"09:12:56";"아이세움 배";"[아이세움 배움터 32]주강현의 제주도 이야기 - 어린이 제주 인문서 아이세움";""
612;"callor@callor.com";"2019-09-24";"11:18:38";"우리알고 세";"[우리알고 세계보고 4]사람과 짐을 실어나르는 탈것 아이세움";""
613;"callor@callor.com";"2019-01-06";"09:14:30";"처음 만나는 ";"처음 만나는 우리 인문학 - 페르소나와 아니마의 갈림길에서 아포리아";""
614;"callor@callor.com";"2019-08-03";"16:38:36";"열여덟을 위한";"열여덟을 위한 철학캠프 알렙";""
615;"callor@callor.com";"2019-07-07";"14:08:04";"그대들, 어떻";"그대들, 어떻게 살 것인가 양철북";""
616;"callor@callor.com";"2019-05-24";"13:18:20";"어린이 인문";"[어린이 인문 시리즈 6]좋은 정치란 어떤 것일까요? 어린이나무생각";""
617;"callor@callor.com";"2019-05-18";"15:32:07";"조금 다른 지";"조금 다른 지구마을 여행 - 나를 바꾸고 세상을 배우는 청춘 예담";""
618;"callor@callor.com";"2019-01-13";"10:17:04";"아빠, 경영학";"아빠, 경영학이 뭐예요? - 아빠가 들려주는 10대를 위한 경영 이야기 예문당";""
619;"callor@callor.com";"2019-09-12";"14:23:06";"우리청소년교";"[우리청소년교양 나이태 6]세상을 바꾼 아름다운 용기 - 아이들의 손으로 살 만한 세상 만들기 우리교육";""
620;"callor@callor.com";"2019-09-15";"15:03:20";"중학생토론학교";"중학생토론학교 교육과 청소년 - 학교와 배움에 대한 일곱 가지 물음 우리학교";""
621;"callor@callor.com";"2019-05-12";"10:31:45";"작은 경제학";"(작은 경제학자를 위한)자본주의 교과서 - 강수돌 선생님과 함께 떠나는 자본주의 역사 여행 웃는돌고래";""
622;"callor@callor.com";"2019-07-24";"15:26:28";"행복한 관찰";"[행복한 관찰 그림책 1]어슬렁어슬렁 동네 관찰기 웅진주니어";""
623;"callor@callor.com";"2019-07-24";"09:53:22";"행복한 관찰";"[행복한 관찰 그림책 2]나의 엉뚱한 머리카락 연구 웅진주니어";""
624;"callor@callor.com";"2019-07-29";"15:00:18";"Mom - 전";"Mom - 전 세계 엄마들의 사생활 윌북";""
625;"callor@callor.com";"2019-03-14";"17:05:41";"이순 청소년";"[이순 청소년 문고 2]공자와 제자들의 유쾌한 교실 이순";""
626;"callor@callor.com";"2019-01-18";"16:00:53";"정여울의 문학";"정여울의 문학 멘토링 - 문학의 비밀을 푸는 18개의 놀라운 열쇠 이순";""
627;"callor@callor.com";"2019-10-24";"09:46:11";"국어선생님, ";"국어선생님, 잠든 우리말을 깨우다 - 국어사전에서 살려낸 우리말 100 작은숲";""
628;"callor@callor.com";"2019-11-29";"14:53:43";"초등학생이 ";"[초등학생이 꼭 만나야 할 민주사회 이야기 8]다양하다는 것 - 우리 엄마의 고향은 필리핀 장수하늘소";""
629;"callor@callor.com";"2019-04-21";"09:42:07";"다 같이 돌";"(다 같이 돌자)직업 한바퀴 주니어김영사";""
630;"callor@callor.com";"2019-07-13";"13:16:13";"인성의 기초";"[인성의 기초를 잡아주는 처음 인문학동화 3]소크라테스 아저씨네 축구단 주니어김영사";""
631;"callor@callor.com";"2019-03-28";"11:39:46";"한눈에 펼쳐";"[한눈에 펼쳐 보는 전통문화 8]자연의 빛깔을 담은 우리 옷과 장신구 주니어RHK";""
632;"callor@callor.com";"2019-06-08";"15:00:52";"한 권으로 ";"(한 권으로 보는)그림 스포츠 백과 진선아이";""
633;"callor@callor.com";"2019-06-08";"13:43:46";"우리 함께 웃";"우리 함께 웃어요! - 아름다운 세상을 위한 행복 나누기 찰리북";""
634;"callor@callor.com";"2019-02-02";"09:46:16";"사회와 친해";"[사회와 친해지는 책 - 문화]우리 자연유산 이야기 - 소중한 우리나라 천연기념물, 문화 편 창비";""
635;"callor@callor.com";"2019-07-08";"13:52:15";"사회와 친해";"[사회와 친해지는 책 - 자연]아파트 옆 작은 논 창비";""
636;"callor@callor.com";"2019-02-28";"15:26:24";"뚝딱뚝딱 인";"[뚝딱뚝딱 인권 짓기 2]우리가 바꿀 수 있어! 책읽는곰";""
637;"callor@callor.com";"2017-12-03";"10:16:57";"우리문화그림";"[우리문화그림책 온고지신 13]김치 특공대 책읽는곰";""
638;"callor@callor.com";"2019-07-21";"10:01:33";"10대를 위";"[10대를 위한 책도둑 시리즈 7]10대와 통하는 미디어 - 손석춘 선생님이 들려주는 나를 찾는 미디어 여행 철수와영희";""
639;"callor@callor.com";"2019-12-23";"09:26:17";"10대를 위";"[10대를 위한 책도둑 시리즈 8]10대와 통하는 성과 사랑 철수와영희";""
640;"callor@callor.com";"2019-04-02";"15:38:56";"길담서원 청";"[길담서원 청소년인문학교실-돈]나에게 돈이란 무엇일까? 철수와영희";""
641;"callor@callor.com";"2019-12-19";"16:56:14";"길담서원 청";"[길담서원 청소년인문학교실-집]나는 어떤 집에 살아야 행복할까? 철수와영희";""
642;"callor@callor.com";"2019-10-18";"17:35:16";"사자성어 한국";"사자성어 한국말로 번역하기-맑고 쉽게 살려 쓰는 한국말 철수와영희";""
643;"callor@callor.com";"2019-03-24";"17:26:14";"내일을 부탁해";"내일을 부탁해 - 스펙도 빽도 없는 청춘을 위한 일 찾기 프로젝트 청어람미디어";""
644;"callor@callor.com";"2019-11-03";"13:46:34";"가로세로그림";"[가로세로그림책 4]시장에 가면 만날 수 있어요 초록개구리";""
645;"callor@callor.com";"2019-12-24";"11:00:15";"가로세로그림";"[가로세로그림책 5]아지의 머나먼 여행 초록개구리";""
646;"callor@callor.com";"2019-10-11";"10:00:18";"더불어 사는";"[더불어 사는 지구 41](어린이 모금가들)좌충우돌 나눔 도전기 초록개구리";""
647;"callor@callor.com";"2019-05-14";"15:24:02";"유엔아동권리";"(유엔아동권리협약으로 알아보는)세계 어린이를 위한 소중한 약속 키다리";""
648;"callor@callor.com";"2019-08-22";"16:49:33";"랩으로 인문학";"랩으로 인문학 하기 탐";""
649;"callor@callor.com";"2019-03-30";"09:30:34";"춤추는 평화 ";"춤추는 평화  탐";""
650;"callor@callor.com";"2019-04-22";"09:33:48";"토토 생각날";"[토토 생각날개 24]세계문화유산 양동마을 - 우리의 전통이 살아 숨 쉬는 곳 토토북";""
651;"callor@callor.com";"2019-12-01";"14:07:54";"토토 우리문";"[토토 우리문화 학교 4]놀자, 노세! 전통 놀이 이야기 토토북";""
652;"callor@callor.com";"2017-11-19";"16:15:39";"세상에서 가장";"세상에서 가장 쉬운 일, 자원봉사 - 봉사하며 꿈을 찾은 하늘이의 나눔 이야기 토토북";""
653;"callor@callor.com";"2019-01-23";"11:36:00";"톡 꼬마 철";"[톡 꼬마 철학자 2]장애란 뭘까? 톡";""
654;"callor@callor.com";"2019-08-08";"13:51:26";"톡 꼬마 철";"[톡 꼬마 철학자 3]삶과 죽음에 대한 커다란 책 톡";""
655;"callor@callor.com";"2019-06-20";"16:49:43";"어린이를 위";"(어린이를 위한)양성평등 이야기 파라주니어";""
656;"callor@callor.com";"2017-11-13";"10:16:11";"마시얼의 27";"마시얼의 27일간 경제탐험 - 소설로 읽는 경제 이야기 파라주니어";""
657;"callor@callor.com";"2019-01-18";"14:44:04";"나도 잘하고 ";"나도 잘하고 싶다구 - 책보다 무거운 어깨를 짊어진 십대들의 진짜 외침 팜파스";""
658;"callor@callor.com";"2019-01-19";"13:39:52";"나란 놈, 너";"나란 놈, 너란 녀석 - 열일곱 살, 친구 관계를 생각하다 팜파스";""
659;"callor@callor.com";"2019-01-24";"12:08:54";"내가 먼저 ";"[내가 먼저 시리즈 4]내가 먼저 조심하는 안전생활 - Safe 푸른날개";""
660;"callor@callor.com";"2019-07-29";"10:50:07";"생각이 자라";"[생각이 자라는 나무 23]경제교과서, 세상에 딴지걸다 푸른숲";""
661;"callor@callor.com";"2019-05-03";"11:46:46";"어린이를 위";"(어린이를 위한)바람의 딸, 우리 땅에 서다 1 푸른숲주니어";""
662;"callor@callor.com";"2019-05-03";"14:47:20";"어린이를 위";"(어린이를 위한)바람의 딸, 우리 땅에 서다 2 푸른숲주니어";""
663;"callor@callor.com";"2019-03-03";"12:59:40";"우리 얼 그";"[우리 얼 그림책 2]안녕, 태극기! 푸른숲주니어";""
664;"callor@callor.com";"2019-04-01";"16:07:16";"장바구니는 왜";"장바구니는 왜 엄마를 울렸을까? 풀빛";""
665;"callor@callor.com";"2019-06-19";"09:24:54";"피노키오에게도";"피노키오에게도 인권이 있을까? - 명작 동화와 함께 읽는 세계인권선언 플러스예감";""
666;"callor@callor.com";"2019-05-24";"12:24:32";"공부하고 놀";"[공부하고 놀자 4]착한 설탕 사 오너라 - 공정무역 세계사 여행 학고재";""
667;"callor@callor.com";"2019-08-03";"09:14:17";"학고재 그림";"[학고재 그림책 2]노자 할아버지 같이 놀아요! 학고재";""
668;"callor@callor.com";"2019-12-22";"14:09:23";"학고재 쇳대";"[학고재 쇳대 3]떡볶이 주세요 - 음식 유래담  학고재";""
669;"callor@callor.com";"2019-02-04";"09:06:23";"열두 살 직";"[열두 살 직업체험 시리즈 ]독수리 오남매, 법률가를 만나다! 한겨레아이들";""
670;"callor@callor.com";"2019-09-14";"14:59:19";"지구마을 리";"[지구마을 리포트 1]아프리카 국경버스 한겨레아이들";""
671;"callor@callor.com";"2019-11-02";"16:05:29";"한국 속 지구";"한국 속 지구마을 리포트 한겨레아이들";""
672;"callor@callor.com";"2019-11-01";"14:01:58";"다문화 백과사";"다문화 백과사전 - 혼자보다 우리가 똑똑하다 한권의책";""
673;"callor@callor.com";"2019-06-28";"14:12:42";"세계 유명 ";"[세계 유명 박물관 여행 시리즈 7]미리 가본 국립민속박물관 한림출판사";""
674;"callor@callor.com";"2019-09-19";"11:00:28";"좌충우돌 선거";"좌충우돌 선거운동 - 아이들의 선거, 어른들의 선거 한림출판사";""
675;"callor@callor.com";"2019-09-13";"11:24:12";"열린 마음 ";"[열린 마음 다문화 10](단야바드 인도) 가네샤 신의 선물 한솔수북";""
676;"callor@callor.com";"2019-03-02";"13:10:33";"열린 마음 ";"[열린 마음 다문화 8](즈드라스트부이쩨 러시아) 마법 인형 마트료시카 한솔수북";""
677;"callor@callor.com";"2019-06-09";"13:21:58";"열린 마음 ";"[열린 마음 다문화 9](너머스떼 네팔) 히말라야 환상 여행 한솔수북";""
678;"callor@callor.com";"2019-06-20";"17:26:58";"철학그리다 ";"[철학그리다 2. 칸트]칸트 교수의 정신없는 하루 함께읽는책";""
679;"callor@callor.com";"2019-04-03";"14:43:43";"공부는 왜하나";"공부는 왜하나? 해그림";""
680;"callor@callor.com";"2019-07-09";"14:07:42";"청소년을 위한";"청소년을 위한 정신 의학 에세이 해냄출판사";""
681;"callor@callor.com";"2019-03-19";"14:55:52";"피어라 우리";"[피어라 우리 문화 3]한식, 우주를 담은 밥상 해와나무";""
682;"callor@callor.com";"2019-08-03";"09:36:40";"세모 지식 ";"[세모 지식 박물관 4]종이는 힘이 세다  현암사";""
683;"callor@callor.com";"2019-03-05";"17:04:46";"인권 지킴이";"[인권 지킴이 1]나는 어린이 병사 - 총을 들고 죽어가는 분쟁지역의 아이들 현암사";""
684;"callor@callor.com";"2019-03-05";"10:55:19";"인권 지킴이";"[인권 지킴이 2]나는 어린이 노동자 - 세계 2억 노동하는 아이들의 이야기 현암사";""
685;"callor@callor.com";"2019-05-02";"12:45:05";"철학에게 미래";"철학에게 미래를 묻다 - 미래를 읽는 22가지 생활 속 화두 휴머니스트";""
